feature	MGYG000000002	MGYG000000003	MGYG000000004	MGYG000000013	MGYG000000022	MGYG000000076	MGYG000000106	MGYG000000215	MGYG000000756	MGYG000001881	MGYG000002323
A K21512	0	0	0	0	0	0	0	0	0	0	1
ABC-SBP K01989	0	0	0	0	0	0	1	0	0	0	0
AKN40_0794	0	0	0	0	0	0	0	0	0	0	1
ATP5A1 K02132	0	0	0	0	0	0	0	0	0	0	1
ArtM K02029 K02030	1	0	0	0	1	1	0	0	0	0	0
B4168_4126 K07493	0	0	0	0	0	0	4	0	0	0	0
BB2227	0	0	1	0	0	0	0	0	0	0	0
BT0173	0	0	0	0	0	0	0	0	0	1	0
BT0174 K04488	0	0	0	0	0	0	0	0	0	1	0
BT4646	0	0	0	0	0	1	0	0	0	0	0
CNX1G K00616 K13168 K15376	0	0	0	0	0	0	0	0	0	0	2
CP_0623 K01153 K09760 K12132	0	0	0	0	0	0	0	0	0	0	1
CP_1117 K18827	0	0	0	0	0	0	0	1	0	0	0
CbpA K05516	1	0	0	0	0	1	0	0	0	0	0
Dcc	0	1	0	0	0	0	0	0	0	0	0
EbsC	0	0	1	0	0	1	0	0	0	0	0
FI K06907	0	0	0	0	0	0	0	0	0	0	1
FII K06908	0	0	0	0	0	0	0	0	0	0	2
FbpA	1	0	1	0	1	1	1	0	0	0	0
FcbC K07107	0	0	0	0	0	1	0	0	0	0	0
GJ11_17070	0	0	0	0	0	0	0	0	0	0	1
GJ12_01675	0	0	0	0	0	0	0	0	0	0	1
GJ12_03320	0	0	0	0	0	0	0	0	0	0	1
GcvP	1	0	0	0	0	1	0	0	0	0	0
GntR	1	0	0	0	0	1	0	0	0	0	0
H	0	0	0	0	0	0	0	0	0	0	1
HIS4 K00817 K01693 K01772 K01814 K11755 K14152	0	0	0	0	0	0	0	0	0	0	2
I	0	0	0	0	0	0	0	0	0	0	1
J	0	0	0	0	0	0	0	0	0	0	1
JD73_00810 K00666	0	0	0	0	0	0	0	0	0	0	2
JD73_00825 K00652	0	0	0	0	0	0	0	0	0	0	1
JD73_00840 K07109	0	0	0	0	0	0	0	0	0	0	1
JD73_00845	0	0	0	0	0	0	0	0	0	0	1
JD73_18735	0	0	0	0	0	0	0	0	0	0	3
JD73_18850 K21511	0	0	0	0	0	0	0	0	0	0	1
JD73_18875	0	0	0	0	0	0	0	0	0	0	1
JD73_18905	0	0	0	0	0	0	0	0	0	0	1
JD73_18910	0	0	0	0	0	0	0	0	0	0	2
JD73_18915	0	0	0	0	0	0	0	0	0	0	1
JD73_20480	0	0	0	0	0	0	0	0	0	0	1
JD73_21370	0	0	0	0	0	0	0	0	0	0	1
K00001	0	0	1	0	0	0	0	0	0	2	0
K00001 K00344	0	0	0	0	0	0	1	0	0	0	0
K00002	1	0	0	0	0	0	0	0	0	0	0
K00003	0	0	0	0	0	0	0	0	0	1	0
K00005	0	0	0	0	0	0	1	0	0	0	0
K00008	2	0	1	0	0	0	0	0	0	0	0
K00008 K00060	0	0	2	0	0	0	0	0	0	0	0
K00009 K00041	0	0	0	0	1	0	0	0	0	0	0
K00010	0	0	1	0	0	0	0	0	0	0	0
K00012	3	1	0	0	0	0	0	0	0	1	1
K00016 K00024	0	0	1	0	0	0	0	0	0	0	0
K00018	2	0	1	0	0	1	1	0	0	0	0
K00018 K00058	0	0	0	0	1	0	0	0	0	0	0
K00020 K19647	0	0	1	0	0	0	0	0	0	0	0
K00024	0	0	0	0	0	0	0	0	0	1	0
K00027	1	0	1	1	1	0	1	0	0	0	0
K00029	0	0	0	0	0	0	0	0	0	1	0
K00030	0	0	1	0	0	0	0	0	0	0	0
K00031	0	0	0	0	0	0	0	0	0	1	0
K00033	0	0	0	0	0	0	1	0	0	0	0
K00034	0	1	0	0	0	0	0	0	0	0	0
K00040	1	0	0	0	1	2	0	0	0	0	0
K00041	0	0	0	0	0	1	0	0	0	0	0
K00046	0	0	0	0	2	1	0	0	0	0	0
K00053	0	0	0	0	0	0	0	0	0	1	0
K00058	0	1	2	0	0	0	1	1	0	1	1
K00059	0	0	0	0	0	1	0	0	1	1	0
K00065	0	0	0	0	0	0	0	0	1	0	0
K00067	0	0	0	0	1	0	0	0	0	1	0
K00074	0	0	0	0	0	0	0	0	2	0	0
K00077	1	0	1	0	3	0	0	0	1	1	0
K00088	0	0	0	0	0	0	0	0	0	1	0
K00091	0	0	0	0	2	0	0	0	0	0	0
K00096	0	1	0	0	0	0	0	0	0	0	0
K00097	0	0	0	0	0	0	0	0	0	1	0
K00104	0	0	0	0	0	0	0	0	0	1	0
K00111	0	0	0	0	0	1	0	0	0	0	0
K00123	0	0	0	0	0	1	0	0	0	0	0
K00124 K07307	0	0	1	0	0	0	0	0	0	0	0
K00127	0	0	1	0	0	0	0	0	0	0	0
K00134	0	0	0	0	0	0	0	0	0	1	0
K00158	0	0	0	0	0	0	1	0	0	0	0
K00161	0	0	0	0	0	0	0	0	0	1	0
K00162	0	0	0	0	0	0	0	0	0	1	0
K00164	0	0	0	0	0	0	0	0	0	1	0
K00169	0	0	1	0	0	0	0	0	0	0	0
K00169 K00170	0	0	0	0	0	1	0	0	0	0	0
K00170	0	0	1	0	0	0	0	0	0	0	0
K00171	0	0	1	0	0	0	0	0	0	0	0
K00172	0	0	1	0	0	1	0	0	0	0	0
K00175	0	0	1	0	0	0	0	0	0	0	0
K00176	0	0	1	0	0	0	0	0	0	0	0
K00176 K07138	0	0	0	0	0	0	0	0	0	1	0
K00177	0	0	1	0	0	0	0	0	0	0	0
K00184	0	0	0	0	0	0	0	0	0	1	0
K00185	0	0	0	0	0	0	0	0	0	2	0
K00208	0	0	0	0	0	0	0	0	0	1	0
K00228	0	0	0	0	0	0	0	0	0	0	1
K00239	0	0	0	0	0	0	0	0	0	1	0
K00239 K00244	0	0	0	0	1	0	0	0	0	0	0
K00239 K00244 K17363	1	0	0	0	0	0	0	0	0	0	0
K00240	0	0	1	0	0	0	0	0	0	1	0
K00241	0	0	0	0	0	0	0	0	0	1	0
K00244 K19784	0	0	0	0	0	0	1	0	0	0	0
K00244 K19784 K22394	0	0	0	0	0	0	1	0	0	0	0
K00262	0	0	0	0	0	0	0	0	0	1	0
K00265	0	0	0	0	0	0	0	0	0	1	0
K00266	0	0	0	0	1	0	0	0	0	0	0
K00278	0	0	0	0	0	0	0	0	0	1	0
K00285	0	0	0	0	0	0	0	0	0	0	1
K00287	0	0	0	0	0	0	0	0	0	1	0
K00290	0	0	0	0	0	0	0	0	0	1	0
K00297	0	0	0	0	0	0	0	0	0	1	0
K00297 K00547	0	0	1	0	1	0	0	0	0	0	0
K00323	0	0	0	0	0	0	0	0	0	0	1
K00334	1	0	0	0	0	0	0	0	0	0	0
K00335	1	0	0	0	0	0	0	0	0	1	0
K00336	0	0	0	0	0	0	0	0	0	1	0
K00336 K18332	1	0	1	0	0	0	0	0	0	0	0
K00339	0	0	0	0	0	0	0	0	0	1	0
K00341	0	0	0	0	0	0	0	0	0	1	0
K00342	0	0	0	0	0	0	0	0	0	1	0
K00375	1	0	0	0	1	1	0	0	0	0	0
K00380	0	0	0	0	0	0	0	0	0	2	0
K00381	0	0	0	0	0	0	0	0	0	1	0
K00382	0	0	1	0	0	0	0	0	0	2	0
K00384	1	0	0	0	1	0	0	0	1	1	0
K00390	0	0	0	0	0	1	0	0	0	1	0
K00425	0	0	0	0	0	0	0	0	0	2	0
K00428	0	0	0	0	0	0	0	0	0	1	0
K00432	0	0	0	0	0	1	0	0	0	0	0
K00491 K21572	0	1	0	0	0	0	0	0	0	0	0
K00508	0	0	0	0	0	0	0	0	0	0	1
K00525	0	0	0	0	0	0	0	0	0	1	0
K00533	0	0	1	0	0	1	0	0	0	0	0
K00537	0	0	0	1	0	0	0	0	0	1	0
K00548	1	0	2	0	0	0	0	0	0	2	0
K00549	0	0	0	0	0	0	0	0	2	0	0
K00558	3	0	2	0	0	2	1	1	0	1	0
K00558 K01155	0	0	1	0	0	0	0	0	0	0	0
K00560	0	0	0	0	0	0	0	0	0	1	0
K00561	0	0	0	0	0	0	0	1	0	0	0
K00563	0	0	0	0	1	0	0	0	0	0	0
K00567	1	0	1	0	0	0	0	0	0	1	0
K00568	0	1	0	0	0	0	0	0	0	0	0
K00571	1	1	0	2	0	0	0	1	0	2	0
K00590	0	0	0	0	1	0	0	0	0	0	0
K00602	0	0	0	0	0	0	0	0	0	1	0
K00615	6	0	5	0	0	0	0	0	0	1	0
K00616	1	0	0	0	0	0	0	0	0	0	0
K00625	0	0	0	0	0	0	0	0	0	1	0
K00625 K00634	0	0	0	1	0	0	0	0	0	0	0
K00627	0	0	0	0	0	0	0	0	0	2	0
K00633 K00661	0	0	0	0	0	0	0	0	2	0	0
K00634	0	0	1	0	0	0	0	0	0	0	0
K00634 K07729	0	1	0	0	0	0	0	0	0	0	0
K00639	0	1	0	0	0	0	0	0	0	0	0
K00640	0	0	1	1	0	0	0	0	0	1	0
K00641	0	0	0	0	0	0	0	0	0	2	0
K00645	0	0	0	0	0	0	0	0	0	1	0
K00648	0	0	0	0	0	0	0	0	0	0	1
K00652	0	0	0	0	0	0	0	0	0	1	0
K00655	1	0	0	0	0	1	0	0	0	1	0
K00656	0	0	0	1	0	0	0	0	0	1	0
K00656 K20038	1	0	0	0	0	0	0	0	0	0	0
K00657	0	0	0	0	1	0	2	0	0	0	0
K00658	0	0	0	0	0	0	0	0	0	1	0
K00661	2	1	1	2	0	0	0	0	0	1	0
K00666	0	0	1	1	0	0	0	0	0	0	0
K00674	0	0	0	1	0	0	0	0	0	0	0
K00683	0	1	0	0	0	0	0	0	0	0	0
K00688	0	0	0	0	0	0	0	0	0	1	0
K00690 K21350	0	0	0	0	0	1	0	0	0	0	0
K00691	0	2	0	0	0	0	0	0	0	0	0
K00691 K04844 K10231	0	0	0	0	0	1	0	0	0	0	0
K00693	0	0	0	1	0	0	0	1	0	0	0
K00700	0	0	0	0	0	0	0	0	0	1	0
K00702	1	0	0	0	1	1	0	0	0	0	0
K00703	0	0	0	0	0	1	0	0	0	0	0
K00705	0	0	1	0	2	0	0	0	0	1	0
K00721	1	0	0	1	0	0	0	0	0	0	0
K00721 K00786	0	0	0	0	0	0	0	0	0	0	1
K00728	0	0	1	0	0	0	0	0	0	0	0
K00748	0	0	0	0	0	0	0	0	0	1	0
K00754	0	0	0	0	0	0	0	1	0	0	0
K00759	0	0	0	0	1	0	0	0	0	0	0
K00760	0	0	0	0	0	0	0	0	0	1	0
K00762	0	0	1	0	1	0	0	0	0	0	0
K00764	0	0	0	0	0	0	0	0	0	2	0
K00767	0	0	0	0	0	0	0	0	0	2	0
K00783	0	0	0	0	0	0	0	0	0	1	0
K00786	0	0	0	1	0	2	0	2	0	0	0
K00788	0	0	0	0	0	0	0	0	0	1	0
K00790	0	0	0	0	0	0	0	0	0	1	0
K00793	0	0	0	0	0	0	0	0	0	1	0
K00796	0	0	0	0	0	0	0	0	0	1	0
K00798	1	0	0	0	0	0	0	0	0	0	0
K00801	0	0	0	0	0	0	0	0	0	1	0
K00805	2	0	1	0	1	0	0	0	0	0	0
K00806	0	0	0	0	0	0	0	0	0	1	0
K00812	0	0	0	0	0	0	0	0	0	1	0
K00812 K08969 K10206 K14260 K14261	0	0	0	0	0	0	0	0	1	0	0
K00817	0	0	0	1	0	0	0	0	0	2	0
K00821	0	0	0	0	0	0	0	0	0	1	0
K00826	0	0	0	0	0	0	0	0	0	1	0
K00830	1	0	0	0	0	1	0	0	0	0	0
K00833	0	0	0	0	0	0	0	0	0	1	0
K00835	0	0	0	0	0	0	0	0	0	1	0
K00844	0	0	0	1	0	0	0	0	0	0	0
K00845	0	4	1	3	2	1	1	0	2	2	0
K00847	3	0	2	1	1	1	2	1	1	1	0
K00849	0	0	0	0	0	0	0	0	0	1	0
K00850	0	0	0	0	0	0	0	0	0	1	0
K00851	0	0	0	0	0	0	1	0	0	0	0
K00852	0	0	0	0	0	0	0	0	0	0	2
K00852 K00856 K10710 K22026	0	0	1	0	0	0	0	0	0	0	0
K00852 K16328	2	0	0	0	0	0	0	0	0	0	0
K00854	2	0	1	0	0	0	0	0	0	0	0
K00854 K00864	0	0	1	0	0	0	0	0	0	0	0
K00860	0	0	1	0	0	0	0	0	0	0	0
K00864	1	0	0	0	0	0	0	0	0	0	0
K00865	0	0	0	0	0	0	1	0	0	0	0
K00868	1	0	2	0	2	0	0	0	0	0	0
K00873	0	0	1	0	1	0	0	0	0	1	0
K00874	2	1	0	0	2	2	1	0	0	0	0
K00876	0	0	1	0	1	0	0	0	0	0	0
K00877 K00941 K02320 K08267 K12823	0	0	0	0	0	0	0	0	0	0	1
K00879	0	0	0	0	0	0	0	0	0	1	0
K00880	0	0	2	0	0	0	0	0	1	0	0
K00926	0	0	0	0	0	0	2	0	0	0	0
K00927	0	0	0	0	0	0	0	0	0	0	1
K00928	0	0	1	1	0	0	0	0	0	1	0
K00929	0	0	1	0	0	0	0	0	0	0	0
K00937	0	0	0	0	0	0	0	0	0	1	0
K00940	0	0	0	0	0	0	0	0	0	1	0
K00941	0	0	0	0	0	0	0	0	0	1	0
K00943	0	0	0	0	0	0	0	1	0	0	0
K00945	1	0	1	0	0	1	0	0	0	1	0
K00946	0	1	0	0	0	0	0	0	0	0	0
K00949	0	0	1	0	0	0	0	0	1	0	0
K00955	0	0	0	0	0	0	0	0	0	1	0
K00957	0	0	0	0	0	0	0	0	0	1	0
K00963	0	0	0	0	0	0	0	0	0	3	0
K00966	0	0	0	0	0	0	0	0	0	2	0
K00966 K16881	0	0	1	0	0	0	0	0	0	0	0
K00968	0	0	0	0	0	0	0	0	0	1	0
K00970	0	0	0	0	0	0	0	0	0	1	0
K00971	0	0	0	0	0	1	0	0	0	1	0
K00972	0	0	0	0	0	1	0	0	0	0	0
K00973	0	0	0	0	0	0	0	0	0	1	0
K00979	0	0	0	0	0	0	0	0	0	0	1
K00981	0	0	0	0	0	0	0	0	0	1	0
K00983	0	0	1	0	0	0	0	0	0	0	0
K00986	1	0	0	3	0	0	0	1	0	0	0
K00991	0	0	0	0	0	1	0	0	0	1	0
K00995	0	0	0	0	0	0	0	0	0	1	0
K00996	1	0	0	0	0	1	0	0	0	0	0
K01006	0	0	0	0	0	0	0	0	0	1	0
K01007	0	0	1	0	0	0	0	0	0	0	0
K01007 K08483	0	0	1	0	0	0	0	0	0	0	0
K01012	0	0	0	0	0	0	0	0	0	1	0
K01023	3	0	0	0	0	0	0	0	1	0	0
K01027	0	0	0	0	0	0	0	0	0	0	2
K01048	1	0	0	0	0	0	0	0	0	0	0
K01051	0	2	0	2	1	1	0	0	0	0	0
K01056	0	0	0	0	0	0	0	0	0	1	0
K01066	0	0	0	0	1	0	0	0	0	0	0
K01070	0	1	0	1	0	0	0	0	0	0	0
K01071	1	1	1	1	1	1	0	1	0	0	0
K01077	0	0	0	1	0	0	0	0	0	1	0
K01081	0	0	0	0	0	0	0	0	0	1	0
K01081 K11751	0	0	0	1	0	0	0	1	0	0	0
K01091	2	0	2	2	1	2	0	2	0	3	0
K01092	1	1	1	0	0	1	0	0	1	1	0
K01095	0	0	0	0	0	0	0	1	0	0	0
K01101	0	0	0	0	0	0	0	1	0	0	0
K01104	1	0	0	1	1	1	1	0	0	2	0
K01119	0	0	2	0	0	1	0	0	0	0	0
K01119 K11751	0	0	0	0	1	0	0	0	0	0	0
K01120 K03651	0	0	0	0	0	0	1	0	0	0	0
K01126	0	6	0	5	1	1	1	0	0	0	0
K01128	0	0	0	0	0	0	0	0	0	1	0
K01129	0	0	0	0	0	0	0	0	0	1	0
K01130	0	2	0	11	0	0	0	1	0	1	0
K01133	0	1	0	1	0	0	0	0	0	0	0
K01138	0	0	0	0	0	0	0	0	0	1	0
K01142	0	0	0	0	0	0	0	0	0	1	0
K01153	0	0	2	1	2	0	0	3	0	0	0
K01154	2	2	3	3	3	0	1	6	1	0	0
K01154 K07317	0	0	0	0	0	0	0	2	0	0	0
K01155	0	0	0	0	0	0	0	0	1	0	0
K01156	0	0	1	0	1	0	0	0	0	0	0
K01163	0	1	1	1	0	0	0	1	0	0	0
K01173	0	2	0	2	0	0	0	2	0	0	0
K01176	0	0	0	0	0	1	0	0	0	1	0
K01176 K01182	0	0	0	0	0	1	0	0	0	0	0
K01176 K01200	0	0	0	0	0	0	0	0	1	0	0
K01178	0	0	0	2	0	0	0	0	0	0	0
K01179	1	2	1	1	0	1	0	0	0	0	0
K01179 K01181	0	0	0	0	0	1	0	0	0	0	0
K01179 K01183	0	0	0	1	0	0	0	0	0	0	0
K01179 K01210	0	0	0	0	0	0	0	0	3	0	0
K01181	0	0	0	0	0	1	0	0	1	0	0
K01182	0	0	0	0	0	0	0	0	2	0	0
K01183	0	0	0	2	0	0	0	0	1	0	0
K01185	0	0	0	0	0	0	0	0	0	0	1
K01186	0	0	0	0	0	0	0	2	0	2	0
K01187	1	2	0	10	3	1	0	0	1	2	0
K01187 K05341 K05343	0	0	0	0	0	0	0	0	1	0	0
K01187 K21574	0	0	0	0	0	0	0	2	0	0	0
K01190	1	7	0	12	1	1	0	4	1	5	0
K01190 K01195	0	0	0	0	0	1	0	0	0	0	0
K01190 K01195 K12111	0	0	0	0	0	0	1	0	0	0	0
K01190 K12308	0	0	0	0	0	0	0	0	0	1	0
K01191	0	0	0	1	0	2	2	0	0	0	0
K01191 K16869	0	0	0	0	0	0	1	0	0	0	0
K01192	2	2	0	2	0	1	0	0	1	0	0
K01193	2	0	0	1	1	1	1	0	0	0	0
K01195	0	1	0	1	1	0	0	0	0	0	0
K01197	0	0	0	0	0	0	0	4	0	0	0
K01198	0	0	0	0	0	3	0	0	2	0	0
K01198 K01209	2	0	0	1	0	3	0	0	1	0	0
K01200	0	0	0	0	0	1	1	0	0	0	0
K01201	0	1	0	1	0	0	1	0	0	0	0
K01205	0	0	0	7	0	0	0	0	0	1	0
K01206	3	1	0	7	0	1	3	4	1	4	0
K01207	0	0	1	0	0	2	0	0	1	1	0
K01207 K05349	0	0	0	0	1	0	1	0	0	0	0
K01207 K12373	0	0	0	0	0	0	0	0	0	1	0
K01208	0	0	0	0	0	2	0	0	0	0	0
K01208 K11991	1	0	0	0	1	0	0	0	0	0	0
K01209	1	0	0	2	0	1	1	0	1	0	0
K01214	1	0	0	0	0	1	0	0	0	0	0
K01215	0	0	0	0	0	0	1	0	0	0	0
K01218	0	1	0	0	0	3	0	0	0	0	0
K01223	0	0	0	0	2	0	6	0	0	0	0
K01223 K05350	0	0	0	0	0	0	2	0	0	0	0
K01224	0	0	0	0	0	3	0	1	0	0	0
K01226	0	0	0	0	0	0	1	0	0	0	0
K01232	0	0	0	0	0	0	1	0	0	0	0
K01239	0	0	1	0	0	0	0	0	0	0	0
K01243	0	0	0	0	0	1	0	0	0	0	0
K01246	0	0	0	0	0	0	0	0	0	1	0
K01251	0	0	0	0	0	0	0	0	0	1	0
K01258	0	0	0	0	0	0	1	0	0	0	0
K01262	0	0	1	1	0	0	1	1	0	1	0
K01262 K01271	1	0	0	0	0	0	0	0	0	0	0
K01267	0	0	0	0	0	1	0	0	0	0	0
K01273	0	0	1	0	1	1	0	0	0	0	0
K01273 K01274	0	0	0	0	0	0	0	1	0	0	0
K01277	0	1	0	1	0	0	0	1	0	0	0
K01284	0	1	0	0	0	0	0	0	0	0	0
K01286 K07258	2	1	2	0	1	1	0	0	0	0	0
K01295	0	0	1	0	0	0	0	0	0	0	0
K01297	1	0	0	0	0	0	0	0	0	0	0
K01299	0	0	0	0	1	1	0	0	0	0	0
K01308	0	0	1	0	0	1	0	0	0	0	0
K01338	1	0	0	0	1	0	0	1	0	0	0
K01347 K15125	0	0	0	1	0	0	0	0	0	0	0
K01355	0	0	0	0	0	0	0	0	0	0	1
K01356	1	0	4	0	4	0	1	0	0	0	0
K01358	0	0	1	0	1	0	0	0	0	1	0
K01372	0	0	0	1	0	0	0	1	2	0	0
K01414	0	0	0	0	0	0	0	0	0	2	0
K01420	1	0	1	0	0	0	0	0	0	0	0
K01421	1	0	1	0	1	1	0	0	3	0	0
K01425	0	0	0	0	0	0	0	0	0	1	0
K01436	1	0	0	0	0	0	0	0	0	0	0
K01436 K21613	0	0	0	0	0	1	0	0	0	0	0
K01439	1	0	1	0	2	0	0	0	0	0	0
K01442	0	1	0	2	1	1	0	0	0	0	0
K01443	0	0	0	4	0	0	0	2	0	1	0
K01447	1	0	0	5	0	1	0	1	0	3	0
K01447 K07273	0	0	0	0	0	0	1	0	0	0	0
K01448	0	0	3	2	0	3	0	1	0	1	0
K01449	1	0	2	0	1	1	0	0	0	0	0
K01451	0	0	0	0	0	0	0	0	0	0	1
K01457	0	0	0	0	0	1	0	0	0	0	0
K01462	0	0	0	0	0	0	0	0	0	2	0
K01464	0	0	0	0	0	0	0	0	0	0	2
K01465	0	0	0	0	0	0	0	0	0	2	2
K01470	0	0	2	0	0	0	0	0	1	0	0
K01480	1	0	0	0	0	0	0	0	0	0	0
K01483	0	0	1	0	0	0	0	0	0	0	0
K01488	0	0	0	0	0	0	1	0	0	0	0
K01493	0	0	0	0	1	0	0	0	0	1	0
K01515	1	1	0	1	0	0	1	0	0	0	0
K01524	0	0	0	0	0	0	0	0	0	1	0
K01533 K17686	0	0	0	0	0	0	0	0	2	0	0
K01537	0	2	3	0	1	2	2	1	0	1	0
K01560	0	0	1	0	0	0	0	0	0	0	0
K01560 K07025	0	0	0	0	1	0	0	0	1	0	0
K01571	0	0	0	0	0	0	0	0	0	1	0
K01571 K01960	0	1	0	0	0	0	0	0	0	0	0
K01572	1	0	1	1	1	0	0	0	0	1	0
K01573	0	0	0	1	0	0	0	0	0	0	0
K01580	0	0	0	0	0	0	0	0	0	1	0
K01582 K01583 K01585	0	0	1	0	1	0	0	0	0	0	0
K01585	0	0	0	0	0	0	0	0	0	1	0
K01586	0	0	0	0	0	0	0	0	0	1	0
K01588	0	0	0	0	0	0	0	0	0	1	0
K01591	0	0	0	0	0	0	0	0	0	1	0
K01598	0	0	0	0	0	0	0	0	0	1	0
K01607	0	1	0	1	0	0	0	3	2	1	0
K01609	0	0	0	0	0	0	0	0	0	2	0
K01613	0	0	0	0	0	0	0	0	0	1	0
K01624	1	0	0	0	0	0	1	0	0	1	0
K01625	0	0	3	0	0	0	1	0	0	0	0
K01626	0	0	0	0	0	1	0	0	0	1	0
K01627	0	0	0	0	0	0	0	0	0	1	0
K01628	1	0	0	0	0	0	0	0	0	0	0
K01628 K11216	1	0	1	0	0	0	0	0	0	0	0
K01630 K12660	0	0	1	0	0	0	0	0	0	0	0
K01639	0	0	0	0	0	0	0	0	0	1	0
K01647	0	0	1	0	0	4	0	0	0	1	0
K01649	0	0	0	0	0	0	0	0	0	4	0
K01649 K02594	0	0	1	0	0	0	0	0	0	0	0
K01652	1	0	0	0	0	1	0	0	0	1	0
K01653	0	0	0	0	0	1	0	0	0	1	0
K01657	0	0	0	0	0	0	0	0	0	1	0
K01662	0	0	0	0	0	0	1	0	0	0	0
K01667	0	0	1	0	0	0	0	0	0	1	0
K01676	0	0	0	0	0	0	0	0	0	1	0
K01681	0	0	0	0	0	0	0	0	0	1	0
K01683 K01684	0	0	5	0	1	0	0	0	0	0	0
K01687	0	0	0	0	0	1	0	0	0	1	0
K01689	0	0	0	0	0	0	0	0	0	1	0
K01695	0	0	1	0	0	0	0	0	0	0	0
K01696	0	0	0	0	0	0	0	0	0	1	0
K01698	0	0	0	0	0	0	0	0	0	1	0
K01703	0	0	1	0	0	0	0	0	0	2	0
K01704	0	0	1	0	0	0	0	0	0	0	0
K01708	0	0	0	0	0	0	1	0	0	0	0
K01710	0	0	0	0	0	0	0	0	0	1	0
K01711	0	0	0	0	0	0	0	0	0	1	0
K01714	0	2	1	0	0	0	2	0	0	0	0
K01735	0	0	0	0	0	0	0	0	0	1	0
K01737	0	0	0	0	0	0	0	0	0	1	0
K01738	0	0	0	0	0	0	0	0	0	2	0
K01739	0	0	1	0	0	0	0	0	0	0	0
K01740	0	0	1	1	0	0	0	2	2	1	0
K01750	0	1	0	0	0	0	0	0	0	0	0
K01752	0	0	1	0	0	0	0	0	0	1	0
K01754	0	0	0	0	0	0	0	0	0	1	0
K01756	0	0	0	0	0	0	0	0	0	1	0
K01759	2	0	2	0	0	0	1	0	0	0	0
K01771	0	0	0	1	0	0	0	0	0	0	0
K01775	0	0	0	0	0	0	0	0	0	2	0
K01775 K02529	1	0	0	0	0	1	0	0	0	0	0
K01783	0	0	1	0	0	0	0	0	0	0	0
K01784	0	0	0	1	0	1	0	1	1	2	0
K01784 K02473 K08678	0	1	0	0	0	0	0	0	0	0	0
K01784 K17947	0	0	0	0	0	0	1	0	0	0	0
K01784 K21009	1	0	0	0	0	1	0	0	0	0	0
K01785	0	2	1	2	1	1	0	0	1	1	0
K01787	0	0	0	0	0	0	0	0	0	1	0
K01790	0	0	0	0	0	1	0	0	0	0	0
K01791	1	0	0	2	0	0	0	0	0	0	0
K01792	0	0	0	0	0	0	0	0	1	1	0
K01799	0	0	1	0	0	0	0	0	0	0	0
K01802	1	0	0	0	0	0	0	0	1	0	0
K01802 K03768	0	0	1	1	0	0	0	1	0	0	0
K01802 K03772	0	1	0	0	0	0	0	0	0	0	0
K01802 K03773	0	0	0	1	0	0	0	0	0	0	0
K01803	0	0	0	0	0	0	1	0	0	0	0
K01803 K21910	1	0	1	0	0	0	0	0	0	0	0
K01808	2	0	1	0	0	0	0	0	0	0	0
K01809	0	0	0	0	0	0	0	0	0	1	0
K01811	1	1	0	4	0	3	0	1	0	0	0
K01814	0	0	0	0	0	0	0	0	0	2	0
K01834	0	0	0	0	1	1	1	0	0	0	0
K01835	0	0	1	0	0	0	0	0	0	1	0
K01835 K01840	0	0	0	0	0	1	1	0	0	0	0
K01841	1	0	0	0	0	0	0	0	0	0	0
K01843	1	0	0	0	0	0	0	0	0	0	0
K01847	0	0	0	0	0	0	0	0	0	2	0
K01858	0	0	1	0	0	0	0	0	0	0	0
K01866	0	0	0	0	0	0	0	0	0	1	0
K01867	0	0	0	0	0	0	0	0	0	1	1
K01874	0	0	0	0	0	0	0	0	0	2	0
K01875	0	0	0	0	0	0	0	0	0	2	0
K01880	0	0	0	0	0	0	0	0	0	1	0
K01892	0	0	0	0	0	0	0	0	0	1	0
K01894	0	0	0	0	0	0	0	0	0	1	0
K01895	0	0	2	0	0	0	0	0	0	0	0
K01897	1	3	0	2	3	0	0	1	0	0	0
K01899	0	0	0	0	0	0	0	0	0	0	2
K01911	0	0	0	0	0	0	0	0	0	1	0
K01912	0	0	1	1	0	0	0	0	0	0	0
K01915	0	0	1	0	1	0	0	0	0	0	0
K01921	1	0	0	0	0	1	0	0	0	1	0
K01923	0	0	0	0	0	0	0	0	0	1	0
K01929	0	0	0	0	0	0	0	0	0	2	0
K01934	0	0	0	0	0	0	0	0	0	1	0
K01935	0	0	0	0	0	0	0	0	0	1	0
K01941	0	0	0	0	0	1	0	0	0	0	0
K01950	0	0	0	0	0	0	0	0	0	1	0
K01951	0	0	0	1	0	0	0	0	1	1	0
K01952	0	0	0	0	0	0	0	0	0	1	0
K01953	0	0	0	0	0	1	0	0	0	0	0
K01955	0	0	0	0	0	0	0	0	0	1	0
K01960	0	0	0	3	0	0	0	1	0	0	0
K01961 K01965	0	0	0	1	0	0	0	0	0	0	0
K01966	0	0	0	2	0	0	0	0	0	1	0
K01972	0	0	0	0	0	0	0	0	0	1	0
K01989	2	0	0	0	2	2	0	0	0	0	0
K01990	6	1	3	3	5	7	6	1	2	5	0
K01990 K02003 K02068 K05685	0	0	0	0	0	0	0	1	0	0	0
K01990 K09691	0	0	0	0	0	1	0	0	0	0	0
K01990 K09691 K09693	1	0	0	0	0	1	0	0	0	0	0
K01990 K16921	0	0	0	0	0	0	1	0	0	0	0
K01990 K19309	1	0	0	0	1	0	0	0	0	0	0
K01990 K19340	0	1	0	1	1	0	0	0	0	0	0
K01990 K20459	1	0	0	0	0	1	0	0	0	0	0
K01990 K20490	1	0	0	0	0	1	0	0	0	0	0
K01991	0	1	0	5	0	0	0	1	0	1	0
K01992	10	2	2	8	3	3	6	2	2	2	0
K01992 K09690	0	0	0	0	0	1	0	0	0	0	0
K01992 K19310	0	0	0	0	2	0	0	0	0	0	0
K01993	0	1	0	3	0	0	0	0	0	0	0
K01995	0	0	4	0	0	0	0	0	0	0	0
K01996	0	0	2	0	0	0	0	0	0	0	0
K01997	0	0	3	0	0	0	0	0	1	0	0
K01997 K01998 K11961	0	0	1	0	0	0	0	0	0	0	0
K01998	0	0	0	0	0	0	0	0	2	0	0
K01998 K11961	0	0	1	0	0	0	0	0	0	0	0
K01999	0	0	4	0	0	0	0	0	1	0	0
K02003	12	0	2	4	5	11	4	3	5	2	0
K02003 K02004	1	0	0	0	1	0	1	0	2	0	0
K02004	10	0	0	8	4	13	4	4	11	1	0
K02005	1	0	1	3	2	2	0	5	0	2	0
K02010	0	1	0	0	0	0	1	0	0	0	0
K02013	1	2	1	2	1	1	0	0	0	1	0
K02013 K09820	0	0	2	0	0	0	0	0	0	0	0
K02014	0	8	0	7	0	0	0	3	0	3	1
K02015	1	0	5	1	4	1	0	1	0	0	1
K02016	2	3	4	3	3	1	2	1	0	0	2
K02019	0	0	1	0	0	0	0	0	0	0	0
K02020	0	0	0	0	0	0	0	0	0	0	1
K02022	0	0	0	0	0	0	0	0	0	1	0
K02022 K11003 K12542	0	0	0	0	0	0	0	0	0	0	1
K02025	5	0	1	0	2	5	7	0	4	0	0
K02025 K10118	0	0	0	0	0	0	0	0	3	0	0
K02025 K10189	1	0	0	0	0	1	0	0	1	0	0
K02025 K10189 K10241	0	0	0	0	0	1	0	0	0	0	0
K02025 K10193	0	0	0	0	1	0	0	0	0	0	0
K02025 K17242	1	0	0	0	0	0	1	0	0	0	0
K02026	2	0	1	0	1	5	6	0	6	0	0
K02026 K10119	0	0	0	0	0	0	0	0	3	0	0
K02026 K10119 K17243	0	0	0	0	0	0	0	0	1	0	0
K02026 K10242	1	0	0	0	0	0	1	0	0	0	0
K02026 K17317	0	0	0	0	0	0	1	0	0	0	0
K02026 K17320	0	0	0	0	0	2	0	0	0	0	0
K02027	4	0	2	0	4	1	6	0	6	0	0
K02027 K05813	1	0	0	0	0	0	0	0	0	0	0
K02027 K10117	1	0	0	0	0	0	0	0	1	0	0
K02027 K10188	0	0	0	0	0	1	0	0	0	0	0
K02027 K10192	0	0	0	0	1	0	0	0	0	0	0
K02027 K17318	0	0	0	0	0	1	0	0	0	0	0
K02028	1	0	1	0	0	0	0	0	0	0	0
K02028 K02029	0	0	0	0	0	0	0	0	1	0	0
K02028 K02068	0	0	0	1	0	0	0	0	0	0	0
K02028 K07032	0	0	0	0	0	0	1	0	0	0	0
K02029	2	0	0	0	1	0	0	0	0	0	0
K02029 K02030	0	0	2	0	0	0	0	0	0	0	0
K02029 K02030 K10009	0	0	1	0	0	0	0	0	0	0	0
K02029 K17073 K17074	1	0	0	0	0	0	0	0	0	0	0
K02030	2	0	0	0	0	0	0	0	0	0	0
K02030 K02424	1	0	0	0	0	0	0	0	0	0	0
K02031	1	0	4	0	1	1	0	0	1	0	0
K02031 K02032	0	0	0	0	0	0	0	0	3	0	0
K02031 K15583	1	0	1	0	0	0	1	0	0	0	0
K02031 K15587	0	0	1	0	2	0	0	0	0	0	0
K02032	1	0	0	0	0	0	1	0	1	0	0
K02032 K10823	1	0	1	0	0	1	0	0	0	0	0
K02033	4	0	4	0	1	1	1	0	1	0	0
K02033 K15581	0	0	0	0	1	0	0	0	0	0	0
K02034	3	0	2	0	1	2	1	0	1	0	0
K02034 K13891	0	0	1	0	0	0	0	0	0	0	0
K02034 K15582	1	0	1	0	0	0	0	0	0	0	0
K02034 K15586	1	0	0	0	0	0	0	0	0	0	0
K02035	5	0	2	0	3	1	1	0	4	0	0
K02035 K13889	0	0	1	0	0	0	0	0	0	0	0
K02035 K15580	0	0	1	0	2	0	0	0	0	2	0
K02035 K15584	0	0	1	0	0	1	0	0	0	0	0
K02040	1	0	0	1	1	0	0	1	0	0	1
K02042	0	0	0	0	0	0	2	0	0	0	0
K02044	0	0	0	0	0	0	1	0	0	0	0
K02049	2	0	0	0	1	0	0	0	0	2	0
K02049 K15555	1	0	0	0	0	1	0	0	0	0	0
K02049 K15600	0	0	1	0	0	0	0	0	0	0	0
K02050	1	0	0	0	0	1	1	0	0	2	0
K02050 K15552	0	0	0	0	0	1	0	0	0	0	0
K02050 K15552 K15554	1	0	0	0	0	0	0	0	0	0	0
K02051	2	0	1	2	1	3	1	1	0	2	0
K02056	4	0	7	0	1	1	0	0	1	0	0
K02057	6	0	12	0	2	1	0	0	0	0	0
K02057 K10440	1	0	0	0	0	0	0	0	0	0	0
K02057 K10440 K10560	1	0	0	0	0	0	0	0	0	0	0
K02057 K10544	0	0	1	0	0	0	0	0	0	0	0
K02058	3	0	1	0	0	2	1	0	0	0	0
K02065	0	0	0	0	0	0	0	0	0	1	0
K02066	0	0	0	0	0	0	0	0	0	1	0
K02067	0	1	0	1	0	0	0	1	0	1	0
K02068	0	0	0	0	0	0	0	0	1	0	0
K02069	0	0	0	1	0	0	0	0	1	0	0
K02071	0	0	0	0	0	0	1	0	0	0	0
K02072	0	0	1	0	0	0	0	0	1	0	0
K02073	0	0	0	0	0	0	2	0	1	0	0
K02074	0	0	0	0	0	0	0	0	1	0	0
K02077	0	0	0	0	0	0	0	0	2	2	0
K02078	0	0	0	0	1	0	0	0	0	0	0
K02081	0	1	1	0	0	0	0	0	0	0	0
K02083	0	0	1	0	0	0	0	0	0	0	0
K02103	1	0	0	0	0	0	0	0	0	0	0
K02107	0	0	0	0	0	0	1	0	0	0	0
K02108	0	0	0	0	0	0	0	0	0	2	0
K02109	0	0	0	0	1	0	0	0	0	0	0
K02113	0	0	0	0	0	0	0	0	0	1	0
K02114	0	0	0	0	1	0	0	0	0	0	0
K02120	0	1	0	1	0	0	0	0	0	0	0
K02121	0	1	0	1	0	0	0	0	0	0	0
K02122	1	0	1	0	0	2	0	0	0	0	0
K02123	0	1	0	1	0	0	1	0	0	0	0
K02124	1	0	0	0	0	1	0	0	0	0	0
K02172	1	0	0	0	0	1	0	0	0	0	0
K02190	0	0	0	1	0	0	0	0	0	0	0
K02217	0	1	0	0	0	0	0	1	0	1	0
K02221	0	0	0	0	0	0	0	0	1	0	0
K02224 K18554	0	0	0	0	0	0	0	0	0	1	0
K02226	0	0	0	0	0	1	0	0	0	0	0
K02231	0	0	0	0	1	0	0	0	0	0	0
K02238	1	2	2	0	3	2	0	0	0	1	0
K02278	1	0	0	0	0	1	0	0	0	0	0
K02279	0	0	1	0	0	0	0	0	0	0	0
K02283	0	0	1	0	0	3	0	0	0	0	0
K02314	0	1	0	2	0	0	0	0	0	3	0
K02315	1	0	4	0	3	1	0	0	0	0	0
K02315 K11144	1	0	1	0	0	2	0	0	0	0	0
K02316	0	0	0	0	1	0	0	0	0	0	0
K02316 K06919	0	0	0	0	0	0	0	1	0	0	0
K02334	0	0	1	0	0	0	0	0	0	0	0
K02335	0	0	0	0	0	0	0	0	0	1	0
K02337	0	1	0	1	0	0	0	0	0	1	0
K02338	0	0	0	0	0	0	0	0	0	1	0
K02340	0	0	0	0	0	0	0	0	0	1	0
K02341	0	0	1	0	1	0	0	0	0	1	0
K02342	0	1	0	1	1	1	0	1	0	0	1
K02348	0	0	0	0	0	0	1	0	0	0	0
K02355	0	0	0	0	0	0	0	0	0	1	0
K02356	0	0	0	0	0	0	0	0	0	1	0
K02381	0	0	2	0	0	0	0	0	0	0	0
K02385	0	0	0	0	0	0	1	0	0	0	0
K02387	0	0	0	0	0	0	1	0	0	0	0
K02389	0	0	1	0	0	0	1	0	0	0	0
K02395	0	1	0	0	0	0	0	0	0	0	0
K02395 K19223	0	0	0	0	0	0	2	0	0	0	0
K02398	0	0	0	0	0	0	1	0	0	0	0
K02406	0	0	0	0	0	3	0	0	0	0	0
K02407	0	0	0	0	0	1	1	0	0	0	0
K02411	0	0	0	0	0	1	0	0	0	0	0
K02413	0	0	0	0	0	0	1	0	0	0	0
K02415	0	0	0	0	0	1	0	0	0	0	0
K02418	0	0	1	0	0	1	1	0	0	0	0
K02422	0	0	0	0	0	1	1	0	0	0	0
K02424	1	0	0	0	1	0	0	0	0	0	0
K02428	0	0	0	0	0	0	0	0	0	2	0
K02429	0	0	0	1	0	0	0	0	0	0	0
K02431	0	0	1	0	0	0	0	0	0	0	0
K02441	0	0	0	0	1	1	0	0	0	0	0
K02444	1	0	0	0	0	0	0	0	0	0	0
K02445	0	1	0	0	0	0	0	0	0	0	0
K02453	0	0	0	0	0	0	0	0	0	2	0
K02457 K08084	0	0	0	0	0	0	0	0	0	1	0
K02469	0	0	1	0	1	0	0	0	0	1	0
K02470	0	0	1	0	1	0	0	0	0	0	0
K02472	0	0	1	0	0	0	0	0	0	0	0
K02473 K08678	0	1	0	0	0	0	0	0	0	0	0
K02477	0	0	0	3	0	2	0	3	0	0	0
K02477 K07707	0	1	0	0	0	0	0	0	0	0	0
K02481	0	1	0	2	0	0	0	0	0	0	0
K02481 K07713	0	0	0	0	1	0	0	0	0	0	0
K02483	0	0	0	0	1	0	0	0	0	0	1
K02484	1	0	0	0	0	1	0	0	0	0	0
K02484 K07636	0	1	0	1	0	0	0	2	0	0	0
K02503	0	0	0	0	0	0	0	0	0	1	0
K02517	0	0	0	0	0	0	0	0	0	1	0
K02519 K08652	0	0	0	0	0	1	0	0	0	0	0
K02520	0	0	0	0	0	0	0	0	0	1	0
K02523	0	0	0	0	0	0	0	0	0	1	0
K02525 K03484	1	0	0	0	0	0	0	0	0	0	0
K02527	0	0	0	0	0	0	0	0	0	1	0
K02528	0	0	0	0	0	0	0	0	0	2	0
K02529	8	5	8	8	2	6	5	1	10	0	0
K02529 K03484	1	0	0	0	0	1	0	0	0	0	0
K02529 K03604	1	0	0	0	1	2	0	0	0	0	0
K02529 K17640	0	0	0	0	0	0	0	0	1	0	0
K02532	0	0	0	0	0	0	0	0	0	0	1
K02538	0	0	0	0	0	0	3	0	0	0	0
K02549	0	0	0	0	0	0	0	0	0	1	0
K02552	0	0	0	0	0	0	0	0	0	1	0
K02557	0	0	1	2	0	1	0	1	0	0	0
K02558	0	0	0	0	0	0	0	0	0	1	0
K02563	0	0	0	0	0	0	0	0	0	1	0
K02566	0	1	0	0	0	0	0	0	0	0	0
K02584	0	0	0	0	0	0	0	0	0	1	0
K02585	0	0	1	0	0	0	0	0	0	0	0
K02586	0	0	1	0	0	0	0	0	0	0	0
K02589	0	0	0	0	0	1	0	0	0	0	0
K02590	0	0	0	0	0	1	0	0	0	0	0
K02598	0	0	0	0	0	0	1	0	0	0	0
K02619	0	0	0	1	0	0	0	1	0	1	0
K02621	0	0	0	0	0	0	0	0	0	1	0
K02622	0	0	0	0	0	0	0	0	0	1	0
K02647	0	0	2	0	1	1	0	0	0	0	0
K02650	3	0	0	0	0	0	0	0	0	0	0
K02651	0	0	0	1	0	0	0	0	0	0	0
K02652	0	0	0	0	0	0	0	0	0	2	0
K02653	0	0	0	0	0	0	0	0	0	1	0
K02654	1	0	0	0	0	1	0	0	1	2	0
K02669	0	0	0	0	0	0	0	0	0	2	0
K02687	0	0	0	0	0	0	0	0	0	1	0
K02755 K02756 K02757	0	0	0	0	0	0	8	0	0	0	0
K02759	0	0	0	0	0	0	5	0	0	0	0
K02760	0	0	0	0	0	0	6	0	0	0	0
K02761	0	0	0	0	0	0	9	0	0	0	0
K02773	0	0	0	0	0	0	1	0	0	0	0
K02774	0	0	0	0	0	0	1	0	0	0	0
K02775	0	0	0	1	0	0	1	0	0	0	0
K02790 K02791	0	0	0	0	0	0	1	0	0	0	1
K02793	0	0	0	0	2	0	4	0	0	0	0
K02794	0	0	0	0	1	0	5	0	0	0	0
K02795	0	0	0	0	0	0	2	0	0	0	0
K02796	0	0	0	0	0	0	3	0	0	0	0
K02798	0	0	0	0	0	0	1	0	0	0	0
K02805	0	1	0	0	0	0	0	0	0	2	0
K02808 K02809 K02810	0	0	0	0	0	0	1	0	0	0	0
K02809 K02810	0	0	0	0	0	0	1	0	0	0	0
K02821	0	0	0	0	0	0	3	0	0	0	0
K02822	0	0	0	0	0	0	2	0	0	0	0
K02825	0	0	0	0	0	0	0	0	0	1	0
K02843	0	1	0	2	0	0	0	1	0	0	0
K02843 K02849	0	0	0	0	0	0	0	0	0	1	0
K02847	0	1	0	0	0	0	0	0	0	0	0
K02847 K13009	0	0	0	1	0	0	0	0	0	1	0
K02847 K13009 K16705	0	0	0	0	0	0	0	0	0	1	0
K02878	0	0	0	0	0	0	0	0	0	1	0
K02890	0	0	0	0	0	0	0	0	0	1	0
K02904	0	0	0	0	0	0	0	0	0	1	0
K02909	0	0	0	0	0	0	0	0	0	1	0
K02914	0	0	0	0	0	0	0	0	0	1	0
K02945	1	0	1	0	1	0	0	0	0	1	0
K02946	0	0	0	0	0	0	0	0	0	1	0
K02950	0	0	0	0	0	0	0	0	0	1	0
K02959	0	0	0	0	0	0	0	0	0	1	0
K02963	0	0	0	0	0	0	0	0	0	1	0
K02970	0	0	0	0	0	0	0	0	0	1	0
K02986	0	0	0	0	0	0	0	0	0	1	0
K02990	0	0	0	0	0	0	0	0	0	1	0
K02992	0	0	0	0	0	0	0	0	0	1	0
K03040	0	0	0	0	0	0	0	1	0	0	0
K03060	0	0	0	0	0	0	0	0	0	1	0
K03073	0	0	0	0	0	0	0	0	0	1	0
K03075	0	0	0	0	0	0	0	0	0	1	0
K03086 K03087	0	0	0	0	0	0	0	0	0	1	0
K03086 K03091	0	0	0	0	1	0	0	0	0	0	0
K03088	14	18	11	45	13	6	2	8	0	3	0
K03091	0	0	0	0	0	2	0	0	0	0	0
K03092	0	0	0	0	0	0	0	0	0	1	0
K03098	0	0	0	0	0	0	0	0	0	1	0
K03100	0	0	0	1	0	1	2	0	0	1	0
K03101	1	0	0	0	0	1	0	0	0	0	0
K03110	0	0	0	0	0	0	0	0	0	1	0
K03111	1	0	0	0	0	0	1	3	0	1	0
K03113	0	1	0	0	0	0	0	0	0	0	0
K03116	0	1	0	0	0	0	0	0	0	0	0
K03117	0	0	0	0	1	0	0	0	0	0	0
K03147	0	0	0	0	0	0	0	0	0	1	0
K03149	0	0	0	0	0	0	0	0	0	1	0
K03150	0	0	0	0	0	0	0	0	0	1	0
K03152	0	0	0	0	0	0	0	0	0	1	0
K03169	0	0	0	1	2	1	0	2	1	1	0
K03179	0	0	0	0	0	0	0	0	0	1	0
K03182	0	0	0	0	0	1	0	0	0	0	0
K03183	0	0	1	0	0	0	0	0	0	0	0
K03205	7	0	8	0	9	9	0	0	0	0	0
K03208	0	1	0	1	0	0	0	0	0	0	0
K03210	0	0	0	0	0	0	0	0	0	1	0
K03216	0	0	0	0	0	0	0	0	0	1	0
K03218	0	0	0	0	0	0	0	0	0	1	0
K03272	0	0	0	0	0	0	0	0	0	2	0
K03273	0	0	0	0	0	0	0	0	0	1	0
K03274	0	0	0	0	0	0	0	0	0	1	0
K03281	0	0	0	0	0	0	0	0	2	2	0
K03282	0	0	0	0	0	0	0	0	0	1	0
K03284	0	0	0	0	0	0	1	0	0	1	0
K03292	2	0	0	0	4	3	0	0	0	0	1
K03293	0	0	0	0	0	0	0	0	1	0	0
K03294	0	0	0	0	1	0	1	0	1	0	0
K03296	1	1	1	5	0	0	0	0	0	3	0
K03297 K11741	0	0	0	0	0	0	0	0	0	2	0
K03299	0	0	2	2	0	0	0	0	0	0	0
K03299 K06155 K06156 K06157	2	0	0	0	0	1	0	0	0	0	0
K03300	1	0	0	0	1	0	0	0	0	0	0
K03305	0	1	0	3	0	0	0	1	0	1	0
K03306	0	0	0	0	0	0	1	0	0	2	0
K03307	1	1	0	2	0	0	0	0	0	1	0
K03307 K11928	0	0	1	0	0	0	0	0	0	0	0
K03308	5	2	4	1	3	3	0	2	0	0	2
K03310	0	0	1	0	1	1	0	0	0	1	0
K03320	1	0	0	0	2	0	0	0	0	0	0
K03321	0	0	0	0	0	0	0	0	0	2	0
K03324	3	0	1	1	2	2	0	1	0	0	0
K03326	0	0	0	0	0	0	1	0	0	0	0
K03327	0	0	0	0	0	2	0	0	0	2	0
K03328	0	0	0	2	0	0	0	1	0	0	0
K03332	0	0	0	1	0	1	0	0	0	0	0
K03340	0	0	0	0	0	0	0	0	0	1	0
K03367	1	0	0	0	0	0	0	0	0	0	0
K03379	0	2	0	0	0	0	0	0	0	0	0
K03386	0	1	0	0	0	0	0	0	0	1	0
K03388	2	1	0	1	0	0	0	0	0	0	0
K03389	1	1	0	1	0	0	0	0	0	0	0
K03390	0	1	0	1	0	0	0	0	0	0	0
K03394	0	0	0	1	0	0	0	0	0	0	0
K03402	0	0	0	0	0	0	1	0	0	0	0
K03406	0	0	5	0	0	26	1	0	0	0	0
K03408	0	0	0	0	0	2	2	0	0	0	0
K03413	0	0	1	0	0	2	0	0	0	1	0
K03424	1	1	0	1	0	0	0	0	0	2	0
K03426	0	0	0	0	1	0	0	0	0	0	0
K03427	1	1	3	0	3	0	0	2	0	0	0
K03429	0	0	0	0	0	1	0	0	0	0	0
K03436	0	0	1	0	0	0	0	0	0	1	0
K03436 K11534	0	0	1	0	0	0	0	0	0	0	0
K03442	0	0	1	0	0	0	0	0	0	0	0
K03449	0	0	0	0	0	0	0	0	0	1	0
K03453	0	2	0	1	1	0	1	1	1	1	0
K03455	0	0	0	1	0	0	0	0	0	3	0
K03457	0	0	0	0	0	0	0	0	1	0	0
K03458	0	0	2	0	0	0	1	0	0	0	0
K03466	0	1	0	0	0	0	0	0	2	1	0
K03470	0	0	0	0	0	0	0	0	0	1	0
K03471	0	0	0	0	0	0	0	0	0	1	0
K03473	0	1	0	0	0	0	0	0	0	0	0
K03475	0	0	0	0	0	0	2	0	0	0	0
K03484	1	0	0	0	0	0	0	0	1	0	0
K03488	0	0	0	0	0	0	3	0	0	0	1
K03489	0	0	0	0	0	0	1	0	0	0	0
K03491	0	0	0	0	0	0	2	0	0	0	0
K03492	0	0	0	0	0	0	3	0	0	0	0
K03496	2	2	3	2	1	3	0	0	0	1	0
K03497	1	2	3	0	3	1	0	1	0	0	0
K03498	1	0	1	0	2	2	0	0	0	0	0
K03499	1	0	1	0	1	0	0	0	0	1	0
K03500	0	0	0	0	0	0	0	0	0	1	0
K03502	1	0	1	0	2	1	0	0	1	0	0
K03517	0	0	0	0	0	0	0	0	0	1	0
K03518	0	0	1	0	0	0	0	0	0	0	0
K03521 K22431	0	0	0	0	1	0	0	0	0	0	0
K03523	0	0	0	0	1	0	0	0	0	0	0
K03524	0	0	0	0	0	0	0	0	0	1	0
K03527	0	0	0	0	0	0	0	0	0	1	0
K03530	0	1	0	1	1	0	0	0	0	1	0
K03531	0	0	0	0	0	0	0	0	0	1	0
K03534	0	0	0	1	0	0	0	1	0	0	0
K03536	0	0	0	0	0	0	0	0	0	1	0
K03543	0	0	0	0	0	0	0	1	0	0	0
K03547	0	1	0	1	0	1	0	0	0	0	0
K03547 K05970	0	0	0	0	0	0	0	0	0	1	0
K03555	0	1	0	0	0	0	0	0	0	0	0
K03556	0	0	0	0	0	1	0	0	0	0	0
K03559	0	1	0	1	0	0	0	1	0	2	0
K03561	0	0	0	0	0	0	0	0	0	5	0
K03563	0	0	1	0	0	0	0	0	0	0	0
K03569	1	0	1	0	1	1	0	0	0	1	0
K03571	0	0	0	0	1	0	0	0	0	0	0
K03574	0	0	0	0	0	0	0	1	1	1	0
K03575	0	0	0	0	0	0	0	0	0	2	0
K03578	0	0	0	0	0	0	0	0	0	1	0
K03578 K06182	0	1	0	0	0	0	0	0	0	0	0
K03579	0	0	0	0	0	0	0	1	0	1	0
K03581	2	0	0	0	0	0	0	0	0	0	0
K03581 K07452 K09384	0	0	0	0	0	0	0	1	0	0	0
K03585	0	4	0	8	0	0	0	1	0	3	0
K03587	0	0	0	1	0	0	0	0	0	2	0
K03588	0	0	0	0	1	0	0	0	0	1	0
K03589	1	0	1	0	1	1	0	1	0	1	0
K03593	0	0	0	0	0	0	0	0	0	1	0
K03594	0	0	0	1	0	0	0	0	0	0	0
K03595	0	0	0	0	0	0	1	0	0	0	0
K03601	0	0	0	1	0	0	0	0	0	0	0
K03605	0	0	0	0	0	0	0	0	0	1	0
K03612	0	0	0	0	0	0	0	2	0	1	0
K03613	0	0	1	0	1	0	0	0	0	0	0
K03614	0	0	0	0	1	0	0	0	0	0	0
K03617	0	0	1	0	1	0	0	0	0	0	0
K03628	0	0	0	0	0	0	0	0	0	3	0
K03630	1	0	0	0	0	0	0	0	0	1	0
K03631	0	0	0	0	0	0	0	0	0	1	0
K03640	0	0	0	0	0	0	0	1	0	0	0
K03641	0	0	0	0	0	0	0	1	0	0	0
K03642	0	0	0	0	0	0	0	0	0	2	0
K03646	0	0	0	1	0	0	0	0	0	0	0
K03646 K03832	0	3	0	0	0	0	0	0	0	0	0
K03648	0	0	1	0	0	0	0	0	0	0	0
K03649	0	0	1	0	0	2	0	0	0	0	0
K03651	0	0	0	0	0	0	1	0	0	0	0
K03654	0	1	0	0	0	0	1	0	0	2	2
K03655	0	0	0	2	1	3	0	5	0	1	0
K03657	1	0	1	0	0	3	3	0	0	2	0
K03658	0	0	0	0	0	0	0	0	1	0	0
K03671	1	1	0	3	0	0	0	0	0	1	0
K03684	0	0	0	0	0	0	0	0	0	1	0
K03686	1	0	1	0	1	1	0	0	0	0	0
K03686 K05801 K17867	0	0	0	0	0	0	0	1	0	0	0
K03688	1	0	0	0	0	0	0	0	1	0	0
K03695	0	0	0	0	0	0	0	0	0	1	0
K03696	0	0	0	0	0	0	0	0	0	1	0
K03697	0	0	1	0	1	0	0	0	0	0	0
K03698	0	0	0	0	0	0	0	0	0	1	0
K03699	2	0	1	1	0	1	0	0	1	0	0
K03700	0	0	2	0	1	0	0	0	0	0	0
K03701	1	0	0	0	0	1	0	0	0	2	0
K03703	0	0	0	0	0	0	1	0	0	1	0
K03704	1	0	0	0	0	1	0	0	0	0	0
K03707	0	0	0	0	0	0	0	0	1	0	0
K03709	0	0	0	0	0	0	0	0	0	1	0
K03710	1	0	3	0	1	0	3	0	0	0	0
K03711	1	0	2	1	1	1	0	1	0	0	0
K03711 K09825	0	0	0	0	1	0	0	0	0	0	0
K03716	0	0	0	0	0	1	0	0	0	0	0
K03719	0	0	0	0	1	0	0	0	0	0	0
K03722	1	0	0	0	1	1	0	0	0	1	0
K03733	0	0	0	0	0	0	0	0	0	1	0
K03733 K04763	1	0	0	0	0	2	0	0	0	0	0
K03734	1	0	1	0	0	0	1	0	1	1	0
K03737	0	0	0	0	0	0	0	0	0	1	0
K03738 K19515	0	0	0	0	1	0	0	0	0	0	0
K03741	0	0	0	1	0	0	0	0	0	0	0
K03742	0	0	0	0	0	0	0	0	0	1	0
K03744	0	0	0	1	0	1	0	0	0	0	1
K03748	0	0	0	0	0	0	0	0	0	1	0
K03750 K07219	0	0	1	0	0	0	0	0	0	0	0
K03760 K19353	0	1	0	0	0	0	0	0	0	0	0
K03762	0	0	0	0	0	0	0	0	0	0	1
K03763	0	0	0	0	0	1	0	0	0	0	0
K03768	0	0	1	0	1	0	0	0	0	2	0
K03770	0	0	0	0	0	0	0	0	0	1	0
K03771	0	0	0	1	0	0	0	1	0	1	0
K03772 K03773	0	0	0	1	0	0	0	1	0	0	0
K03773	0	0	0	0	0	0	0	0	0	1	0
K03779	0	0	0	0	0	1	0	0	0	0	0
K03781	0	0	0	0	0	0	0	0	0	1	0
K03783	1	0	1	0	0	0	0	0	0	0	0
K03785	0	0	0	0	0	0	0	0	0	1	0
K03790	0	0	0	0	2	2	1	0	0	0	0
K03797	0	0	0	0	0	0	0	0	0	1	0
K03800	0	0	0	0	0	0	0	0	0	1	0
K03801	0	0	0	0	0	0	0	0	0	1	0
K03803	0	0	0	1	0	0	0	0	0	0	0
K03810	0	0	1	0	0	0	0	0	0	0	0
K03817	0	1	0	0	0	0	0	0	0	0	0
K03820	0	0	0	0	0	0	0	0	0	1	0
K03823	0	1	0	0	1	0	0	0	1	0	0
K03826	1	0	1	0	0	1	0	0	0	1	0
K03826 K22441	1	0	0	0	0	0	0	0	0	0	0
K03827	0	0	1	0	0	0	1	0	0	1	0
K03828	0	0	0	1	0	0	0	0	0	0	1
K03832	0	3	0	4	0	0	1	5	0	1	0
K03892	1	0	0	0	0	0	0	0	0	0	0
K03924	1	0	0	1	1	0	0	0	1	2	0
K03925	0	0	0	0	0	0	0	0	0	1	0
K03928	0	0	0	0	0	0	0	0	0	2	0
K03929	0	0	0	0	2	0	0	0	1	0	0
K03931	1	0	0	0	0	1	0	0	0	0	0
K03932	0	1	0	0	0	0	0	0	0	0	0
K03972	0	0	0	0	0	0	0	0	0	1	0
K03973	0	1	0	1	0	0	0	0	0	0	0
K03975	0	0	0	1	0	0	0	0	0	0	0
K03980	0	0	0	0	0	0	0	0	1	0	0
K04027	0	0	2	0	0	0	0	0	0	0	0
K04029	1	0	0	0	0	0	0	0	0	0	0
K04031	3	0	0	0	0	0	0	0	0	0	0
K04034	1	0	1	0	0	1	0	0	0	0	0
K04043	0	0	0	0	1	0	0	0	0	0	0
K04047	0	0	0	0	0	0	1	0	0	0	0
K04069	1	0	1	0	0	0	0	0	0	2	0
K04069 K20037	0	0	0	1	0	0	0	0	0	0	0
K04074	0	0	1	0	1	0	0	0	0	0	0
K04079	0	0	0	1	0	0	0	0	0	0	0
K04083	0	0	0	0	0	0	0	0	0	1	0
K04096	0	0	0	1	0	0	0	0	0	2	0
K04477	1	0	1	0	0	0	0	0	0	0	0
K04486	0	0	1	2	1	0	0	0	0	1	0
K04487	0	0	0	0	2	1	0	0	0	1	0
K04564	0	2	0	0	0	0	0	0	0	0	0
K04651	0	0	0	0	0	0	0	0	0	1	0
K04653	0	0	0	0	0	0	0	0	0	1	0
K04654	0	0	0	0	0	0	0	0	0	1	0
K04655	0	0	0	0	0	0	0	0	0	1	0
K04656	0	0	0	0	0	0	0	0	0	1	0
K04720	0	0	0	1	0	0	0	0	0	0	0
K04744	0	0	0	0	0	0	0	0	0	1	0
K04749	1	0	0	0	0	0	0	0	0	0	0
K04749 K06378	0	0	1	0	0	0	0	0	0	0	0
K04758	1	0	1	0	0	1	0	0	0	0	0
K04759	0	0	2	0	0	0	0	0	0	1	0
K04761	0	0	0	0	0	0	0	1	0	0	0
K04763	1	0	1	0	3	1	0	0	0	4	0
K04771	1	0	1	0	1	2	0	0	0	0	0
K04773	0	0	0	0	0	0	0	0	0	1	0
K04784	1	0	0	0	0	0	0	0	0	0	0
K04784 K12240	1	0	0	0	0	0	0	0	0	0	0
K04794	0	0	0	0	1	0	0	0	0	0	0
K04940	0	0	2	0	0	0	0	0	0	0	0
K05337	0	0	0	0	1	0	0	0	0	0	0
K05340	0	1	0	0	0	0	0	0	0	0	0
K05341 K05343	1	0	0	0	0	0	0	0	0	0	0
K05349	7	4	0	15	0	10	0	0	1	0	0
K05350	2	0	0	0	0	1	0	0	0	0	0
K05351	0	0	0	0	0	0	0	0	1	0	0
K05366	1	0	1	0	2	2	0	0	0	1	0
K05515	0	0	1	0	1	0	0	0	0	1	0
K05520	0	1	0	1	0	0	0	0	0	0	0
K05592	0	1	0	1	0	0	0	1	0	1	0
K05595	0	1	0	2	0	0	0	0	0	1	0
K05606	0	0	0	0	0	0	0	0	0	1	0
K05643	0	0	0	0	0	0	0	0	0	0	2
K05657 K05658	0	0	0	0	0	0	0	0	0	0	2
K05658	0	0	0	0	0	0	0	0	0	0	4
K05770	1	0	1	0	0	0	0	0	0	0	0
K05794	0	0	0	0	0	0	0	1	0	0	0
K05795	0	0	2	0	0	0	0	0	0	0	0
K05799	0	1	2	0	0	1	0	0	0	0	0
K05801	0	0	0	0	0	0	0	1	0	0	0
K05807	0	0	0	0	0	0	0	0	0	1	0
K05808	0	0	0	0	0	0	0	0	0	1	0
K05810	0	0	0	1	0	0	0	1	0	1	0
K05811	0	1	0	0	0	0	0	0	0	0	0
K05814 K10118 K17242	0	0	0	0	0	0	1	0	0	0	0
K05820	0	0	0	0	0	0	1	0	0	0	0
K05825	0	0	1	0	0	0	0	0	0	0	0
K05832	2	0	0	0	3	2	0	0	0	0	0
K05833	2	0	0	0	1	2	1	0	0	0	0
K05844 K14940	1	0	0	0	0	0	0	0	0	0	0
K05878	0	0	2	0	0	0	0	0	0	0	0
K05879	1	0	1	0	0	0	0	0	0	0	0
K05881	0	0	0	0	0	0	1	0	0	0	0
K05882	0	0	0	0	0	0	0	0	1	0	0
K05919	0	0	1	0	0	0	0	0	0	0	0
K05939	0	0	0	0	0	0	0	0	0	2	0
K05946	0	0	0	1	0	2	0	0	0	0	0
K05970	0	2	0	9	0	0	0	0	3	1	0
K05970 K15532	0	0	0	1	0	0	0	0	0	0	0
K05988	0	0	0	1	0	0	0	0	0	0	0
K05989	2	0	0	7	0	0	3	0	0	0	0
K05989 K17624	0	0	0	0	0	0	0	1	0	0	0
K05995	0	0	0	0	1	0	0	1	0	0	0
K06001	0	0	0	0	0	0	0	0	0	1	0
K06015	1	0	1	0	0	0	0	0	0	0	0
K06041	0	0	2	0	0	0	0	0	0	1	0
K06045	0	0	0	0	0	0	0	0	0	1	0
K06045 K17811	0	0	0	0	0	0	0	0	0	1	0
K06076	0	0	0	1	0	0	0	1	0	0	0
K06077	0	0	0	0	0	0	0	0	0	1	0
K06079	0	0	0	1	0	0	0	0	0	0	0
K06113	0	0	0	1	0	2	0	0	2	0	0
K06131	2	2	1	0	1	3	0	0	0	1	0
K06132	3	0	0	0	1	2	0	0	0	0	0
K06142	0	1	0	1	0	0	0	2	0	1	0
K06147	21	0	13	0	12	26	4	0	6	0	1
K06147 K06148	0	0	0	0	0	0	2	0	0	0	0
K06147 K06148 K16013	0	0	0	0	0	0	0	0	1	0	0
K06147 K11085	2	0	1	0	2	1	2	0	0	0	0
K06148	0	1	1	0	0	1	1	0	0	0	0
K06158	2	1	1	2	1	2	0	2	0	2	0
K06167	0	0	0	0	0	0	1	0	0	0	0
K06173	0	0	0	0	0	0	0	0	0	1	0
K06177	0	0	0	0	0	0	0	0	1	0	0
K06178	0	0	0	0	0	0	0	0	0	1	0
K06180	1	0	1	0	1	1	0	0	0	2	0
K06181	0	0	0	0	0	0	0	0	0	1	0
K06183	0	0	0	0	0	0	0	0	0	1	0
K06188	0	0	0	0	0	0	0	0	1	0	0
K06195	0	0	0	0	0	0	0	0	0	1	0
K06199	0	0	0	0	0	0	0	0	1	0	0
K06207	0	0	0	0	0	0	0	0	0	1	0
K06218	0	0	0	0	0	0	0	0	1	0	0
K06221 K17743	0	0	0	0	0	0	0	0	0	0	1
K06223	0	1	0	0	0	0	0	0	0	0	0
K06281	0	0	0	0	0	0	0	0	0	1	0
K06284	0	0	1	0	1	0	0	0	0	0	0
K06287	0	0	0	0	0	0	0	0	0	1	0
K06295	0	0	1	0	1	0	0	0	0	0	0
K06297	0	0	1	0	0	0	0	0	0	0	0
K06298	1	0	0	0	0	1	0	0	0	0	0
K06320	0	0	0	0	0	3	0	0	0	0	0
K06330	1	0	0	0	0	0	0	0	2	0	0
K06338 K12995	1	0	0	0	0	0	0	0	0	0	0
K06381	1	0	1	0	2	1	0	0	0	0	0
K06383	0	0	1	0	0	1	0	0	0	0	0
K06384	0	0	1	0	0	0	0	0	0	0	0
K06391	1	0	0	0	0	0	0	0	0	0	0
K06395	0	0	1	0	0	1	0	0	0	0	0
K06400	3	0	1	0	1	2	0	0	0	0	0
K06402	0	0	1	0	1	0	0	0	0	0	0
K06404	1	0	0	0	0	1	0	0	0	0	0
K06409	0	0	1	0	0	0	0	0	0	0	0
K06410	0	0	0	0	1	2	0	0	0	0	0
K06412	0	0	0	0	0	1	0	0	0	0	0
K06413	0	0	0	0	0	0	0	1	0	0	0
K06442	0	0	0	0	0	0	0	0	0	1	0
K06518	0	1	0	0	0	0	0	0	0	0	0
K06603	0	0	0	0	0	0	1	0	0	0	0
K06610	0	0	0	0	0	0	1	0	0	0	0
K06726	0	0	1	0	0	0	0	0	0	0	0
K06861	0	0	0	0	0	0	0	0	0	2	0
K06864	1	0	1	0	0	1	0	0	0	1	0
K06867	0	0	0	1	0	1	0	0	0	0	0
K06867 K07001	0	0	0	0	0	0	0	0	0	1	0
K06867 K08738	0	0	0	0	0	0	0	0	0	1	0
K06871	0	0	1	0	1	2	0	0	0	0	0
K06872	1	0	0	2	2	1	1	1	0	0	2
K06877	0	0	0	0	1	0	0	0	0	0	0
K06880	0	0	0	0	0	1	0	0	0	0	0
K06881	0	0	0	0	0	0	0	0	0	1	0
K06885	0	0	0	2	0	0	0	0	0	0	0
K06887	0	0	0	0	0	0	0	0	0	0	1
K06888	0	0	1	0	0	0	0	0	0	0	0
K06889	5	2	3	4	1	1	1	3	1	2	0
K06889 K09914	0	0	0	0	0	0	0	0	0	1	0
K06890	0	0	1	0	1	0	0	0	1	0	0
K06894	0	0	1	1	0	0	0	0	0	0	0
K06896	0	0	0	0	0	0	1	0	0	0	0
K06897	0	0	0	2	0	0	0	0	0	0	0
K06898	1	0	1	0	0	1	0	0	0	1	0
K06899	0	0	0	0	0	0	0	0	0	0	1
K06901	0	0	1	0	0	0	0	2	1	0	0
K06902	0	0	0	0	1	0	0	0	2	0	0
K06903	0	0	1	0	0	0	0	0	0	0	2
K06904	0	0	1	0	0	0	0	0	0	0	0
K06905	0	0	1	0	1	0	0	0	0	0	3
K06907	0	0	3	0	1	0	0	0	0	0	1
K06908	0	0	2	0	1	0	0	0	0	0	1
K06909	0	0	1	0	0	0	0	0	0	0	0
K06910	0	0	0	0	0	0	0	0	1	0	0
K06911	0	1	0	1	0	0	0	0	0	1	0
K06915	0	0	0	1	0	0	0	1	0	0	0
K06919	1	0	1	0	3	3	0	0	0	0	0
K06921	2	0	0	2	1	2	0	1	0	0	0
K06923	1	0	0	0	1	1	0	0	0	0	0
K06925	0	0	0	0	0	0	0	0	0	1	0
K06926	0	1	0	3	0	3	0	0	0	0	0
K06928	0	0	1	0	0	0	0	0	0	0	0
K06934	0	0	1	0	0	0	0	0	0	0	0
K06940	1	0	0	0	0	1	0	0	0	2	0
K06946	0	0	0	0	0	1	0	0	0	0	0
K06949	0	0	0	1	0	0	0	0	0	0	0
K06950	1	1	0	2	1	1	2	2	0	0	0
K06952	1	0	0	0	0	0	0	0	0	0	0
K06956	0	0	1	0	0	0	0	0	1	0	0
K06960	0	0	0	0	0	0	0	0	1	1	0
K06966	0	0	0	1	0	0	1	1	0	0	0
K06969	0	1	0	0	0	0	0	0	0	3	0
K06971	0	0	1	0	0	0	0	0	0	0	0
K06972	1	0	0	0	2	0	0	0	0	0	0
K06973	0	1	0	1	0	0	0	0	0	1	0
K06975	0	1	0	2	0	0	2	0	0	0	0
K06977	0	0	0	0	0	0	1	0	0	0	0
K06978	0	1	0	0	1	0	0	0	0	0	0
K06985	0	0	0	0	0	0	0	1	0	0	0
K06987	1	0	1	0	1	0	0	0	0	0	0
K06988	0	0	0	0	0	0	1	0	0	0	0
K06989	0	0	1	0	0	0	0	0	0	0	0
K06996	0	0	0	1	0	0	0	0	0	0	0
K06997	0	0	0	0	0	0	0	0	1	2	0
K06998	1	0	0	0	0	0	0	0	0	0	0
K06999	0	0	0	0	0	0	0	0	1	0	0
K07000	0	0	0	0	0	0	0	2	0	0	0
K07001	0	2	0	4	1	0	1	0	0	0	0
K07003	1	0	1	1	1	2	0	0	0	0	0
K07005	0	0	0	1	0	1	0	0	2	1	0
K07007	2	0	2	0	2	2	0	0	0	0	1
K07009	1	0	0	0	0	0	0	0	0	0	0
K07010	0	0	1	0	1	0	0	0	0	0	0
K07011	2	1	0	4	1	1	0	0	0	0	0
K07011 K20444	1	0	0	0	1	0	0	0	0	0	0
K07015	0	0	1	0	0	0	0	0	0	0	0
K07023	1	1	1	0	0	1	0	0	0	0	0
K07025	1	1	0	0	1	4	1	1	1	0	0
K07025 K20866	0	0	1	0	0	0	0	0	0	0	0
K07025 K20866 K21063	0	1	0	1	0	0	0	0	0	0	0
K07027	0	0	0	1	0	0	0	2	0	0	0
K07029	0	0	0	0	0	0	0	0	1	0	0
K07030	1	0	1	0	1	1	0	0	0	0	0
K07031	0	0	0	0	0	0	0	1	0	0	0
K07032	0	0	1	0	0	0	0	0	0	0	0
K07033	0	0	0	0	0	1	0	0	0	0	0
K07035	1	0	1	0	1	1	0	0	0	0	0
K07037	0	0	0	1	0	1	0	1	0	1	0
K07040	2	0	1	0	1	2	0	0	1	1	0
K07043	0	1	2	1	1	2	0	0	1	0	0
K07045	0	0	2	1	0	0	0	0	0	0	0
K07051	0	0	0	0	0	0	0	0	0	1	0
K07052	0	0	2	2	1	4	1	1	0	1	0
K07053	0	2	5	0	2	2	0	0	0	0	0
K07071	0	0	0	1	0	0	0	0	0	1	0
K07075	0	0	1	1	0	0	0	2	0	0	0
K07076	1	0	0	0	0	0	0	0	0	0	0
K07078	0	1	0	1	0	0	0	0	0	0	0
K07079	1	2	2	1	3	3	0	0	0	0	0
K07080	0	0	1	0	0	0	0	0	0	0	0
K07082	1	0	0	0	0	1	0	0	0	0	0
K07085	0	2	0	3	0	0	0	4	0	1	0
K07088	2	1	3	0	3	1	0	0	2	1	0
K07089	1	1	0	0	1	1	1	0	0	0	1
K07090	0	0	2	0	1	1	1	0	2	0	0
K07091	0	1	0	1	0	0	0	1	0	1	0
K07095	1	1	0	1	0	1	0	2	0	2	0
K07098	2	1	0	2	0	0	1	1	0	1	0
K07099	0	0	1	0	1	0	0	0	0	0	0
K07102	0	0	0	0	0	0	0	0	0	1	0
K07104	0	0	0	0	0	0	1	0	0	0	0
K07107	0	1	0	3	0	0	0	1	0	2	0
K07109	0	2	0	0	0	0	0	0	0	0	0
K07112	1	0	1	0	0	0	0	0	0	0	0
K07114	0	0	0	1	0	0	0	0	2	1	0
K07115	0	0	0	1	0	0	0	0	0	0	0
K07118	0	0	0	1	0	0	1	0	1	0	0
K07124	0	2	1	0	1	1	0	0	1	1	0
K07126	0	0	4	1	0	1	1	0	0	4	1
K07126 K13582	0	0	0	0	0	0	0	0	0	1	0
K07126 K19292	0	0	0	0	1	0	0	0	0	0	0
K07132	0	1	0	0	1	0	0	1	0	1	0
K07133	5	0	1	8	2	3	0	10	2	0	0
K07137	1	1	2	1	2	2	0	1	0	1	0
K07138	1	0	1	0	2	0	0	0	1	0	0
K07139	0	2	0	1	0	0	0	0	0	0	0
K07141	0	0	0	0	0	1	0	0	0	0	0
K07148	0	0	0	1	0	0	0	0	0	1	0
K07149	0	0	1	0	0	1	2	0	0	0	0
K07150	0	0	1	0	0	0	0	1	0	0	0
K07154	0	4	0	0	0	0	0	3	0	0	0
K07162	1	0	0	0	0	0	0	0	0	0	0
K07164	0	1	0	1	0	0	0	1	0	1	0
K07166	1	0	1	0	1	1	0	0	1	0	0
K07171	1	0	3	0	3	1	0	0	0	0	0
K07192	0	0	0	0	0	0	0	0	0	1	0
K07213 K08364	0	1	0	0	0	0	0	1	0	0	0
K07214	0	0	0	2	0	0	0	1	0	0	0
K07216	1	0	2	0	0	1	0	0	0	0	0
K07217	0	0	0	0	0	0	1	0	0	0	0
K07219	1	0	0	0	0	0	0	0	0	0	0
K07220	0	0	0	1	0	0	1	0	0	0	0
K07221	0	0	0	0	0	0	0	0	0	3	0
K07230	0	0	0	0	0	0	0	0	1	0	0
K07231	0	0	0	1	0	0	0	0	0	0	0
K07238	0	0	1	0	1	1	0	0	0	0	0
K07239	0	0	0	0	0	0	0	0	0	2	0
K07240	2	2	2	3	0	0	0	1	0	0	0
K07243	0	0	0	0	0	0	0	0	1	0	0
K07258	2	0	0	0	3	1	0	0	0	1	0
K07260	0	0	1	0	1	0	0	0	0	0	0
K07263	0	2	0	3	0	0	0	5	0	2	0
K07267	0	0	0	0	0	0	0	0	0	3	0
K07271	2	0	0	2	0	0	0	0	0	3	0
K07273	0	0	0	0	0	0	0	3	0	0	1
K07276	0	0	0	0	0	0	0	0	0	1	0
K07277	0	0	0	0	0	0	0	0	0	2	0
K07282	1	1	0	2	0	1	0	0	2	0	0
K07284	0	0	0	0	1	1	1	0	2	0	0
K07289	1	1	0	1	0	0	0	0	0	0	0
K07301	1	0	0	0	1	1	0	0	0	0	0
K07304	0	0	0	0	0	0	1	0	0	0	0
K07315	1	0	1	1	0	0	0	0	0	0	0
K07317	0	0	0	0	0	1	0	0	1	0	0
K07318	0	0	0	0	0	0	0	0	0	1	0
K07321	1	0	0	0	0	0	0	0	0	0	0
K07322	0	1	0	1	0	0	0	1	0	0	0
K07334	0	0	0	2	0	0	0	0	0	0	2
K07335	2	0	4	0	0	4	0	0	0	0	0
K07341	0	0	0	0	0	1	0	0	0	0	0
K07343	0	0	0	0	0	0	1	0	0	1	0
K07345	0	0	0	0	0	0	0	0	0	0	1
K07346	0	0	0	0	0	0	0	0	0	0	1
K07347	0	0	0	0	0	0	0	0	0	0	3
K07391	0	0	0	0	0	0	0	0	0	1	0
K07393	0	0	0	0	0	0	0	0	0	0	3
K07397	0	1	0	0	0	0	0	0	0	0	0
K07402	2	0	2	0	2	2	0	0	0	0	0
K07403	0	0	0	0	0	0	0	0	0	1	0
K07404	2	0	0	0	0	1	0	0	0	0	0
K07405	0	0	0	0	0	0	0	0	0	1	0
K07407	2	4	0	4	2	5	0	4	2	2	0
K07443	1	0	0	0	0	1	0	0	0	0	0
K07447	0	0	0	0	0	0	0	0	0	1	0
K07448	1	0	0	0	0	0	1	0	0	0	0
K07452	1	0	0	1	0	0	0	0	0	0	0
K07452 K09384	1	0	0	0	0	0	0	0	0	0	0
K07455	0	0	0	0	0	0	0	1	0	0	0
K07458	0	0	0	0	0	1	0	0	0	0	0
K07460	1	0	1	1	0	1	0	1	0	1	0
K07461	1	1	1	0	0	0	0	0	0	0	0
K07462	0	0	0	0	0	0	0	0	0	1	0
K07467	1	0	0	0	0	2	0	0	0	0	0
K07473	3	0	2	0	3	1	0	0	0	0	0
K07474	1	0	2	0	0	0	1	0	0	0	0
K07478	0	0	0	0	0	0	0	0	0	1	0
K07481	0	0	3	0	0	0	0	0	0	0	0
K07483	0	2	1	1	1	0	4	0	0	0	0
K07483 K07497	0	0	0	1	0	0	0	0	0	0	0
K07484	7	0	0	2	0	3	1	0	0	0	0
K07486	0	0	0	0	0	0	0	0	0	0	5
K07491	0	0	0	0	0	3	0	0	0	0	1
K07493	0	0	0	0	0	0	0	0	0	0	1
K07496	1	0	0	0	0	0	1	2	0	0	0
K07497	1	0	0	1	1	2	7	0	0	0	3
K07498	0	0	0	0	0	0	2	0	0	0	0
K07502	1	0	0	0	0	1	0	0	0	0	0
K07504	0	0	0	0	0	0	0	0	0	0	1
K07506 K13652	0	0	0	1	0	0	0	0	0	0	0
K07507	0	1	0	1	0	0	0	1	0	0	0
K07533	1	0	0	0	0	2	0	0	0	0	0
K07566	0	0	0	0	0	0	0	0	0	1	0
K07576	1	0	1	0	1	1	0	0	0	1	0
K07584	1	0	0	0	0	1	0	0	0	0	0
K07588	0	0	0	0	0	0	0	0	0	1	0
K07636	0	0	0	0	0	0	0	0	0	1	0
K07646	0	0	0	0	1	0	0	0	0	0	0
K07657	0	0	0	0	0	0	0	0	0	1	0
K07658	0	1	0	0	0	0	1	0	0	0	0
K07665	0	0	0	1	0	0	0	0	0	0	0
K07675	0	0	0	0	0	0	0	0	2	0	0
K07694	1	0	0	0	0	0	0	0	0	0	0
K07705	1	0	0	0	0	1	0	0	0	0	0
K07707	0	0	0	0	0	0	1	0	0	0	0
K07713	0	1	0	2	0	0	0	2	0	0	0
K07718	6	0	2	0	1	7	3	0	0	0	0
K07720	13	0	3	0	3	5	3	0	0	0	0
K07726	1	0	0	0	0	0	0	0	0	1	0
K07727	1	0	1	0	0	1	0	0	1	0	0
K07729	2	0	0	0	1	2	0	0	0	0	0
K07735	0	0	0	1	0	0	0	0	0	0	0
K07736	1	0	1	0	0	1	0	0	0	0	0
K07741	1	0	1	0	0	1	0	0	0	0	0
K07749	0	0	0	0	2	0	0	0	0	0	0
K07775	0	0	0	0	0	1	0	0	0	0	0
K07777	0	0	0	0	0	0	0	0	0	1	0
K07783	0	1	0	4	0	0	0	0	0	0	0
K07793	0	0	3	0	0	0	0	0	0	0	0
K07813	0	0	0	0	2	2	0	0	0	0	0
K07814	3	0	1	0	0	1	0	0	0	0	0
K07816	3	0	0	0	1	2	0	0	0	0	0
K07979	4	0	1	0	2	3	0	0	1	0	0
K08094	0	0	1	0	0	0	0	0	0	0	0
K08138	0	0	0	1	0	0	0	0	0	0	0
K08152 K08218	0	0	0	0	0	0	0	1	0	0	0
K08156 K19577	0	0	0	0	0	0	0	0	1	0	0
K08168	0	0	0	0	0	0	0	0	1	0	0
K08169	0	1	0	1	0	0	0	0	0	0	0
K08177	0	0	0	0	1	0	1	0	1	0	0
K08191	0	1	0	0	0	0	0	1	0	0	0
K08217	0	1	0	2	1	0	0	0	0	0	0
K08218	0	1	0	0	0	0	0	1	0	0	0
K08222	0	0	0	1	0	0	0	0	0	0	0
K08234	0	0	1	0	0	0	0	0	0	0	0
K08281	0	0	0	0	1	0	0	0	0	0	0
K08282	1	0	0	1	1	1	0	0	0	1	0
K08301	0	0	0	0	0	0	0	0	0	2	0
K08303	1	0	0	0	0	1	0	0	1	2	0
K08307	0	0	0	0	0	0	0	1	0	0	0
K08309	0	0	1	0	1	0	0	0	0	0	0
K08310	0	0	0	0	0	1	0	0	0	0	0
K08311	0	0	0	0	0	0	0	0	0	1	0
K08317	0	0	0	0	0	0	1	0	0	0	0
K08321 K11645	0	0	1	0	0	0	0	0	0	0	0
K08322	0	0	1	0	0	0	0	0	0	0	0
K08323	0	0	0	0	0	0	1	0	0	0	2
K08358	0	0	1	0	0	0	0	0	0	0	0
K08364	0	0	0	1	0	0	0	0	0	0	0
K08384	1	0	0	0	0	1	0	0	0	0	0
K08483	0	0	0	0	1	0	0	0	0	1	0
K08591	0	0	0	0	0	1	0	0	0	1	0
K08600	0	0	1	0	0	0	0	0	0	0	0
K08641	1	0	0	0	0	0	0	0	0	1	0
K08659	0	0	0	0	0	0	1	0	1	0	0
K08676	0	0	0	1	0	0	0	0	0	0	0
K08678	0	0	0	1	0	0	0	0	0	1	0
K08680	0	0	0	0	0	0	0	0	0	2	0
K08884	0	0	0	0	0	1	0	0	0	0	0
K08884 K12132	1	0	0	0	0	0	0	0	0	0	0
K08961	0	1	0	1	0	0	0	0	0	0	0
K08972	0	0	0	0	0	0	0	0	1	0	0
K08974	0	1	0	0	0	2	0	0	0	0	0
K08978	0	1	1	1	0	0	0	2	0	0	0
K08981	0	0	1	0	0	0	0	0	0	0	0
K08984	0	0	0	0	0	0	0	0	0	1	0
K08986	0	0	0	0	0	0	1	0	0	0	0
K08987	0	0	0	0	0	0	1	0	0	0	0
K08998	0	0	0	0	0	0	0	0	0	1	0
K08999	0	0	0	1	0	0	0	0	0	2	0
K09004	1	0	0	0	0	0	0	0	0	0	0
K09009	0	0	0	0	0	0	0	0	1	0	0
K09013	1	0	1	0	0	1	0	0	0	1	0
K09014	0	0	0	0	0	0	0	0	0	2	0
K09022	1	0	0	0	1	2	0	0	0	0	0
K09116	1	0	0	0	0	0	0	0	0	0	0
K09117	0	1	0	1	0	0	0	0	0	0	0
K09118	0	0	0	0	0	0	0	0	1	0	0
K09144	0	0	0	0	0	0	0	0	0	0	1
K09153	1	0	0	0	0	0	0	0	0	0	0
K09155	1	0	0	0	0	0	0	1	0	0	0
K09157	1	0	1	0	1	1	0	0	1	0	0
K09163	1	0	1	0	0	0	0	0	0	0	0
K09181	0	0	0	1	0	0	0	0	0	0	0
K09384	1	0	0	0	0	0	0	0	0	0	0
K09458	0	0	0	0	0	0	0	0	0	1	0
K09607	0	0	0	0	0	0	0	2	0	0	0
K09650	0	1	0	1	0	0	0	1	0	0	0
K09680	0	0	0	0	0	0	0	1	0	0	0
K09684	0	0	1	0	0	0	1	0	0	0	0
K09691	0	1	0	0	0	0	0	0	0	0	0
K09692	1	0	0	0	0	2	0	0	0	0	0
K09693	0	0	0	0	0	1	0	0	0	0	0
K09702	0	0	0	1	0	1	0	0	0	0	0
K09704	0	0	0	3	0	1	2	1	0	0	0
K09706	1	0	0	0	1	1	0	0	0	0	0
K09707	0	0	1	0	0	0	0	0	0	0	0
K09740	0	0	1	0	0	0	0	0	0	0	0
K09747	1	0	1	0	0	1	0	0	0	1	0
K09749	0	0	1	0	0	1	0	0	0	0	0
K09760	0	0	0	0	0	0	0	0	0	1	0
K09761	0	0	0	0	0	0	0	0	1	1	0
K09766	0	0	0	0	0	1	0	0	0	0	0
K09768	0	0	1	0	1	0	1	0	0	0	0
K09769	0	0	1	0	0	0	0	0	0	1	0
K09770	0	0	0	0	0	1	0	0	0	0	0
K09773	0	0	0	0	0	0	1	0	0	0	0
K09775	0	0	1	0	1	0	0	0	0	0	0
K09778	0	0	0	0	0	0	0	0	0	1	0
K09779	1	0	1	0	0	1	1	0	0	0	0
K09787	1	0	1	0	1	1	0	0	0	0	0
K09789	0	0	0	1	0	0	0	0	0	0	0
K09790	0	1	0	1	0	0	0	0	0	0	0
K09793	0	1	0	1	0	0	0	0	0	1	0
K09797	0	0	0	0	0	0	0	1	0	0	1
K09807	0	1	0	1	1	0	0	0	0	0	0
K09808	0	0	0	0	0	0	0	0	0	1	0
K09809	0	0	0	0	0	0	0	0	3	0	0
K09809 K19354	0	1	0	0	0	0	0	0	0	0	0
K09812	0	0	0	0	0	0	1	0	0	0	0
K09815	1	0	3	0	0	0	0	0	0	0	0
K09816	1	0	2	0	0	0	0	0	0	0	0
K09817	1	1	3	0	0	0	0	0	0	0	0
K09819	0	0	0	0	0	0	0	0	0	1	0
K09820	0	0	0	0	0	0	0	0	0	1	0
K09825	0	0	2	0	0	0	0	0	0	1	0
K09861	3	0	1	0	0	0	0	0	0	0	0
K09888	1	0	1	1	1	1	1	1	0	0	0
K09922	0	1	0	1	0	0	0	1	0	1	0
K09924	0	0	0	1	0	0	0	0	0	0	0
K09935	2	0	1	0	0	1	0	0	0	0	0
K09936	1	0	0	0	0	0	0	0	0	0	0
K09939	0	0	0	1	0	0	0	0	0	0	0
K09940	0	0	0	0	0	0	0	0	0	1	0
K09955	0	0	0	4	0	2	0	0	1	0	0
K09963	0	0	0	0	0	0	1	0	0	0	0
K09967	0	0	0	0	0	2	0	0	0	0	0
K09968	0	0	0	0	0	0	1	0	0	0	0
K09973	0	0	0	1	0	0	0	0	0	0	0
K09974	0	0	0	0	0	0	0	0	0	1	0
K09994	0	0	0	0	0	0	0	0	0	0	1
K10009	0	0	0	0	1	1	0	0	0	0	0
K10010	0	0	0	0	0	1	0	0	0	0	0
K10026	0	0	0	0	0	0	0	0	0	1	0
K10112	0	0	1	0	1	0	0	0	0	0	0
K10112 K17240	1	0	0	0	0	0	0	0	0	0	0
K10117	9	0	0	0	0	1	0	0	3	0	0
K10118	5	0	0	0	1	3	0	0	2	0	0
K10119	8	0	0	0	1	4	0	0	1	0	0
K10119 K10202	0	0	0	0	0	0	1	0	0	0	0
K10188	1	0	0	0	0	1	1	0	0	0	0
K10189	0	0	0	0	0	0	2	0	0	0	0
K10190	1	0	0	0	0	2	1	0	0	0	0
K10194	0	0	0	0	1	0	0	0	0	0	0
K10200	1	0	0	0	2	0	0	0	0	0	0
K10201	1	0	0	0	1	0	0	0	0	0	0
K10202	1	0	0	0	1	0	0	0	0	0	0
K10254	1	0	0	0	2	1	0	0	1	0	0
K10297 K15923 K18197	0	0	0	0	0	1	0	0	0	0	0
K10439	5	0	6	0	0	0	0	0	0	0	1
K10439 K17202	1	0	0	0	0	0	0	0	0	0	0
K10440	3	0	6	0	0	2	0	0	0	0	1
K10441	3	0	6	0	0	1	0	0	0	0	0
K10536	0	0	0	0	0	0	0	1	0	1	0
K10537	0	0	1	0	0	0	0	0	0	0	0
K10539	0	0	1	0	0	0	0	0	0	0	0
K10540	0	0	1	0	1	2	0	0	0	0	0
K10544 K10547	0	0	1	0	0	0	0	0	0	0	0
K10546	1	0	1	0	0	0	0	0	1	0	0
K10547	1	0	1	0	0	0	0	0	1	0	0
K10548	1	0	1	0	0	0	0	0	0	0	0
K10556	0	0	1	0	0	0	0	0	0	0	0
K10557	0	0	1	0	0	0	0	0	0	0	0
K10558	0	0	1	0	0	0	0	0	0	0	0
K10561	1	0	0	0	0	0	0	0	0	0	0
K10679	0	0	0	0	0	0	0	0	0	1	0
K10709	0	0	1	0	0	0	0	0	0	0	0
K10716	0	1	0	1	0	0	0	0	1	2	0
K10742	0	0	0	1	0	0	0	2	0	0	0
K10800	0	0	0	0	0	0	0	0	0	1	0
K10823	1	0	1	0	1	0	1	0	0	2	0
K10824	0	0	1	0	1	0	0	0	0	0	0
K10906	0	0	0	0	0	0	0	0	0	0	2
K10907	0	0	0	0	0	0	0	0	0	1	0
K10914	1	0	1	0	0	0	0	0	0	0	0
K10947	1	1	0	1	1	3	4	0	0	0	0
K10974	0	0	1	0	0	0	0	0	0	0	0
K11069	0	0	1	0	0	0	1	0	0	0	0
K11070	1	0	1	0	0	0	0	0	0	0	0
K11071	0	0	1	1	0	0	0	0	0	0	0
K11085	0	0	0	0	0	0	0	0	0	2	0
K11175	0	0	0	0	0	0	0	0	0	1	0
K11189	1	0	0	0	1	3	0	0	0	0	0
K11249	1	0	0	0	0	0	0	0	0	0	0
K11358	0	0	0	0	1	0	0	0	1	0	0
K11534	0	0	1	0	0	0	0	0	0	0	0
K11614	0	0	0	0	0	1	0	0	0	0	0
K11615 K11692	0	0	0	0	0	0	1	0	0	0	0
K11635	0	0	0	0	0	0	1	0	0	0	0
K11636	0	0	0	0	0	0	1	0	0	0	0
K11690	0	0	1	0	0	0	0	0	0	0	0
K11717	0	0	0	0	0	0	0	0	0	1	0
K11720	0	0	0	0	0	0	0	0	0	1	0
K11738	0	0	0	0	0	0	0	0	1	0	0
K11741	0	0	0	0	0	0	1	0	0	1	0
K11744	0	0	0	0	0	0	0	0	0	1	0
K11749	0	0	0	0	0	0	0	0	0	1	0
K11751	2	0	1	0	0	1	0	0	0	0	0
K11752	0	0	0	0	0	0	0	0	2	1	0
K11753	0	0	0	0	0	0	0	0	0	1	0
K11754	0	0	0	0	0	0	0	0	0	1	0
K11891	0	0	0	0	0	0	0	0	0	0	1
K11892	0	0	0	0	0	0	0	0	0	0	1
K11893	0	0	0	0	0	0	0	0	0	0	1
K11895	0	0	0	0	0	0	0	0	0	0	1
K11900	0	0	0	0	0	0	0	0	0	0	1
K11901	0	0	0	0	0	0	0	0	0	0	1
K11904	0	0	0	0	0	0	0	0	0	0	1
K11905	0	0	0	0	0	0	0	0	0	0	2
K11906	0	0	0	0	0	0	0	0	0	0	1
K11910	0	0	0	0	0	0	0	0	0	0	1
K11911	0	0	0	0	0	0	0	0	0	0	2
K11921	0	0	0	0	0	0	0	1	0	0	0
K11927	0	0	0	0	0	0	0	0	0	1	0
K11928	0	0	0	0	0	0	0	0	1	0	0
K11931	0	0	0	2	0	0	0	0	0	0	0
K11932	0	0	0	0	0	0	0	0	0	0	1
K11934	0	1	0	0	0	0	0	1	0	0	0
K11941	0	0	0	0	0	0	0	0	0	3	0
K12132	1	0	1	1	1	0	1	3	0	0	0
K12137	0	1	0	0	0	0	0	0	0	0	0
K12140	0	1	0	0	0	0	0	0	0	0	0
K12240	1	0	0	0	0	0	0	0	0	0	0
K12251	0	0	0	1	0	0	0	0	0	1	0
K12308	3	2	0	5	0	3	3	0	2	2	0
K12340	0	0	0	2	0	0	0	2	0	1	0
K12340 K12543	0	0	0	0	0	0	0	0	0	0	1
K12343	0	1	0	1	0	0	0	0	0	0	0
K12373	0	2	0	10	0	0	1	3	0	5	0
K12511	1	0	1	0	0	2	0	0	0	0	0
K12516	0	0	0	0	0	0	0	0	0	0	1
K12527	1	0	1	0	0	0	0	0	0	0	0
K12541	0	0	0	0	0	0	0	0	0	0	1
K12554	0	0	0	0	0	0	0	0	2	0	0
K12678	0	0	0	0	0	0	0	0	0	0	2
K12678 K12679	0	0	0	0	0	0	0	0	0	0	1
K12941	0	0	1	0	0	0	0	0	0	0	0
K12952	1	0	0	0	0	1	0	0	0	0	0
K12984	0	0	0	0	0	0	0	1	0	0	0
K12986	0	0	0	0	0	0	0	0	0	0	1
K12991	0	0	0	0	0	0	0	0	0	0	1
K12992	1	0	0	0	0	1	0	0	0	0	0
K12997 K16698	0	0	0	0	0	1	0	0	0	0	0
K13002	0	0	0	0	0	0	0	1	0	0	0
K13004	0	0	0	1	0	0	0	0	0	0	0
K13010	0	0	1	0	0	0	0	0	0	0	0
K13012	0	1	1	0	1	1	0	0	0	0	0
K13052	0	0	1	0	0	0	0	0	0	0	0
K13292	0	0	1	0	0	0	0	0	0	0	0
K13403	0	0	0	0	0	0	0	0	0	0	1
K13542	0	0	0	0	0	0	0	0	0	1	0
K13599	0	0	0	0	0	0	0	0	0	1	0
K13640	0	0	0	0	0	0	0	0	0	1	0
K13652	0	0	0	2	0	0	0	0	0	0	0
K13653	0	0	1	0	0	0	1	0	0	0	0
K13663	1	0	1	0	0	0	0	0	0	0	0
K13730	1	0	0	0	0	0	0	0	0	0	0
K13735	0	0	0	0	0	0	0	0	0	0	1
K13747	0	0	0	0	0	0	0	0	0	1	0
K13821	0	0	0	0	0	0	0	0	0	1	0
K13893	0	0	0	0	0	0	0	0	0	2	0
K13894	0	0	0	0	0	0	0	0	0	1	0
K13895	0	0	0	0	0	0	0	0	0	1	0
K13963	1	0	1	0	0	1	0	1	0	0	0
K13993	0	0	0	0	0	0	1	0	0	0	0
K14051	0	0	0	0	0	0	0	0	1	0	0
K14155	0	0	0	0	0	1	0	0	1	2	1
K14170	0	0	0	0	0	0	0	0	0	1	0
K14260	1	0	0	0	0	1	0	0	0	0	0
K14347	0	0	0	0	0	0	0	0	0	1	0
K14379	0	0	0	0	0	0	0	1	0	0	0
K14415	0	0	0	0	0	1	0	0	0	0	0
K14441	0	0	0	0	0	0	0	0	0	1	0
K14445	0	0	1	1	0	0	0	2	0	2	0
K14652	0	0	0	0	0	0	0	0	0	1	0
K14682	0	0	0	0	0	0	0	0	0	1	0
K14731	0	0	0	0	0	1	0	0	0	0	0
K14949	0	1	0	0	0	0	0	0	0	0	0
K15051	0	0	0	0	0	0	1	0	0	0	0
K15073	0	0	0	0	0	0	0	0	0	0	2
K15125	0	0	0	0	0	0	0	1	0	0	0
K15256	0	0	1	0	1	0	0	0	0	0	0
K15342	0	0	1	0	0	0	0	0	0	0	0
K15358	0	0	1	0	0	0	0	0	0	0	0
K15527	0	1	0	0	0	0	0	0	0	0	0
K15531	0	0	0	0	0	1	0	0	1	0	0
K15532	0	0	0	3	1	1	0	0	0	0	0
K15533	0	0	0	0	0	1	0	0	0	0	0
K15539	0	1	0	0	0	0	0	0	0	0	0
K15553	1	0	0	0	0	0	0	0	0	0	0
K15555	0	0	0	0	0	1	0	0	0	0	0
K15580	0	0	0	0	0	0	3	0	0	1	0
K15581	0	0	0	0	1	0	0	0	0	1	0
K15582	0	0	0	0	2	0	0	0	0	1	0
K15583	1	0	0	0	2	1	0	0	0	1	0
K15585	0	0	1	0	1	0	0	0	0	0	0
K15629	0	0	0	0	0	0	1	0	0	0	0
K15634	0	0	0	0	0	0	0	0	2	0	0
K15634 K15640	0	0	0	0	0	0	0	1	0	0	0
K15635	0	0	1	1	0	0	0	0	0	0	0
K15726	0	0	0	1	0	0	0	0	0	0	0
K15727	0	0	0	1	0	0	0	0	0	0	0
K15770	0	0	0	0	0	3	1	0	0	0	0
K15771	0	0	0	0	0	3	0	0	0	0	0
K15772	0	0	0	0	0	3	0	0	0	0	0
K15921	0	0	0	0	0	1	0	0	0	0	0
K15923	0	0	0	5	0	1	0	2	1	3	0
K15924	0	0	0	0	0	0	0	0	0	1	0
K15973	0	0	0	0	0	0	1	0	0	0	0
K15977	0	0	0	1	0	0	0	0	0	2	0
K15986	0	0	0	0	0	0	0	0	0	1	0
K16011	0	0	1	0	0	0	0	0	0	0	0
K16052 K22044	0	0	0	0	1	0	0	0	0	0	0
K16079	0	0	0	0	0	0	0	0	0	1	0
K16089	0	1	0	4	0	0	0	1	0	0	0
K16137	1	0	0	0	0	0	0	0	0	0	0
K16211	0	0	0	0	0	0	0	1	0	0	0
K16212	0	0	0	1	0	1	0	0	0	0	0
K16213	0	0	0	0	0	1	0	0	0	0	0
K16328	0	0	0	0	0	0	0	0	1	0	0
K16371	0	0	1	0	0	0	0	0	0	0	0
K16697	0	0	0	0	0	0	1	0	0	0	0
K16703	0	0	0	0	0	0	0	0	0	2	0
K16784	0	0	0	0	0	0	0	0	1	0	0
K16785	5	0	2	0	2	1	1	0	0	0	2
K16785 K16786 K16787	0	0	0	0	1	0	0	0	1	0	0
K16786	0	0	0	0	0	0	0	0	0	0	1
K16786 K16787	6	0	3	0	2	1	1	0	0	0	0
K16787	0	0	0	0	0	0	0	0	0	0	1
K16788	0	0	1	0	1	0	1	0	0	0	0
K16789	0	0	1	0	1	0	0	0	0	0	0
K16849	0	0	0	0	0	0	1	0	0	0	0
K16850	0	0	1	0	0	0	0	0	0	0	0
K16868	1	0	0	0	0	0	1	0	0	0	0
K16898	0	0	0	0	0	1	1	0	0	0	0
K16919	0	0	0	0	0	0	1	0	0	0	0
K16923	0	0	0	0	0	0	0	0	0	0	1
K16924	1	0	0	0	1	0	0	0	0	0	0
K16925	0	0	0	0	0	0	1	0	1	0	0
K16926	4	0	1	0	0	1	0	0	0	0	0
K16927	1	0	0	0	0	0	2	0	0	0	0
K17073	0	0	1	0	0	0	0	0	0	0	0
K17073 K17074	0	0	1	0	0	0	0	0	0	0	0
K17103	1	0	0	0	0	0	0	0	0	1	0
K17203	1	0	0	0	0	0	0	0	0	0	0
K17204	1	0	0	0	0	0	0	0	0	0	0
K17213	1	0	1	0	0	1	0	0	0	0	0
K17215	0	0	1	0	0	0	0	0	0	0	0
K17235	0	0	0	0	0	1	0	0	0	0	0
K17236	0	0	0	0	0	1	0	0	0	0	0
K17250	0	0	0	0	0	0	0	1	0	0	0
K17318	3	0	0	0	1	4	4	0	1	0	0
K17319	2	0	0	0	1	5	4	0	0	0	0
K17320	1	0	0	0	1	2	4	0	0	0	0
K17463	0	0	0	0	0	0	2	0	0	0	0
K17680	0	0	1	1	0	0	0	0	0	0	0
K17686	0	0	0	0	0	0	0	0	1	1	0
K17716	0	1	0	0	0	0	0	0	0	0	0
K17723	0	0	1	0	0	0	0	0	0	0	0
K17733	0	0	0	0	0	0	0	0	0	1	0
K17836	2	0	0	0	2	0	0	0	0	1	0
K17992	0	0	1	0	0	0	0	0	0	0	0
K18139	0	0	0	0	0	0	0	0	0	1	0
K18139 K18300	0	2	0	1	0	0	0	2	0	0	0
K18148	0	0	3	0	0	0	0	0	0	0	0
K18149 K21467	0	0	0	0	0	0	1	0	0	0	0
K18197	0	0	0	3	0	0	0	0	0	0	0
K18220	0	0	1	0	0	0	0	0	0	0	0
K18334	0	0	0	0	0	0	0	0	2	0	0
K18344	1	0	0	0	0	0	0	0	0	0	0
K18345	2	0	0	0	0	0	0	0	0	0	0
K18346	1	0	0	0	0	1	0	0	0	0	0
K18348	0	0	0	0	0	0	1	0	0	0	0
K18349	2	0	0	0	0	0	1	0	0	0	0
K18350	1	0	0	0	0	0	1	0	0	0	0
K18353	0	0	0	0	0	0	0	0	1	1	0
K18369	1	0	1	0	1	0	0	0	0	0	0
K18429	0	0	1	0	0	0	0	0	0	0	0
K18471	0	0	0	0	1	0	0	0	0	0	0
K18475	0	0	0	0	0	2	0	0	0	0	0
K18581	0	0	0	2	0	1	0	0	0	0	0
K18640	5	0	0	0	0	2	0	0	0	0	0
K18700	0	0	0	0	1	1	0	0	0	0	0
K18785	0	1	0	0	0	2	0	1	0	0	0
K18785 K20885	0	0	0	2	0	0	0	0	0	0	0
K18815	0	0	0	0	0	0	2	0	0	0	0
K18843	1	0	0	0	1	0	0	0	0	0	0
K18862	0	0	0	0	0	0	0	0	0	0	6
K18866	0	0	0	0	0	0	1	0	0	0	0
K18889	2	0	0	0	2	1	0	0	0	0	0
K18890	0	0	0	0	1	0	0	0	0	0	0
K18910	0	0	1	0	0	0	0	0	0	0	0
K18919 K18920 K18921	0	0	0	0	0	0	0	0	0	0	1
K18923	0	0	0	0	0	0	1	0	0	0	0
K18928	0	0	0	1	0	0	0	1	0	0	0
K18929	0	0	0	1	0	0	0	1	0	0	0
K18954	0	0	0	0	0	0	0	2	0	0	0
K18979	0	0	0	0	0	0	0	0	0	1	0
K18997	0	1	0	0	0	0	0	0	0	0	0
K19002	0	0	0	0	1	0	0	0	0	0	0
K19005	0	0	0	1	0	0	0	1	0	0	0
K19049	0	1	0	1	0	0	0	0	0	0	0
K19050	0	1	0	1	0	0	0	0	0	0	0
K19052	0	1	0	3	0	0	0	0	0	0	0
K19055	1	0	1	0	0	0	0	0	0	0	0
K19068	1	1	0	3	0	0	0	0	0	0	0
K19081	1	0	0	0	0	0	0	0	0	0	0
K19082	1	0	0	0	0	0	0	0	0	0	0
K19092	2	0	0	0	0	1	0	0	0	0	1
K19147	0	0	0	1	0	0	0	0	0	0	0
K19157	1	0	0	0	0	0	0	1	0	0	0
K19158	0	0	1	0	1	0	0	0	0	0	0
K19165	0	0	0	0	0	1	0	0	0	0	0
K19167	0	0	0	0	0	1	0	0	0	0	0
K19170	0	1	0	0	0	0	0	0	0	0	0
K19171	0	0	0	0	0	1	0	0	0	0	0
K19180	1	0	1	0	0	0	0	0	0	0	0
K19225	0	0	0	1	0	0	0	0	0	0	0
K19234 K19236	0	0	0	0	0	0	0	0	0	1	0
K19265	1	0	0	0	0	1	0	0	1	1	0
K19271	0	0	1	0	0	1	0	0	0	0	0
K19273	0	0	0	1	0	0	0	0	0	0	0
K19285 K19286	0	1	0	0	0	0	0	1	0	0	0
K19294	0	0	3	0	1	4	0	0	0	0	0
K19302	1	0	1	0	1	1	2	1	1	0	0
K19304	0	0	0	1	0	0	0	0	0	0	0
K19310	0	0	0	0	2	0	0	0	0	0	0
K19310 K20461	0	0	0	0	1	0	0	0	0	0	0
K19333	0	0	1	0	0	0	1	0	0	0	0
K19350	0	0	0	0	0	2	0	0	0	0	0
K19353	0	0	0	0	0	0	0	1	0	0	0
K19405	0	0	0	0	0	0	0	0	0	1	0
K19411	0	0	0	0	0	0	0	0	0	1	0
K19427	0	0	0	0	0	0	0	0	0	3	0
K19449	0	0	0	0	0	0	1	0	0	0	0
K19504	0	0	0	0	0	0	1	0	0	0	0
K19505	0	0	0	0	0	0	2	0	0	0	0
K19506	0	0	0	0	0	0	1	0	0	0	0
K19507	0	0	0	0	0	0	1	0	0	0	0
K19508	0	0	0	0	0	0	2	0	0	0	0
K19509	0	0	0	0	0	0	2	0	0	0	0
K19510	0	0	0	0	0	0	1	0	0	0	0
K19519	0	0	0	1	0	0	0	0	0	0	0
K19545	0	0	0	1	0	1	0	0	0	0	0
K19689	0	0	0	0	0	0	0	0	0	1	0
K19701	0	0	0	0	0	0	0	0	0	1	0
K19736	0	0	0	0	0	0	0	0	0	0	1
K19802	0	0	0	0	1	0	0	0	0	0	0
K19954	0	0	0	0	0	0	0	0	1	0	0
K19955	1	0	2	1	0	1	0	0	0	0	0
K19974	0	0	1	0	0	0	0	0	0	0	0
K19997	0	0	0	3	1	0	0	0	0	0	0
K20073	0	0	0	0	0	0	1	0	0	0	0
K20074	0	0	0	1	0	1	0	0	0	1	0
K20265	0	1	0	0	0	0	0	0	0	1	0
K20276	1	0	0	0	0	0	0	2	0	2	0
K20276 K21449	0	0	0	0	0	0	0	1	0	0	0
K20342 K20480	0	0	0	0	0	1	0	0	0	0	0
K20344	0	0	0	0	1	0	0	0	0	0	0
K20345	0	0	0	0	1	0	0	0	0	0	0
K20379	0	0	0	0	0	0	1	0	0	0	0
K20388	0	0	0	0	0	0	1	0	0	0	0
K20391	0	0	0	0	0	0	1	0	0	0	0
K20444	4	0	0	0	2	2	0	0	0	0	0
K20445	0	0	1	0	0	0	0	0	0	0	0
K20447	0	0	1	0	0	0	0	0	0	0	0
K20449	0	0	1	0	0	0	0	0	0	0	0
K20451	0	0	1	0	0	0	0	0	0	0	0
K20460	1	0	2	0	1	1	0	0	0	0	0
K20461	1	0	1	0	1	2	0	0	0	0	0
K20487	2	0	0	0	1	4	0	0	0	0	0
K20488	2	0	0	0	1	1	0	0	0	0	0
K20489	1	0	0	0	0	0	0	0	0	0	0
K20491	0	0	0	0	0	1	0	0	0	0	0
K20534	1	0	0	1	0	2	0	0	0	0	1
K20810	0	1	0	0	0	0	0	0	0	0	0
K20885	0	1	0	1	0	0	1	0	0	0	0
K21011	1	0	0	0	0	1	0	0	1	0	0
K21012	1	0	0	0	0	1	0	0	1	0	0
K21029	0	0	0	0	1	0	0	1	1	0	0
K21065	0	0	0	3	0	0	0	0	0	0	0
K21071	0	0	0	0	0	0	0	0	0	2	0
K21140	0	0	0	0	0	1	0	0	0	0	0
K21379	0	0	0	1	0	0	0	0	0	0	0
K21394	0	0	0	0	0	0	0	0	0	0	1
K21449	0	3	0	0	0	0	0	2	0	0	0
K21469	0	0	0	0	0	1	0	0	0	0	0
K21470	0	0	0	1	0	0	0	1	0	0	0
K21471	2	0	2	0	2	6	1	0	2	1	0
K21471 K21472	0	0	1	0	0	0	0	0	0	0	0
K21472	1	0	0	0	0	2	0	0	0	0	0
K21498	0	0	0	2	0	0	0	0	0	0	0
K21556	0	0	0	1	0	0	0	0	0	0	0
K21557	0	0	0	1	0	0	0	0	0	0	0
K21562	0	0	0	0	0	0	1	0	0	0	0
K21571	0	1	0	4	0	0	0	2	0	0	0
K21572	0	32	0	102	0	0	0	6	0	0	0
K21573	0	0	0	1	0	0	0	0	0	0	0
K21575	0	0	0	1	0	0	0	0	0	0	0
K21600	1	0	1	0	0	0	1	0	0	0	0
K21636	0	0	0	0	0	0	0	0	0	1	0
K21672	0	0	1	0	0	0	0	0	0	0	0
K21688	0	0	0	0	0	0	0	0	1	0	0
K21755	0	0	1	0	0	2	0	0	0	0	0
K21929	0	0	0	0	0	0	0	0	0	2	0
K21977	0	0	0	0	0	0	0	0	0	1	0
K21990 K21993	0	1	0	0	0	0	0	0	0	0	0
K22010	1	0	1	0	1	1	0	0	0	0	0
K22132	0	0	0	0	0	0	0	0	0	1	0
K22222	1	0	0	0	0	0	0	0	0	0	0
K22230	0	0	0	0	1	0	0	0	0	0	0
K22278	2	0	0	0	0	1	0	0	0	1	0
K22293	0	0	0	0	1	0	0	0	0	0	0
K22397	0	0	0	0	0	0	0	0	1	0	0
K22405	0	1	1	0	0	0	0	0	0	0	0
KatE	1	0	0	0	1	1	0	0	0	0	0
LACTBL1	0	0	0	0	0	0	0	0	0	0	1
LYS1 K00290	1	1	0	1	1	1	0	1	0	0	0
Lrp	0	0	1	0	1	1	0	0	0	0	0
M1-418	0	1	0	0	0	0	0	0	0	0	0
M1-431	0	0	1	0	0	0	1	0	0	0	0
M1-642	0	0	0	0	0	0	1	0	0	0	0
M1-734 K07272 K13486 K20543 K21007	0	0	0	0	0	0	0	0	0	1	0
M1-755	0	0	0	0	0	0	1	0	0	0	0
MA20_05485	0	0	0	0	0	0	0	0	0	1	0
MA20_36650	0	0	0	0	0	0	0	0	0	1	0
MA20_42350 K09809	0	0	0	0	0	0	0	0	0	1	0
MET17 K01740	1	0	0	0	0	1	0	0	0	0	0
MTHFR1 K00297 K10901	0	0	0	0	0	0	0	0	0	0	2
NPD7_560 K09777	1	0	1	0	0	1	0	0	0	0	0
Nfo K01151	0	0	0	0	1	0	0	0	0	0	0
O	0	0	0	0	0	0	0	0	0	0	1
ORF00048	0	0	0	0	0	0	1	0	0	0	0
PPA1328 K07053 K20859	0	0	0	0	0	0	0	0	1	0	0
PaaY K02617	0	0	1	0	1	1	0	0	0	0	0
PflX K04070	1	0	1	0	0	1	0	0	0	0	0
RNR2 K10808	0	0	0	0	0	0	0	0	0	0	2
RimI K22477	0	0	0	0	0	1	0	0	0	0	0
Rnd	1	0	0	0	0	1	0	0	0	0	0
RpL8 K02938	0	0	0	0	0	0	0	0	0	1	0
RsbW	0	0	1	0	0	0	0	0	0	0	0
S	0	0	0	0	0	0	0	0	0	0	1
SpoVK	1	0	0	0	0	1	0	0	0	0	0
TLL0138 K09928	0	0	0	0	0	0	0	0	0	1	0
TRPA1 K04984	0	0	0	0	0	0	0	0	0	1	0
TYR1 K00211 K00852 K12586 K15227	0	0	0	0	0	0	0	0	0	0	1
TdcF K09022	0	0	0	0	1	0	0	0	0	0	0
VY92_08710	0	0	0	0	0	0	0	0	0	0	1
WQ51_01275	0	0	0	0	0	0	1	0	0	0	0
WQ51_01820 K02029	0	0	0	0	0	0	1	0	0	0	0
WQ51_02665	0	0	0	0	0	0	1	0	0	0	0
WQ51_03320	0	0	0	0	0	0	1	0	0	0	0
WQ51_04310 K10947	0	0	0	0	0	0	1	0	0	0	0
WQ51_06230 K05832	0	0	0	0	0	0	1	0	0	0	0
XK26_04485 K16785	0	0	0	0	0	0	1	0	0	0	0
XK27_00020	0	0	0	0	0	0	1	0	0	0	0
XK27_00190 K05910	0	0	0	0	0	0	1	0	0	0	0
XK27_00670 K01989	0	0	0	0	0	0	1	0	0	0	0
XK27_00765 K01992	0	0	0	0	0	0	1	0	0	0	0
XK27_00835	0	0	0	0	0	0	1	0	0	0	0
XK27_00890 K08974	0	0	0	0	0	0	1	0	0	0	0
XK27_00915	0	0	0	0	0	0	1	0	0	0	0
XK27_01125 K07484	0	0	0	0	0	0	1	0	0	0	0
XK27_01785	0	0	0	0	0	0	1	0	0	0	0
XK27_01815 K00239 K00244	0	0	0	0	0	0	1	0	0	0	0
XK27_02735	0	0	0	0	0	0	1	0	0	0	0
XK27_02965	0	0	0	0	0	0	1	0	0	0	0
XK27_02985	0	0	0	0	0	0	1	0	0	0	0
XK27_03015 K07089	0	0	0	0	0	0	1	0	0	0	0
XK27_03670 K07054	0	0	0	0	0	0	1	0	0	0	0
XK27_03960	0	0	0	0	0	0	1	0	0	0	0
XK27_04065 K04767	0	0	0	0	0	0	1	0	0	0	0
XK27_04120	0	0	0	0	0	0	1	0	0	0	0
XK27_04615	0	0	0	0	0	0	1	0	0	0	0
XK27_04775 K09155	0	0	0	0	0	0	3	0	0	0	0
XK27_04815 K07088	0	0	0	0	0	0	1	0	0	0	0
XK27_05145	0	0	0	0	0	0	1	0	0	0	0
XK27_05220	0	0	0	0	0	0	1	0	0	0	0
XK27_05225	0	0	0	0	0	0	1	1	0	0	0
XK27_05385 K07238	0	0	0	0	0	0	1	0	0	0	0
XK27_05505	0	0	0	0	0	0	1	0	0	0	0
XK27_05625	0	0	0	0	0	0	1	0	0	0	0
XK27_05695 K02003 K19083	0	0	0	0	0	0	1	0	0	0	0
XK27_05700 K02004 K19084	0	0	0	0	0	0	1	0	0	0	0
XK27_05795 K17073 K17074	0	0	0	0	0	0	1	0	0	0	0
XK27_06665	0	0	0	0	0	0	1	0	0	0	0
XK27_07105 K07729	0	0	0	0	0	0	0	2	0	0	0
XK27_07210	0	0	0	0	0	0	1	0	0	0	0
XK27_07250 K02034	0	0	0	0	0	0	1	0	0	0	0
XK27_07260 K02035	0	0	0	0	0	0	1	0	0	0	0
XK27_07275 K06901	0	0	0	0	0	0	1	0	0	0	0
XK27_07680 K02003	0	0	0	0	0	0	1	0	0	0	0
XK27_08360	0	0	0	0	0	0	1	0	0	0	0
XK27_08430	0	0	0	0	0	0	1	0	0	0	0
XK27_08585 K16926	0	0	0	0	0	0	1	0	0	0	0
XK27_08630 K07166	0	0	0	0	0	0	1	0	0	0	0
XK27_08635 K09157	0	0	0	0	0	0	1	0	0	0	0
XK27_08840 K05832	0	0	0	0	0	0	1	0	0	0	0
XK27_08845 K05833	0	0	0	0	0	0	1	0	0	0	0
XK27_08850 K19055	0	0	0	0	0	0	1	0	0	0	0
XK27_09445	0	0	0	0	0	0	1	0	0	0	0
XK27_09600 K06147 K18891	0	0	0	0	0	0	1	0	0	0	0
XK27_09605 K18892	0	0	0	0	0	0	1	0	0	0	0
XK27_09615 K19784	0	0	0	0	0	0	1	0	0	0	0
XK27_09985	0	0	0	0	0	0	0	0	0	1	0
XK27_10035 K06147	0	0	0	0	0	0	1	0	0	0	0
XK27_10405	0	0	0	0	0	0	1	0	0	0	0
XK27_10500	0	0	0	0	0	0	1	0	0	0	0
XK27_12140 K01990	0	0	0	0	0	0	1	0	0	0	0
XK27_12505	0	0	0	0	0	0	1	0	0	0	0
YPO0284	0	0	0	0	0	0	0	0	0	0	1
Z012_05445	0	0	0	0	0	0	0	0	0	0	1
Z012_08980 K06872	0	0	0	0	0	0	0	0	0	0	1
Z012_09305 K01347 K12684	0	0	0	0	0	0	0	0	0	0	2
Z012_11195 K07496	0	0	0	0	0	0	0	0	0	0	1
aRA11 K06221 K17743	0	0	0	0	0	0	0	0	0	0	1
aadK K05593	0	0	0	1	1	0	1	0	0	0	0
aaeA K15548	0	0	0	0	0	0	0	0	0	0	1
aaeB K03468	0	0	0	0	0	0	0	0	0	0	1
aaeR K21698	0	0	0	0	0	0	0	0	0	0	1
aaeX K21695	0	0	0	0	0	0	0	0	0	0	1
aap1 K03294	0	0	0	0	0	0	0	0	1	0	0
aapJ K09969	0	0	0	0	0	0	0	0	0	0	1
aapQ K09970	0	0	0	0	0	0	0	0	0	0	1
aas K05939	0	0	0	0	0	0	0	0	0	0	2
aat K00684	0	0	0	0	0	0	0	0	0	0	1
aatB K02030	0	0	0	0	0	0	1	0	0	0	0
abf2 K01209	0	0	0	1	0	0	0	0	0	0	0
abfA K01209	0	0	0	0	0	1	0	0	0	0	0
abgB K12941	1	0	0	0	0	0	0	0	0	0	0
abgB_2	1	0	0	0	0	0	0	0	0	0	0
abnA	0	0	0	1	0	0	0	0	0	0	0
abrB K06284	0	0	1	0	0	0	0	0	0	0	0
abrB K07120	0	0	0	0	0	0	0	0	0	0	1
accA K01962	0	0	0	0	1	0	1	0	0	0	1
accB K02160	1	0	0	0	0	0	1	0	0	0	1
accC K01961	1	0	0	0	0	0	1	0	0	0	1
accC K01961 K01965	0	0	0	1	0	0	0	0	0	0	0
accC K11263	0	0	0	0	0	0	0	0	1	0	0
accD K01962 K01963	1	0	0	0	1	1	0	0	0	0	0
accD K01963	0	0	0	0	0	0	1	0	0	0	1
acd	0	1	0	1	0	0	0	1	0	0	0
aceA K01637	0	0	0	0	0	0	0	0	0	0	1
aceB K01638	0	0	0	0	0	0	0	0	0	0	1
aceE K00163	0	0	0	0	0	0	0	0	0	0	1
aceF K00627	0	0	0	0	0	0	0	0	0	0	1
aceK K00906	0	0	0	0	0	0	0	0	0	0	1
acfD K10939	0	0	0	0	0	0	0	0	0	0	1
ackA K00925	1	1	2	1	1	1	1	1	1	0	0
ackA K00925 K00932	0	0	0	0	0	0	0	0	0	0	2
acm K07273	0	0	0	1	0	0	0	0	0	0	0
acmA K01185 K01227	0	0	0	0	0	0	1	0	0	0	0
acmA K02395 K19220 K19223	0	0	0	0	0	0	1	0	0	0	0
acnA K01681	0	0	1	1	1	0	1	1	1	0	1
acnB K01682	0	0	0	0	0	0	0	0	0	0	1
acpH K08682	0	0	0	0	0	0	0	0	0	0	1
acpP K02078	1	1	1	1	2	2	2	1	0	1	1
acpP2 K02078	0	0	0	1	0	0	0	0	0	0	0
acpP_2 K02078	0	0	0	1	0	0	0	0	0	0	0
acpS K00997	0	0	0	0	0	0	1	0	1	1	1
acpT K00997 K06133	0	0	0	0	0	0	0	1	0	0	0
acpT K06133	0	0	0	0	0	0	0	0	0	0	1
acrA K03585 K18141	0	0	0	0	0	0	0	0	0	0	1
acrB K18138 K18142	0	0	0	0	0	0	0	0	0	0	2
acrD K18324	0	0	0	0	0	0	0	0	0	0	1
acrE K03585 K18141	0	0	0	0	0	0	0	0	0	0	1
acrR K03577	0	0	0	0	0	0	0	0	0	0	1
acrZ	0	0	0	0	0	0	0	0	0	0	1
acsA K01895	0	0	0	0	0	0	0	0	0	0	1
acsA K01895 K08295	0	1	0	1	0	0	0	0	0	0	0
acsC K00197	1	0	0	0	0	0	0	0	0	0	0
acsD K00194	1	0	0	0	0	0	0	0	0	0	0
acsE K15023	1	0	0	0	0	0	0	0	0	0	0
actI K00484	0	0	0	0	0	0	0	0	0	1	0
actP K01533 K17686	2	1	0	0	0	3	0	1	0	0	0
actP K14393	0	0	0	0	0	0	0	0	0	0	1
actP K17686	0	0	1	0	0	0	0	0	0	0	0
acyP K01512	1	0	0	0	0	1	1	0	0	0	1
ada K00567 K10778	0	0	0	0	0	0	0	0	0	0	1
ada K10778	0	0	0	1	0	0	0	0	0	0	0
adaB K00567 K10778 K13531	0	0	0	0	0	0	1	0	0	0	0
adcA K09815	1	0	0	0	0	0	0	0	0	0	0
adcB K09816	0	0	0	0	0	0	1	0	0	0	0
adcC K02074 K09817	0	0	0	0	0	0	1	0	0	0	0
add K01488	1	0	1	1	0	0	0	0	0	0	1
add K01488 K21053	0	0	0	0	0	0	1	0	0	0	0
addA	0	1	0	1	0	0	0	2	0	0	0
addA K16898	1	0	1	0	1	1	1	0	0	0	0
addB K16899	1	0	1	0	1	1	0	0	0	0	0
ade K01486	1	0	1	0	1	1	0	0	0	0	1
adh	0	0	1	0	0	1	0	0	0	0	0
adh K00001	0	0	0	0	0	0	0	0	2	0	0
adh K04072	0	0	0	0	0	0	1	0	0	0	0
adhC K00121	0	0	0	0	0	0	0	0	0	0	1
adhE K04072	0	0	0	0	0	0	0	0	0	0	1
adhE K04072 K15515	0	0	0	0	0	0	0	0	1	0	0
adhP K00001 K13953	0	0	0	0	0	0	0	0	0	0	1
adhR	1	0	0	0	0	0	0	0	0	0	0
adiA K01584	0	0	0	0	0	0	0	0	0	0	2
adiC K03294 K03757 K03759	0	0	0	0	0	0	0	0	0	0	1
adiY K03755	0	0	0	0	0	0	0	0	0	0	1
adk K00939	1	1	1	0	1	1	1	1	1	2	1
adrA K18968	0	0	0	0	0	0	0	0	0	0	1
aefA K05802	0	0	0	0	0	0	0	1	0	0	0
aepX K01841	0	0	0	0	0	1	0	0	0	0	0
aepY K09459	0	0	0	0	0	1	0	0	0	0	0
aer K03406 K03776	0	0	0	0	0	0	0	0	0	0	1
aes K01066	0	0	0	0	0	0	0	0	0	0	1
agaA K02079	0	0	0	0	0	0	0	0	0	0	1
agaB K10984	0	0	0	0	0	0	0	0	0	0	1
agaC K10985	0	0	0	0	0	0	0	0	0	0	1
agaD K10986	0	0	0	0	0	0	0	0	0	0	1
agaE K02747	0	0	0	0	0	0	0	0	0	0	1
agaI K02080	0	0	0	0	0	0	0	0	0	0	1
agaR K02081	0	1	0	0	0	0	0	0	0	0	0
agaR K02081 K02436	0	0	0	0	0	0	0	0	0	0	1
agaS K02082	0	0	0	0	0	0	1	0	0	0	1
agaV K02745 K02794	0	0	0	0	0	0	0	0	0	0	1
agaW K02746	0	0	0	0	0	0	0	0	0	0	1
agcS K03310	1	1	0	1	0	1	0	0	0	0	0
agcS_2 K03310	1	0	0	0	0	0	0	0	0	0	0
aglS K03559	0	0	0	0	0	0	0	0	0	1	0
agmK K03671 K03672	0	0	0	0	0	0	0	0	0	1	0
agp K01085	0	0	0	0	0	0	0	0	0	0	1
aguA K01235	0	0	0	1	0	0	0	0	0	0	0
aguA K10536	0	0	0	1	0	1	0	1	0	0	0
aguB K01431 K12251	0	0	0	0	0	1	0	0	0	0	0
aguD K20265	0	0	0	0	0	0	2	0	0	0	0
ahcY K01251	0	1	0	1	0	0	0	0	0	2	0
ahpC K03386	1	0	2	1	0	0	1	0	1	0	1
ahpF K03387	0	0	0	1	0	0	1	0	0	0	1
aidB K09456	0	0	0	0	0	0	0	0	0	0	1
ais	0	0	0	0	0	0	0	0	0	0	1
alaA K14260	0	0	0	0	0	0	0	0	0	0	1
alaC	0	1	0	1	0	0	0	0	0	0	0
alaE	0	0	0	0	0	0	0	0	0	0	1
alaS K01872	1	1	1	1	1	1	1	1	2	1	1
alaXL K01872	1	0	1	0	1	2	0	0	0	1	0
albE	0	0	0	0	0	0	1	0	0	0	0
ald K00259	0	1	0	1	0	0	1	0	0	0	0
aldB K00138	0	0	0	0	0	0	0	0	0	0	1
aldH K00128	0	1	0	0	0	0	0	0	0	0	0
aldR K09022	0	0	0	0	0	0	1	0	0	0	0
algC K01840 K15778	0	0	0	0	0	0	1	0	0	0	0
algI	0	1	0	2	0	0	0	0	0	0	0
algI K19294	2	0	1	0	0	0	0	0	0	0	0
alkA K01247 K13529	0	0	0	0	0	0	0	0	0	0	1
alkA K03660	0	0	1	0	0	0	0	0	0	0	0
alkB K03919	0	0	0	0	0	0	0	0	0	0	1
alkD	0	0	0	0	0	0	1	0	0	0	0
allA K01483	0	0	0	0	0	0	0	0	0	0	1
allB K01465 K01466	0	0	1	0	0	0	0	0	0	0	0
allB K01466	0	0	0	0	0	0	0	0	0	0	1
allC K02083	0	0	0	0	0	0	0	0	0	0	1
allD K00073	0	0	0	0	0	0	1	0	0	0	1
allS K10972	0	0	0	0	0	0	0	0	0	0	1
alr K01775	1	0	1	1	1	1	0	1	1	0	1
alr K01775 K01929	0	1	0	0	0	0	0	0	0	0	0
alr K01775 K20707	0	0	0	0	0	0	1	0	0	0	0
alsA K10551	0	0	1	0	0	0	0	0	0	0	0
alsB K10439 K10549	0	0	1	0	0	0	0	0	0	0	0
alsC K10550	0	0	1	0	0	0	0	0	0	0	0
alsS K01652	0	0	0	0	0	0	1	0	0	0	0
alx K05794	0	0	0	0	0	0	0	0	0	0	1
amaA K01436	0	1	0	0	0	0	0	0	0	0	0
amd	0	0	0	0	0	0	1	0	0	0	0
amiA K01448	0	1	0	1	0	0	0	1	0	0	1
amiB K01448	0	0	0	0	0	0	0	0	0	0	1
amiC K01448	0	0	0	0	0	0	0	0	0	0	1
amiD K01447 K11066	0	0	0	0	0	0	0	0	0	0	2
amn K01241	0	0	0	1	0	0	0	0	0	0	1
ampC K01467 K19100 K19101 K19215 K20319 K20320	0	0	0	0	0	0	0	0	0	0	2
ampC K21469	0	0	0	0	0	0	1	0	0	0	0
ampD K01447 K03806	0	0	0	0	0	0	0	0	0	0	1
ampE K03807	0	0	0	0	0	0	0	0	0	0	1
ampG K08218	0	2	0	1	0	0	0	2	0	0	1
ams K05341	0	0	0	0	0	0	0	0	1	0	0
ams K05341 K05343	0	0	0	0	1	0	0	0	0	0	0
amt K03320	0	0	0	1	0	1	1	0	1	0	0
amtB K03320	0	0	0	0	0	0	0	0	0	0	1
amy K01176	0	0	0	0	0	0	1	0	0	0	0
amyA K01176	0	0	0	0	0	0	0	0	0	0	1
amyA K07405	0	2	0	1	0	0	0	1	0	0	0
amyA2	0	0	0	1	0	0	0	1	0	0	0
amyA2 K01176	0	0	0	0	0	0	0	1	0	0	0
amyA2 K21575	0	0	0	0	0	0	0	1	0	0	0
amyD3 K02025 K10109 K10118 K15771	1	0	0	0	0	0	0	0	0	0	0
amyE K10117	1	0	0	0	0	1	0	0	2	0	0
ankB K06867	0	0	0	0	0	1	0	0	0	0	0
anmK K09001	0	0	0	0	0	0	1	0	0	0	1
ansA K01424	1	1	1	2	1	1	0	1	1	0	1
ansB K01424	0	0	0	0	0	0	1	0	0	0	0
ansB K01424 K05597	0	0	0	0	0	0	0	0	0	0	1
ansP K11738	0	0	0	0	0	0	0	0	0	0	1
apaG K06195	0	0	0	0	0	0	0	0	0	0	1
apaH K01525	0	0	0	0	0	0	0	0	0	0	1
apbE K03734	1	1	0	1	2	3	2	1	0	0	1
apbE_1 K03734	0	0	0	1	0	0	0	0	0	0	0
apeA	1	0	1	0	1	1	0	0	0	0	0
apeB K01267	1	0	0	0	2	0	0	0	0	0	0
apfA	1	0	0	0	0	1	0	0	0	0	0
aphA K03788	0	0	0	0	0	0	0	0	0	0	1
appA K01085 K01093	0	0	0	0	0	0	0	0	0	0	1
appB K00426	0	0	0	0	0	0	0	0	0	0	1
appB K02033	1	0	0	0	0	1	0	0	0	0	0
appC K00425	0	0	0	0	0	0	0	0	0	0	1
appD K02031	1	0	0	0	0	0	0	0	0	0	0
appF	0	0	1	0	0	0	0	0	0	0	0
appF K02032 K10823	1	0	0	0	0	1	0	0	0	0	0
appF K10823	1	0	0	0	0	0	0	0	0	0	0
aprA K00394	0	0	0	0	0	2	0	0	0	0	0
aprN	0	0	0	1	0	0	0	0	0	0	0
aprX K17734	1	0	0	0	0	1	0	0	0	0	0
apt K00759	1	0	0	1	0	0	1	1	1	0	1
apu K00705 K01187 K01208	0	0	1	0	1	0	0	0	0	0	0
aqpZ K06188	0	0	0	1	0	0	0	0	0	0	1
araA K01804	1	0	0	2	0	1	1	0	1	0	1
araB	1	0	0	1	0	1	0	0	1	0	0
araB K00853	1	1	0	0	0	0	1	0	0	0	1
araC K02099	0	0	0	0	0	0	0	0	0	0	1
araC_2 K02099	0	0	0	0	1	1	0	0	0	0	0
araD K03077	0	0	1	0	0	0	1	0	1	0	1
araE K02100	0	1	0	0	0	0	0	0	0	0	0
araE K02100 K05548 K08137 K08138	0	0	0	0	0	0	0	0	0	0	2
araG K10441 K10539	0	0	0	0	0	0	0	0	0	0	3
araG K10548	0	0	0	0	0	0	1	0	1	0	0
araG_1 K02056	1	0	0	0	0	1	0	0	0	0	0
araH K10544 K10547	0	0	0	0	0	0	1	0	0	0	0
araJ K08156	0	0	0	1	0	0	0	0	0	0	1
araN K17234	0	0	0	0	0	1	0	0	0	0	0
araR K02103	1	0	1	0	0	1	1	0	0	0	0
araT K00841	0	0	0	0	0	0	1	0	0	0	0
arbA_2 K06113	0	0	0	1	0	0	0	0	0	0	0
arbF3 K02755 K02756 K02757	0	0	0	0	0	0	1	0	0	0	0
arbG K03488	0	0	0	0	0	0	0	0	1	0	0
arc K13527	0	0	0	0	0	0	0	0	1	0	0
arcA K01478	0	0	0	0	0	0	3	0	0	0	0
arcA K07773	0	0	0	0	0	0	0	0	0	0	1
arcB K07648	0	0	0	0	0	0	0	0	0	0	1
arcC K00926	2	0	1	0	0	1	1	0	0	0	1
arcD K03758	0	0	0	0	0	0	1	0	0	0	0
arcR K21828	0	0	0	0	0	0	1	0	0	0	0
arfA K09890	0	0	0	0	0	0	0	0	0	0	1
argA K14682	0	0	0	0	0	0	0	0	0	0	1
argB K00930	1	1	1	1	0	1	1	0	0	1	0
argC K00145	1	0	1	1	1	1	1	0	1	1	2
argD K00821	1	2	1	1	1	1	1	0	2	0	0
argD K00821 K00840	0	0	0	0	0	0	0	0	0	0	2
argE	0	0	0	0	0	0	0	0	1	0	0
argE K01438	0	1	1	1	0	0	0	0	0	0	1
argF K00611	1	0	1	0	2	1	2	0	1	0	0
argF K09065 K13043	0	1	0	1	0	0	0	0	0	0	0
argG K01940	1	2	1	1	1	1	1	0	1	1	1
argH K01755	1	1	1	1	1	1	1	0	1	0	0
argH K01755 K14681	0	0	0	0	0	0	0	0	0	0	1
argI K00611 K09065	0	0	0	0	0	0	0	0	0	0	1
argJ K00620	1	0	1	0	1	1	1	0	1	1	0
argK K07588	0	1	0	1	0	0	0	0	0	0	1
argO K06895	0	0	0	0	0	0	0	0	0	0	2
argP K05596	0	0	0	0	0	0	0	0	0	0	1
argR K03402	1	0	1	1	1	1	0	1	1	0	1
argR1 K03402	0	0	0	0	0	0	1	0	0	0	0
argR2 K03402	0	0	0	0	0	0	1	0	0	0	0
argS K01887	2	1	1	1	1	1	1	2	2	1	1
argT K09996 K10013 K10014	0	0	0	0	0	0	0	0	0	0	1
arlS	1	0	0	0	0	1	0	0	0	0	0
arlS K18940	0	0	0	0	0	0	1	0	0	0	0
arlS_1	0	0	0	1	0	0	0	0	0	0	0
arlS_2	0	0	0	1	0	0	0	0	0	0	0
arnA K01784 K10011	0	0	0	0	0	0	0	0	0	0	2
arnB K07806	0	0	0	0	0	0	0	0	0	0	1
arnC	0	1	0	1	0	0	0	0	0	0	0
arnC K10012	0	0	0	0	0	0	0	0	0	0	1
arnE K12962	0	0	0	0	0	0	0	0	0	0	1
arnF K12963	0	0	0	0	0	0	0	0	0	0	1
arnT	0	0	0	1	0	0	0	0	0	0	0
arnT K07264	0	0	0	0	0	0	0	0	0	0	1
aroA K00800	2	1	1	1	2	2	1	1	1	1	1
aroB K01735	0	1	1	1	1	0	1	3	0	1	1
aroB K01735 K13829	1	0	0	0	0	1	0	0	1	0	0
aroC K01736	1	1	1	1	1	1	1	1	1	1	2
aroD K03785	1	0	0	0	1	2	1	0	0	0	1
aroD K06889	0	0	0	0	1	1	0	0	0	0	0
aroE K00014	2	2	2	1	1	1	1	1	1	1	1
aroF K01626	0	0	0	0	0	0	0	0	0	0	1
aroF K03856	0	0	2	0	2	0	1	0	0	0	0
aroG K01626	0	0	0	0	0	0	0	0	2	0	1
aroH K01626	1	0	0	0	0	1	0	0	0	0	1
aroK K00891	3	1	1	1	0	2	1	1	0	1	1
aroL K00891	0	0	0	0	0	0	0	0	0	0	1
aroM K14591	0	0	0	0	0	0	0	0	0	0	1
aroP K03293 K11732	0	0	0	0	0	0	0	0	1	0	0
aroP K11732 K11734	0	0	0	0	0	0	0	0	0	0	1
aroQ K03786	0	1	1	1	0	0	0	1	0	0	0
arpJ K02029 K02030	0	0	0	0	0	0	1	0	0	0	0
arr	0	0	0	0	0	0	1	0	0	0	0
arrQ K01185	0	0	0	0	0	0	0	0	0	0	2
arsA	0	0	0	1	0	0	0	0	0	0	0
arsA K01551	0	0	0	0	0	0	1	0	0	0	0
arsB K03325	1	0	0	0	0	0	1	0	0	0	0
arsB K03893	0	0	0	0	0	0	0	0	0	0	1
arsC K00537	0	0	0	0	0	0	0	0	0	0	1
arsC K03741	2	0	0	0	0	0	1	0	0	0	0
arsC K03741 K18701	0	0	0	0	0	0	0	0	1	0	0
arsR K03892	1	0	0	0	0	0	2	0	0	0	1
arsR2 K03892	0	0	0	0	0	0	0	0	0	0	1
artI K09996 K09997 K10014	0	0	0	0	0	0	0	0	0	0	1
artJ K09996 K09997 K10014	0	0	0	0	0	0	0	0	0	0	1
artP K02029 K02030	1	0	0	0	1	0	0	0	0	0	0
artP K02030	0	0	0	0	0	0	1	0	0	0	0
artP K10000	0	0	0	0	0	0	0	0	0	0	1
ascB K01223	0	0	0	0	0	0	1	0	0	0	0
ascB K01223 K05350	0	0	0	0	0	0	0	0	0	0	1
ascF K02752 K02753 K02755 K02756 K02757	0	0	0	0	0	0	0	0	0	0	1
ascG K03487	0	0	0	0	0	0	0	0	0	0	1
asd K00133	1	0	1	1	1	1	1	1	1	2	1
ask K00928	0	0	0	0	0	0	0	0	2	0	0
aslA	0	1	0	1	0	0	0	0	0	0	0
aslA K01130	0	0	0	0	0	0	0	0	0	0	1
aslB K06871	0	0	0	0	0	0	0	0	0	0	1
asmA K07289	0	0	0	0	0	0	0	0	0	0	1
asnA K01914	1	1	2	1	1	1	0	0	0	0	1
asnA2 K01424	0	0	0	0	0	0	1	0	0	0	0
asnB K01953	2	0	0	1	1	1	1	0	0	0	1
asnC K03718	0	1	0	2	0	0	0	2	1	0	0
asnC K03718 K03719	0	0	0	0	0	0	0	0	0	0	1
asnS K01893	1	1	1	1	1	1	1	1	0	1	2
asp	1	0	1	0	1	1	0	0	0	0	0
asp1	0	0	0	0	0	0	2	0	0	0	0
asp1 K12268	0	0	0	0	0	0	1	0	0	0	0
asp2 K12269	0	0	0	0	0	0	1	0	0	0	0
asp3 K12270	0	0	0	0	0	0	1	0	0	0	0
aspA K01744	0	1	0	1	0	0	0	1	0	0	1
aspB K00812	0	0	0	0	0	0	0	0	1	0	0
aspB K00812 K22457	0	0	0	0	0	0	1	0	0	0	0
aspB3	0	0	0	0	0	0	1	0	0	0	0
aspC K00812	0	0	0	1	0	0	0	1	1	0	0
aspC K00812 K08969 K14260	0	0	0	0	0	0	0	0	2	0	0
aspC K00812 K14260	0	0	0	1	0	0	0	2	0	0	0
aspC K00813 K00832	0	0	0	0	0	0	0	0	0	0	1
aspC K10907	0	0	1	0	1	1	0	0	0	0	0
aspC K14260	0	0	0	0	0	0	1	0	0	0	0
aspC2 K00812 K14260	0	1	0	0	0	0	0	0	0	0	0
aspD K09758	0	0	0	1	0	0	0	0	0	0	0
aspS K01876	1	2	1	1	0	1	1	1	1	1	1
aspS K01876 K09759	1	0	0	0	1	1	0	0	0	0	0
aspT K07085	0	0	0	1	0	0	0	0	0	0	0
aspT_5 K07085	0	0	0	1	0	0	0	0	0	0	0
asr	0	0	0	0	0	0	0	0	0	0	1
asrA	0	0	0	2	0	0	0	0	0	0	0
assT K01023	0	0	0	0	0	0	0	0	0	0	1
astB K01484	0	0	0	0	0	0	0	0	0	0	2
astD K06447	0	0	0	0	0	0	0	0	0	0	2
atoB K00626	0	0	0	0	1	0	0	0	0	0	1
atoC K02481 K07714	0	0	0	0	0	0	0	0	0	0	1
atoD K01034	0	0	0	0	0	0	0	0	0	0	1
atoS K07710	0	0	0	0	0	0	0	0	0	0	1
atpA K02111	1	0	0	2	2	2	1	2	1	1	1
atpA K02117	0	1	0	1	0	0	1	0	0	0	0
atpA2 K02117	0	0	1	0	0	0	0	0	0	0	0
atpB K02108	1	0	0	2	2	2	1	1	1	0	1
atpB K02118	0	0	1	0	0	0	0	0	0	0	0
atpC K02114	0	0	0	1	1	2	1	1	1	0	0
atpD K02112	1	0	0	1	2	2	1	2	1	2	3
atpD K02120	1	0	2	0	0	1	0	0	0	0	0
atpE K02110	1	0	0	1	2	2	1	1	0	0	1
atpE K02121	0	0	1	0	0	0	0	0	0	0	0
atpF K02109	0	0	0	1	1	2	1	1	1	1	1
atpF K02122	0	0	1	0	0	0	0	0	0	0	0
atpG K02115	1	0	0	1	2	2	1	1	1	1	0
atpH K02109 K02113	0	0	0	0	0	0	0	0	1	0	0
atpH K02113	1	0	0	1	1	2	1	1	0	0	0
atpI K02116	0	0	0	0	0	0	0	0	0	0	1
atsB	1	0	0	0	0	0	0	0	0	0	0
atsB K06871	1	1	0	1	0	0	0	1	0	0	0
atzB	0	0	1	0	0	0	0	0	0	0	0
atzC K01485	0	0	0	0	0	0	1	0	0	0	0
aviRb K03437	0	1	0	1	0	0	0	1	0	0	0
avtA K00835	0	0	0	0	0	0	0	0	0	0	1
azlC	0	0	0	0	1	0	0	0	0	0	0
azlD	0	0	1	0	1	1	1	0	1	0	0
azoR K01118	0	0	0	0	0	0	1	0	0	0	1
baeR K07664 K18144	0	0	0	0	0	0	0	0	0	0	1
baeS K07642	0	0	0	0	0	0	0	0	0	0	1
baiA K00059 K00076	1	0	0	0	0	0	0	0	0	0	0
bamA K07277	0	0	0	0	0	0	0	0	0	0	1
bamB K17713	0	0	0	0	0	0	0	0	0	0	1
bamC K07287	0	0	0	0	0	0	0	0	0	0	1
bamD K05807	0	0	0	0	0	0	0	0	0	0	1
bamE K06186	0	0	0	0	0	0	0	0	0	0	1
barA K07678	0	0	0	0	0	0	0	0	0	0	1
basR K07771	0	0	0	0	0	0	0	0	0	0	1
basS K07643 K07645	0	0	0	0	0	0	0	0	0	0	1
batA K07114	0	1	0	1	0	1	0	1	0	0	0
batB K07114	0	1	0	1	0	0	0	1	0	0	0
batC	0	1	0	1	0	0	0	1	0	0	0
batD	0	2	0	1	0	0	0	1	0	0	0
batE	0	1	0	1	0	0	0	0	0	0	0
bax K03796	0	0	0	0	0	0	0	0	0	0	1
bcd K00248	0	0	1	0	1	1	0	0	0	0	0
bcd2 K00248	0	0	1	0	0	0	0	0	0	0	0
bcfF	0	0	0	0	0	0	0	0	0	0	1
bcp K03564	3	1	0	1	0	0	0	0	1	0	1
bcr K03446 K07552	0	0	0	1	0	0	0	0	0	0	0
bcr K07552	0	0	0	0	0	0	0	0	0	0	1
bcrA K19309	0	0	0	0	1	0	0	0	0	0	0
bcrA_2 K01990 K20459	0	0	0	0	1	0	0	0	0	0	0
bcrB3 K01992	0	0	0	0	0	0	1	0	0	0	0
bcsA K00694 K20541	0	0	0	0	0	0	0	0	0	0	3
bcsB K00694 K20541	0	0	0	0	0	0	0	0	0	0	1
bcsC K20543	0	0	0	0	0	0	0	0	0	0	1
bcsE	0	0	0	0	0	0	0	0	0	0	1
bcsG	0	0	0	0	0	0	0	0	0	0	2
bcsP K07080	0	0	0	0	0	1	0	0	0	0	0
bcsZ K20542	0	0	0	0	0	0	0	0	0	0	1
bctA	0	0	0	1	0	0	0	0	0	0	0
bdhA	0	0	0	0	0	0	1	0	0	0	0
bdm	0	0	0	0	0	0	0	0	0	0	1
bepA	0	0	0	0	0	0	0	0	0	0	1
bepE_4 K03296 K18138	0	2	0	1	0	0	0	0	0	0	0
betC_2	0	0	0	1	0	0	0	0	0	0	0
bfd K02192	0	0	0	0	0	0	0	0	0	0	1
bfmBAB K11381	0	0	0	1	0	0	0	0	0	0	0
bfmBB K00658	0	0	0	1	0	0	0	0	0	0	0
bfr K03594	0	0	0	0	0	0	0	0	0	0	1
bga K01190	0	0	0	1	0	0	0	0	0	0	0
bga1 K12308	0	0	0	0	0	0	0	0	2	0	0
bgaA K01190	0	0	0	0	0	1	0	1	0	0	0
bgaC K12308	0	0	0	0	0	0	1	0	0	0	0
bgaR	0	0	0	0	0	0	1	0	0	0	0
bgl2 K05349	0	0	0	0	0	0	0	0	1	0	0
bglA K01223	0	0	0	0	0	0	3	0	0	0	0
bglA K01223 K05350	0	0	0	0	0	0	0	0	0	0	1
bglA_1	0	0	0	1	0	0	0	1	0	0	0
bglB K05349	0	0	0	1	0	1	0	0	1	0	0
bglB_3 K05349	0	0	0	1	0	0	0	0	0	0	0
bglB_4 K05349	0	1	0	0	0	0	0	0	0	0	0
bglC K01220 K01223 K05350	0	0	0	0	0	0	1	0	0	0	0
bglC K01223 K05350	0	0	0	0	0	0	3	0	0	0	0
bglH K02755 K02756 K02757	0	0	0	0	0	0	1	0	0	0	0
bglJ	0	0	0	0	0	0	0	0	0	0	1
bglX K01207 K05349	0	0	0	0	0	0	1	0	0	0	0
bglX K05349	0	0	0	1	0	0	0	0	0	0	1
bglX_2 K05349	0	0	0	1	0	0	0	0	0	0	0
bglY K12308	0	0	0	0	0	0	0	0	0	0	1
bhsA K12151	0	0	0	0	0	0	0	0	0	0	1
bioA K00833	0	0	0	1	0	0	0	0	0	0	1
bioA K00833 K03851 K12256 K15372	0	0	0	0	1	1	0	0	0	0	0
bioB K01012	0	0	0	0	0	1	0	0	0	0	1
bioC K02169	0	0	0	0	0	0	0	0	0	0	1
bioC K02169 K09789	0	0	0	2	0	0	0	0	0	0	0
bioD K01935	0	0	0	0	0	1	0	0	0	0	1
bioF K00639 K00652	0	0	0	2	0	0	0	1	0	0	0
bioF K00652	0	0	0	0	0	0	0	0	0	0	1
bioH K02170	0	0	0	0	0	0	0	0	0	0	1
bioY K03523	1	0	1	0	0	2	1	0	1	0	0
birA K03524	2	1	1	1	2	1	1	1	1	0	0
bisC K07306 K07309 K07310 K07811 K07812 K08351	0	0	0	0	0	0	0	0	0	0	1
blaI K02171	1	0	0	0	0	0	0	0	0	0	0
blaR K02172	1	0	0	0	0	1	0	0	0	0	0
blc K03098	0	1	0	0	0	0	0	0	0	0	1
bltR	0	0	0	0	0	1	0	0	0	0	0
bmpA K07335	0	0	1	0	0	0	0	0	0	0	0
bmr3_1 K18935	0	0	0	0	0	0	1	0	0	0	0
bolA K05527	0	0	0	0	0	0	0	0	0	0	1
bpeF K03296	0	2	0	1	1	0	0	0	0	0	0
braC K01999	1	0	0	0	0	1	0	0	0	0	0
brnQ K03311	0	0	0	0	0	0	1	0	0	0	2
brpA	0	0	0	0	0	0	1	0	0	0	0
bsaA K00432	0	0	0	1	0	0	0	0	0	0	0
bsh K01442	0	0	0	0	0	0	1	0	0	0	0
bsmA	0	0	0	0	0	0	0	0	0	0	1
bssR K19688	0	0	0	0	0	0	0	0	0	0	1
bssS K12148	0	0	0	0	0	0	0	0	0	0	1
btuB K16092	0	0	0	0	0	0	0	0	0	0	1
btuC K02015	2	2	0	2	1	1	0	0	0	0	0
btuC K06073	0	0	0	0	0	0	0	0	0	0	1
btuD K06074	0	0	0	0	0	0	0	0	0	0	1
btuE K00432	0	0	0	0	0	0	0	1	0	0	1
btuF K02016 K06858	0	0	0	0	0	0	0	0	0	0	1
btuR K19221	1	0	1	0	1	0	0	0	0	0	1
budA K01575	0	0	0	0	0	0	1	0	0	0	0
buk K00929	0	1	1	1	0	1	0	1	0	0	0
busAB K02001 K02002	0	0	0	0	0	0	1	0	0	0	0
busR	0	0	0	0	0	0	1	0	0	0	0
butA K03366	0	0	0	0	0	0	1	0	0	0	0
cI K01356	0	0	0	0	0	0	0	0	0	0	1
cadA	0	0	0	0	0	0	1	0	0	0	0
cadA K01534	2	0	3	2	2	2	3	1	0	0	0
cah K01673	0	0	0	1	0	0	0	0	1	0	0
cah K01674	0	0	0	0	0	0	1	0	0	0	0
cah3 K01060	0	0	0	0	0	0	1	0	0	0	0
caiA K00249 K04117 K08297 K11731	0	0	0	0	0	0	0	0	0	0	1
caiB K08298	0	0	0	0	0	0	0	0	0	0	1
caiC K02182	0	0	0	0	0	0	0	0	0	0	2
caiE K02617 K08279	0	0	0	0	0	0	0	0	0	0	1
caiF K08277	0	0	0	0	0	0	0	0	0	0	1
caiT K03451 K05245	0	0	0	0	0	0	0	0	0	0	1
camS	0	0	0	0	0	0	1	0	0	0	0
can K01673	0	0	0	0	0	0	0	0	0	0	1
cap	0	1	0	1	0	0	0	1	0	0	0
cap5D	0	0	0	0	0	0	0	1	0	0	0
capA K07282	1	0	0	0	2	0	1	0	0	0	0
capD	1	0	1	0	1	0	0	0	0	0	0
capD K17716	1	0	0	0	0	0	0	0	0	0	0
carA K01956	1	1	0	1	2	1	1	1	1	1	1
carB K01955	1	1	0	2	1	1	1	1	1	1	1
carD K07736	0	0	0	0	0	0	0	0	1	0	0
cas1 K15342	0	0	0	0	0	1	0	0	1	1	1
cas2 K09951	0	0	0	0	0	1	0	0	1	1	0
cas3 K07012	0	0	0	0	0	0	0	0	1	0	1
cas4 K07464	0	0	0	0	0	0	0	1	0	0	0
cas4 K07464 K15342	0	0	0	0	0	0	0	0	1	0	0
cas5d K19119	0	0	0	0	0	0	0	0	1	0	0
cas6f K19130	0	0	0	0	0	0	0	0	0	0	1
cas9 K09952	0	0	0	0	0	1	0	0	0	1	0
cat	0	0	0	0	1	1	1	0	0	0	0
cat K19271	0	0	0	1	0	0	0	0	0	1	0
catE K07104	0	0	0	0	0	0	1	0	0	0	0
cbgA K01190	0	0	0	0	0	2	0	0	0	0	0
cbh K01442	2	0	0	1	0	1	0	0	1	0	0
cbiA K02224	1	0	1	1	2	1	0	0	0	0	0
cbiA K07162	0	0	0	0	0	1	0	0	0	0	0
cbiD K02188	1	0	1	1	1	1	0	0	0	0	0
cbiE K00595	0	0	0	1	0	0	0	0	0	0	0
cbiG K00817 K02189 K05934 K05936 K13541	0	0	0	0	0	0	0	0	0	0	1
cbiG K02189	1	0	1	0	1	1	0	0	0	0	0
cbiK K02190	3	0	1	0	1	1	0	0	0	0	0
cbiM K02007	0	0	1	0	0	0	0	0	0	0	0
cbiM K02007 K02009 K16915	0	0	0	0	0	0	0	0	0	1	0
cbiM2 K02007	0	0	0	0	0	2	0	0	0	0	0
cbiN K02009	0	0	1	0	0	0	0	0	0	0	0
cbiO K01990	0	0	0	1	0	0	0	0	0	0	0
cbiO K02006	0	0	1	0	0	1	0	0	0	0	0
cbiO K02006 K02008 K16784 K16786	0	0	0	0	0	0	0	0	0	1	0
cbiO K16786 K16787	0	0	0	0	0	0	1	0	0	0	0
cbiO K16787	0	0	0	0	1	0	0	0	0	0	0
cbiO1 K16787	0	0	1	0	0	0	0	0	0	0	0
cbiQ K02007 K02008	0	0	0	0	0	0	0	0	0	1	0
cbiQ K02008	0	0	1	0	0	0	0	0	0	0	0
cbiQ K16785	0	0	0	0	0	0	0	0	1	0	0
cbiT K00595	0	0	1	0	0	0	0	0	0	0	0
cbiT K00595 K02191	1	0	0	0	1	0	0	0	0	0	0
cbiX K03795	0	0	0	0	0	0	0	1	0	1	0
cbl K13634 K13635	0	0	0	0	0	0	0	0	0	0	1
cbpA K05516	0	0	0	0	0	0	0	0	0	0	1
cbpM K18997	0	0	0	0	0	0	0	0	0	0	1
cbrA K10960	0	0	0	0	0	0	0	0	0	0	1
cbs K01697 K01738	0	0	0	0	0	0	0	0	1	0	0
cca K00970 K00974	1	1	0	1	1	1	0	1	0	0	0
cca K00974	0	0	0	0	0	0	1	0	0	0	1
ccdA K06196	0	0	1	0	0	0	0	0	0	0	0
ccdA K19164	0	0	0	0	0	0	0	0	0	0	2
ccdB K19163	0	0	0	0	0	0	0	0	0	0	2
cckA K02482	0	0	0	0	0	0	1	0	0	0	0
ccmA K02193	0	0	0	0	0	0	0	0	0	0	1
ccmB K02194	0	0	0	0	0	0	0	0	0	0	1
ccmC	0	0	0	1	0	0	0	1	0	0	0
ccmC K02195	0	0	0	0	0	0	0	0	0	0	1
ccmD K02196	0	0	0	0	0	0	0	0	0	0	1
ccmE K02197	0	0	0	0	0	0	0	0	0	0	1
ccmF K02198	0	0	0	0	0	0	0	0	0	0	2
ccmH K02200	0	0	0	0	0	0	0	0	0	0	1
ccmL K04028	0	0	1	0	0	0	0	0	0	0	0
ccpA K02529	0	0	0	0	0	0	1	0	0	0	0
ccpA K02529 K03487	0	0	0	0	0	1	0	0	0	0	0
ccpB	0	0	0	0	0	0	1	0	0	0	0
ccpM K06871	0	0	0	0	0	4	0	0	0	0	0
ccpN	0	0	0	0	0	0	1	0	0	0	0
ccs1	0	0	0	1	0	0	0	0	0	0	0
ccsA	0	0	0	1	0	0	0	0	0	0	0
cdaR K02647	0	0	0	0	0	0	0	0	0	0	1
cdaR_3 K02647	1	0	0	0	0	1	0	0	0	0	0
cdd K01489	1	1	1	1	1	1	1	1	0	0	1
cdh K01521	0	0	0	0	0	0	0	0	0	0	1
cdhC K14138	2	0	0	0	0	0	0	0	0	0	0
cdr	2	0	1	1	0	0	1	1	0	0	0
cdsA K00981	1	1	1	1	1	2	1	1	2	0	2
ce K01787	0	1	0	2	0	0	0	0	0	0	0
cedA K15722	0	0	0	0	0	0	0	0	0	0	1
celA K01179	0	0	0	1	0	0	0	0	0	0	0
celB K02761	0	0	0	0	0	0	2	0	0	0	2
celC K01179	0	0	0	2	0	0	0	0	0	0	0
celD K02761	0	0	0	0	0	0	1	0	0	0	0
celF K01222	0	0	0	0	0	0	1	0	0	0	0
celH K05350	0	0	0	0	0	0	1	0	0	0	0
cfa K00574	0	0	0	0	0	1	0	0	0	0	1
cfiA K01960	0	0	0	1	0	0	0	0	0	0	0
cfr9IM K00590	0	0	0	0	2	1	0	0	0	0	0
cggR K05311	0	0	0	0	0	0	1	0	0	0	0
chaA K07300	0	0	0	0	0	0	0	0	0	0	1
chaB K06197	0	0	0	0	0	0	0	0	0	0	1
chaC K07232	0	0	0	0	0	0	0	0	0	0	1
chbB K02760	0	0	0	0	0	0	0	0	0	0	1
chbC K02761	0	0	0	0	0	0	1	0	0	0	0
chbF K01222	0	0	0	0	0	0	0	0	0	0	2
chbR K03490	0	0	0	0	0	0	0	0	0	0	1
cheA	0	0	0	1	0	0	0	0	0	0	0
cheA K03407	0	0	1	0	0	2	1	0	0	0	1
cheB K03412	0	0	1	0	0	0	1	0	0	0	1
cheC K03410	0	0	1	0	0	1	1	0	0	0	0
cheD K03411	0	0	1	0	0	1	1	0	0	0	0
cheR K00575	0	0	1	0	0	1	1	0	0	0	1
cheV K03407 K03415	0	0	1	0	0	1	0	0	0	0	0
cheW K03408	0	0	0	0	0	0	0	0	0	0	1
cheW1 K03408	0	0	1	0	0	0	0	0	0	0	0
cheY K03413	0	0	1	0	0	0	1	0	0	0	1
cheZ K03414	0	0	0	0	0	0	0	0	0	0	1
chiA	0	0	0	0	0	0	0	0	1	0	0
chiP	0	0	0	0	0	0	0	0	0	0	1
cho K05984	0	0	0	0	0	0	0	0	0	0	1
chonabc K08961	0	1	0	1	0	0	0	0	0	0	0
chrA K07240	0	0	0	1	0	0	0	1	0	0	0
chrA1 K07240	0	0	1	0	1	0	0	0	0	0	0
chrA2 K07240	0	0	1	0	1	0	0	0	0	0	0
chuT K02016	0	0	0	0	0	0	0	0	0	0	1
chvB1 K00702 K13688 K21298	0	0	0	0	0	0	1	0	0	0	0
chvE K10546	0	0	0	0	0	0	1	0	0	0	0
ciaH K14982	0	0	0	0	0	0	1	0	0	0	0
ciaR K14983	0	0	0	0	0	0	1	0	0	0	0
cicA	0	0	0	0	0	0	0	1	0	0	0
cidA K06518	0	0	0	0	0	0	0	0	0	0	1
cinA K03742 K03743	1	2	1	1	2	1	1	1	0	0	0
cirA K16089 K19611	0	0	0	0	0	0	0	0	0	0	1
citB K01681	1	0	0	0	0	0	0	0	0	0	0
citC K01910	0	0	0	0	0	0	1	1	0	0	1
citD K01646	0	0	0	0	0	0	1	1	0	0	1
citE	0	0	0	0	0	0	0	2	0	0	0
citE K01644	0	0	0	0	0	0	1	0	0	0	1
citF	0	0	0	0	0	0	0	1	0	0	0
citF K01643	0	0	0	0	0	0	1	0	0	0	1
citG K05966	0	0	0	0	0	0	1	0	0	0	0
citG K05966 K13927 K13930	0	0	0	0	0	0	0	0	0	0	1
citM K03300	0	0	0	0	0	0	1	0	0	0	0
citR	0	0	0	0	0	0	1	0	0	0	0
citT K09477	0	0	0	0	0	0	0	0	0	0	1
citX K05964	0	0	0	0	0	0	1	0	0	0	1
citX K05964 K13927	0	0	0	0	0	0	0	1	0	0	0
clcA	0	0	1	0	0	0	0	0	0	0	0
clcA K03281	1	0	0	0	1	1	0	0	0	0	1
clcB K03281	0	1	0	1	0	0	0	1	0	0	1
clpA K03694	0	0	0	0	0	0	0	2	0	0	1
clpB K03695	0	1	0	1	0	0	1	2	0	0	1
clpB K03695 K03696	1	0	1	0	1	1	0	0	2	0	0
clpC K03696	1	1	1	1	1	1	1	1	1	0	0
clpE K03697	0	0	0	0	0	0	1	0	0	0	0
clpP K01358	1	1	1	1	0	1	1	1	1	0	1
clpP1 K01358	0	0	0	0	0	0	0	0	1	0	0
clpS K06891	0	0	0	0	0	0	0	1	0	0	1
clpV K11907	0	0	0	0	0	0	0	0	0	0	3
clpX K03544	1	1	1	1	1	1	1	1	1	1	1
clpX_1 K03544	1	0	0	0	0	1	0	0	0	0	0
cls K06131	0	0	0	2	1	0	2	3	0	0	0
cls1 K06131	0	0	0	0	1	0	0	0	0	0	0
clsB K06131	0	0	0	0	0	0	0	0	0	0	2
clsC K06132	0	0	0	0	0	0	0	0	0	0	1
cmk	0	0	0	0	0	1	0	0	0	0	0
cmk K00945	1	1	1	1	1	1	1	1	0	0	1
cmoB K15257	0	0	0	0	0	0	0	0	0	0	1
cmoM K06219	0	0	0	0	0	0	0	0	0	0	1
cmpR	1	0	1	0	0	0	0	0	0	0	0
cmr K08160	0	0	0	0	0	0	0	0	0	0	1
cmtA K02798 K02799 K02800	0	0	0	0	0	0	0	0	0	0	2
cnu	0	0	0	0	0	0	0	0	0	0	1
coaA K00867	0	0	0	0	0	0	1	0	0	0	1
coaB K21977	0	0	0	0	0	0	1	0	0	0	0
coaBC K01598 K13038	1	0	1	0	1	1	1	0	0	0	0
coaBC K13038	0	1	0	1	0	0	0	1	1	0	2
coaD K00954	1	2	1	1	1	2	1	1	1	1	0
coaE K00859	1	1	1	1	1	1	1	1	1	0	1
coaX K03525	2	1	2	1	2	1	0	0	1	1	0
cobA K02302 K02303 K13542	1	0	1	0	0	1	0	0	0	0	0
cobB K12410	1	1	1	1	1	2	1	2	0	0	1
cobB2 K12410	0	0	0	0	0	0	0	0	1	0	0
cobC K02226	1	0	2	1	3	0	0	0	0	0	0
cobC K02226 K02227	0	0	0	0	0	1	0	0	0	0	0
cobC K02226 K22306	0	0	0	0	0	0	0	0	0	0	1
cobD K00817 K04720 K07281	0	0	0	0	0	0	0	0	0	1	0
cobD K02227	1	0	1	1	1	1	0	0	0	0	0
cobD_2 K04720	1	0	1	0	1	1	0	0	0	0	0
cobH K06042	1	0	1	0	1	0	0	0	0	0	0
cobI K02190 K03394	0	0	0	0	0	1	0	0	0	0	0
cobI K03394	1	0	1	0	0	0	0	0	0	0	0
cobJ K02232 K05934 K05936 K13541	0	0	0	0	0	1	0	0	0	0	0
cobJ K05934 K21479	1	0	1	0	1	1	0	0	0	0	0
cobJ K06042	0	0	0	1	0	0	0	0	0	0	0
cobK K00595 K02191 K02304 K03399 K05895 K05934 K13541	0	0	0	0	0	1	0	0	0	0	0
cobK K02304 K05895	1	0	1	0	1	0	0	0	0	0	0
cobM K05936	1	0	1	1	1	1	0	0	0	0	0
cobN	0	1	0	0	0	0	0	0	0	0	0
cobN K02230	0	0	0	1	0	0	0	0	0	0	0
cobO K00798	0	0	0	0	0	0	0	1	0	0	0
cobQ	0	0	0	0	0	0	0	0	0	1	0
cobQ K02232	1	0	1	1	1	1	0	0	0	0	0
cobQ K07009	0	0	0	0	0	0	1	0	0	0	0
cobQ2 K07009	0	0	0	0	0	0	0	0	1	0	0
cobS K02233	1	0	1	0	1	1	0	0	0	0	1
cobT K00768	1	0	1	2	1	1	0	0	0	2	1
cobU K02231	1	0	1	1	0	1	0	0	0	0	1
cobU K02231 K02232	0	0	0	0	0	0	0	0	0	1	0
cobW	1	0	0	0	1	1	0	1	0	0	0
codA K01485	0	0	2	0	0	0	0	0	0	0	1
codA K01485 K03365	0	0	0	0	0	0	0	0	1	0	0
codB K10974	0	0	1	0	0	0	0	0	0	0	1
codY K03706	1	0	0	0	0	0	1	0	0	0	0
cof	0	0	0	0	0	0	1	0	0	0	0
cof K11938	0	0	0	0	0	0	0	0	0	0	1
coiA K06198	0	0	0	0	0	0	1	0	0	0	0
comEA	0	1	0	0	0	0	0	0	0	0	0
comEA K02237	1	0	0	0	1	1	1	0	1	0	1
comEB K01493	1	0	1	1	0	1	1	0	0	0	0
comEC K02238	1	0	0	2	0	0	1	2	1	0	0
comF K00764	0	0	0	1	0	0	0	1	0	0	0
comF K02242	1	0	1	0	1	1	0	0	0	0	0
comFA K02240	0	0	0	0	0	0	1	0	0	0	0
comFC K02242	0	0	0	0	0	0	1	0	0	0	0
comGA K02243	0	0	0	0	0	0	1	0	0	0	0
comGB K02244	0	0	0	0	0	0	1	0	0	0	0
comGC K02245	0	0	0	0	0	0	1	0	0	0	0
comGD K02246	0	0	0	0	0	0	1	0	0	0	0
comGF K02248	0	0	0	0	0	0	1	0	0	0	0
comM K07391	1	1	1	1	1	1	0	1	1	0	1
comX K03088 K03091 K12296	0	0	0	0	0	0	1	0	0	0	0
cooC K07321	1	0	0	0	0	0	0	0	0	0	0
cooC1 K07321	2	0	0	0	0	0	0	0	0	0	0
cooS1 K00198	1	0	0	0	0	0	0	0	0	0	0
copA K01533 K17686	0	1	0	1	1	0	0	0	0	0	0
copA K17686	0	0	0	0	0	0	1	0	0	0	1
copA_1 K12950	1	0	1	0	1	1	0	0	0	0	0
copB K01533	0	0	0	0	0	0	1	0	0	0	0
copY K02171	0	0	0	0	0	0	1	0	0	0	0
copZ	0	0	0	0	0	0	1	0	0	0	0
copZ K07213	0	0	0	0	0	0	1	0	0	0	0
corA	0	0	0	0	0	0	1	0	0	0	0
corA K03284	1	1	2	2	0	2	0	1	2	0	1
corC	0	0	0	0	0	0	0	0	1	0	0
corC K06189	0	0	0	0	0	0	0	0	0	0	1
corC_1 K03699	0	1	0	1	0	0	0	0	0	0	0
cotJB K06333	1	0	1	0	0	1	0	0	0	0	0
cotJC K06334	2	0	1	0	0	1	0	0	0	0	0
cotS K06331 K06337	1	0	0	0	0	1	0	0	0	0	0
covS	0	1	0	0	0	0	0	0	0	0	0
cpaB K02279	0	0	0	0	0	1	0	0	0	0	0
cpaF K02283	0	0	0	0	0	0	0	0	2	0	0
cpdA K03651	0	0	0	0	0	0	0	0	0	0	1
cpdB K01119	0	0	0	1	0	0	0	0	0	0	1
cpoB	0	0	0	0	0	0	0	0	0	0	1
cpsB K00971 K01809 K16011	0	0	0	0	0	0	0	1	0	0	0
cpsB K00971 K16011	0	0	0	0	0	0	0	0	0	0	1
cptA K19353	0	0	0	0	0	0	0	0	0	0	1
cpxA K07640	0	0	0	0	0	0	0	0	0	0	1
cpxP K06006	0	0	0	0	0	0	0	0	0	0	1
cpxR K07662 K19610	0	0	0	0	0	0	0	0	0	0	1
crcB K06199	0	1	1	1	0	0	2	0	3	1	1
creA K05805	0	0	0	0	0	0	0	0	0	0	1
creB K07663	0	0	0	0	0	0	0	0	0	0	1
creC K07641 K07711	0	0	0	0	0	0	0	0	0	0	1
creD K06143	0	0	0	1	0	0	0	0	0	0	1
crgA	0	0	0	0	0	0	0	0	1	0	0
crl K11926	0	0	0	0	0	0	0	0	0	0	1
crp K10914	0	0	0	0	0	0	0	0	1	0	1
crr K02777	0	0	0	0	0	0	0	0	0	0	1
crt K01715	0	0	1	0	0	1	0	0	0	0	0
crtF	0	0	0	1	0	0	0	0	0	0	0
crtI	0	0	0	1	0	0	0	0	0	0	0
crtM K02291	0	0	0	0	0	0	1	0	0	0	0
crtN K10027	0	0	0	0	0	0	1	0	0	0	0
cryZ	0	0	0	0	0	0	1	0	0	0	0
csbX	0	0	0	0	0	0	0	0	1	0	0
csd	1	0	1	0	1	0	0	0	0	0	0
csdA K01766	0	0	0	0	0	0	0	0	0	0	1
csdE K02426	0	0	0	0	0	0	0	0	0	0	1
csgA K04334	0	0	0	0	0	0	0	0	0	0	1
csgB K04335	0	0	0	0	0	0	0	0	0	0	1
csgC K04336	0	0	0	0	0	0	0	0	0	0	1
csgD K04333 K20918	0	0	0	0	0	0	0	0	0	0	2
csgF K04338	0	0	0	0	0	0	0	0	0	0	1
csgG K06214	0	0	0	0	0	0	0	0	0	0	1
cshA K05592	0	0	2	0	1	1	1	0	0	0	0
cshB K05592 K18692	0	0	0	0	0	0	1	0	0	0	0
csiD K15737	0	0	0	0	0	0	0	0	0	0	1
csiE	0	0	0	0	0	0	0	0	0	0	1
csoR K21600	1	0	0	0	1	1	0	0	0	0	0
csoS1C	1	0	1	0	0	0	0	0	0	0	0
cspA K03704	0	1	0	0	0	1	3	0	0	0	1
cspB K03704	0	0	0	0	0	0	0	0	1	0	0
cspBA	1	0	0	0	0	1	0	0	0	0	0
cspC K03704	0	0	0	0	0	0	0	0	0	0	2
cspD K03704	0	0	0	0	0	0	1	0	0	0	1
cspE K03704	0	0	0	0	0	0	0	0	0	0	1
cspG	0	1	0	1	0	0	0	0	0	0	0
cspH K03704 K05808	0	0	0	0	0	0	0	0	0	0	1
cspR K03216	0	0	0	0	0	0	1	0	0	0	0
csrA K03563	0	0	1	0	0	1	0	0	0	0	1
csrD K18765	0	0	0	0	0	0	0	0	0	0	1
csrR	0	0	0	0	0	0	1	0	0	0	0
cstA	0	0	1	0	2	1	0	0	0	0	0
cstA K06200	1	1	1	1	2	1	0	1	0	0	2
csxA_2 K01192	0	0	0	1	0	0	0	0	0	0	0
csxA_4	0	0	0	1	0	0	0	0	0	0	0
csy1 K19127	0	0	0	0	0	0	0	0	0	0	1
csy2 K19128	0	0	0	0	0	0	0	0	0	0	1
csy3 K19129	0	0	0	0	0	0	0	0	0	0	1
ctc K02897	1	1	0	1	0	0	1	1	1	1	0
ctp K03797	0	2	0	1	0	0	0	1	0	0	0
ctpA K03797	2	1	1	1	2	1	1	3	0	0	0
ctpE K12952	0	0	0	0	0	0	1	0	1	0	0
ctsR K03708	0	0	0	0	0	0	1	0	0	0	0
cueO K08100 K14588	0	0	0	0	0	0	0	0	0	0	1
cueR K19591	0	0	0	0	0	0	0	0	0	0	1
cusA K07787	0	0	0	0	0	0	0	0	0	0	1
cusB K07798	0	0	0	0	0	0	0	0	0	0	1
cusC K07796 K08721 K18139	0	0	0	0	0	0	0	0	0	0	1
cusF K07810	0	0	0	0	0	0	0	0	0	0	1
cusR K02483 K07665	0	0	0	0	0	0	0	0	0	0	1
cusR K07665	0	0	0	1	0	0	0	0	0	0	0
cusS K07636 K07644	0	0	0	0	0	0	0	0	0	0	1
cutC K06201	1	2	1	1	1	0	1	1	0	0	1
cutF K06079	0	0	0	0	0	0	0	0	0	0	2
cutR	1	0	1	0	1	1	0	0	0	0	0
cutS K03518	1	0	0	0	0	0	0	0	0	0	0
cutS K03518 K20446	0	0	1	0	0	0	0	0	0	0	0
cvfB K00243	1	0	0	0	0	1	0	0	0	0	0
cvpA	0	0	0	0	0	0	1	0	0	0	0
cvpA K03558	0	1	0	1	0	0	0	0	0	0	1
cvrA K11105	0	1	0	1	0	0	0	0	0	0	0
cwlC K01448	1	0	0	0	0	0	0	0	0	0	0
cwlD K01448	1	0	1	0	0	1	0	0	0	0	0
cyaA K01768	0	0	0	1	0	0	0	1	0	0	0
cyaA K05851	0	0	0	0	0	0	0	0	0	0	1
cyaY K06202	0	0	0	0	0	0	0	0	0	0	1
cybB K12262	0	0	0	0	0	0	0	0	0	0	1
cybC K15536	0	0	0	0	0	0	0	0	0	0	1
cycA K11737	0	0	0	0	0	0	0	0	0	0	1
cydA K00425	0	1	0	1	1	0	1	1	0	0	1
cydB K00426	0	1	0	1	0	0	1	1	0	0	1
cydC K06148	0	0	0	0	1	0	0	0	0	0	0
cydC K16012	0	0	0	0	0	0	0	0	0	0	1
cydC K16013	0	0	0	0	0	0	1	0	0	0	0
cydD K06147 K06148	0	0	0	0	1	0	0	0	0	0	0
cydD K16012	0	0	0	0	0	0	1	0	0	0	0
cydD K16013	0	0	0	0	0	0	0	0	0	0	1
cynR K11921	0	0	0	1	0	0	0	0	0	0	0
cynR K11921 K21757	0	0	0	0	0	0	0	0	0	0	1
cynT K01673	0	0	0	0	0	0	0	0	0	0	1
cynX K03449	0	0	0	0	0	0	0	0	0	0	1
cyoA K02297	0	0	0	0	0	0	0	0	0	0	1
cyoB K02298	0	0	0	0	0	0	0	0	0	0	1
cyoC K02299	0	0	0	0	0	0	0	0	0	0	1
cyoD K02300	0	0	0	0	0	0	0	0	0	0	1
cyoE K02257	0	0	0	0	0	0	0	0	0	0	1
cypM_1	0	0	0	1	0	0	0	1	0	0	0
cysA K02003	0	0	0	0	0	0	1	0	0	0	0
cysA K02010 K02045 K02052	0	0	1	0	0	0	0	0	0	0	0
cysA K02045	0	0	0	0	0	0	0	0	0	0	2
cysA K02045 K02052	0	0	0	0	0	2	0	0	0	0	0
cysB K13634	0	0	0	0	0	0	0	0	0	0	1
cysC K00860	0	0	0	1	0	0	0	0	0	0	1
cysD K00390 K00957	3	0	0	0	0	1	0	0	0	0	0
cysD K00957	0	0	0	1	0	0	0	0	0	0	1
cysE	0	0	0	0	0	0	0	0	1	0	0
cysE K00640	1	0	1	1	1	1	1	0	0	0	1
cysG K02302 K02304	0	0	0	0	0	0	0	0	0	0	1
cysG K02304	1	0	0	0	0	0	0	0	0	0	0
cysI K00381	0	0	0	0	0	0	0	0	0	0	2
cysJ K00380	0	0	0	0	0	0	0	0	0	0	1
cysK K01697 K01738	0	0	1	0	0	0	0	0	0	0	0
cysK K01738	1	0	1	0	1	1	1	0	0	0	1
cysK K01738 K12339	0	1	0	2	0	0	0	0	0	0	0
cysL	0	1	0	1	0	0	0	0	0	0	0
cysM K12339	0	0	0	0	0	0	0	0	0	0	1
cysN K00955 K00956	0	0	0	1	0	1	0	0	0	0	0
cysN K00956	0	0	0	0	0	0	0	0	0	0	1
cysP K02048	0	0	0	0	0	0	0	0	0	0	1
cysQ K01082	0	1	0	1	0	0	0	0	0	0	1
cysS K01883	1	1	1	1	1	1	1	1	1	1	1
cysT K02046	0	0	0	0	0	0	0	0	0	0	1
cysT K02046 K15496	0	0	0	0	0	1	0	0	0	0	0
cysW K02047	0	0	0	0	0	1	0	0	0	0	0
cysZ K06203	0	0	0	0	0	0	0	0	0	0	1
cytR K02529 K03604	0	0	0	0	0	1	0	0	0	0	0
cytR K02529 K05499	0	0	0	0	0	0	0	1	0	0	0
cytR K05499	0	0	0	0	0	0	0	0	0	0	1
cytX	1	0	0	0	0	1	0	0	0	0	0
czcA	0	0	0	1	0	0	0	2	0	0	0
czcA K03296	0	1	1	1	2	1	0	0	0	0	0
czcA_1 K15726	0	0	0	1	0	0	0	0	0	0	0
czcB K15727	0	0	0	1	0	0	0	0	0	2	0
czcC K15725	0	0	0	1	0	0	0	0	0	0	0
czcC_2 K15725	0	0	0	1	0	0	0	0	0	0	0
czcD K16264	0	1	0	1	0	0	0	0	1	0	0
czrA K22043	0	0	0	0	0	0	1	0	0	0	0
dacA	0	1	0	1	0	0	0	1	0	0	0
dacA K01286 K07258	0	0	0	0	0	0	1	0	0	0	0
dacA K07258	0	0	0	0	0	0	0	0	0	0	2
dacA K18672	1	0	1	0	1	1	1	0	0	0	0
dacB K07259	0	0	0	1	0	0	0	1	1	0	1
dacB K07260	0	0	0	0	0	0	1	0	0	0	0
dacB2 K07258	1	0	0	0	0	1	0	0	0	0	0
dacB_3 K01286 K07258	0	0	1	0	2	0	0	0	0	0	0
dacC K07258	0	0	0	0	0	0	0	0	0	0	1
dacF K07258	1	0	1	0	1	1	0	0	0	0	0
dadA K00285	0	0	0	0	0	0	0	0	0	0	2
dagK	1	0	1	0	0	1	0	0	0	0	0
dagK K07029	0	0	0	0	0	0	1	0	0	0	0
dak	0	0	0	0	0	0	2	0	0	0	0
dam K06223	0	0	2	1	0	1	0	0	0	0	1
damX K03112	0	0	0	0	0	0	0	0	0	0	1
dapA K01714	2	1	1	1	1	1	1	1	1	2	1
dapB K00215	1	1	1	1	1	1	1	1	1	1	1
dapC	0	0	0	0	0	0	0	0	1	0	0
dapD K00674	0	1	0	0	0	0	0	0	2	0	1
dapE	0	1	0	1	0	0	0	0	0	0	0
dapE K01439	0	0	0	0	0	0	0	0	1	0	1
dapF K01778	2	1	1	1	1	1	1	1	1	1	0
dapF_2 K01778	1	0	0	0	0	1	0	0	0	0	0
dapH	0	0	0	1	0	0	0	0	0	0	0
dapH K00674 K05822	0	0	0	0	0	0	1	0	0	0	0
dapL K10206	1	0	1	1	1	1	0	1	0	0	0
dapL K10206 K14261	0	1	0	1	0	0	0	0	0	0	0
dapL2 K10206	0	0	1	0	0	0	0	0	0	0	0
dat K00824	0	0	0	0	0	0	1	0	0	0	0
dbpA K05591	0	0	0	1	0	0	0	1	0	0	1
dcd K01494	0	0	0	0	0	0	0	0	0	0	1
dck	0	1	0	0	0	0	0	3	0	0	0
dcm K00558	0	1	0	1	1	1	0	3	0	2	3
dcp K01284	0	1	0	1	0	0	0	0	0	0	1
dcp K01284 K01414	0	2	0	1	0	0	0	2	0	0	0
dcrB	0	0	0	0	0	0	0	0	0	0	1
dctA K11103	0	0	0	0	0	0	0	0	0	0	1
dctR K21901	0	0	0	0	0	0	0	0	0	0	1
dcuA K07791	0	0	0	0	0	0	0	0	0	0	2
dcuB K07791 K07792	0	0	0	2	0	0	0	0	0	0	0
dcuB K07792	0	0	0	0	0	0	0	0	0	0	1
dcuC K03326	0	0	0	0	0	0	0	0	0	0	1
dcyD K05396	0	0	0	0	0	0	0	0	0	0	1
ddh K03340	0	0	0	1	0	0	0	1	0	0	0
ddl K01921	0	1	0	1	1	1	3	1	1	0	2
ddl K01921 K15739 K18856	0	0	1	0	0	0	0	0	0	0	0
ddpX K08641	0	0	0	1	0	0	0	0	0	0	0
ddrB	0	0	0	0	0	0	0	0	0	0	1
deaD	0	0	0	1	0	0	0	1	0	0	0
deaD K05592	0	0	0	0	0	0	0	0	0	0	1
dedA	0	0	0	1	0	0	0	1	0	1	0
dedA K03975	0	0	0	0	0	0	0	0	0	0	1
dedA1 K03975	0	0	0	0	0	0	0	0	1	0	0
dedD K03749	0	0	0	0	0	0	0	0	0	0	1
def K01462	1	1	1	1	1	0	1	1	2	0	1
def1 K01462	0	0	0	0	0	0	1	0	0	0	0
def2 K01462	2	0	0	0	0	0	0	0	0	0	0
degP K04771 K04772 K08070	0	0	0	0	0	0	0	0	0	0	1
degP K08372	0	0	0	0	0	0	0	0	1	0	0
degQ K04771	1	0	0	0	0	0	0	0	0	0	0
degQ K04771 K04772 K08070	0	0	0	0	0	0	0	0	0	0	1
degS K04691 K04772	0	0	0	0	0	0	0	0	0	0	1
degS K07777	0	0	0	0	0	1	0	0	0	0	0
degU	0	0	0	0	0	1	0	0	0	0	0
degV	0	0	0	0	0	0	1	0	0	0	0
deoA K00756	0	0	0	0	0	0	1	0	0	0	0
deoA K00758	0	0	0	0	0	0	0	0	0	0	2
deoB K01839	1	0	1	0	1	1	1	0	0	0	1
deoC K01619	1	2	2	2	1	0	1	1	0	0	0
deoD K03783	0	0	0	1	0	0	0	1	0	0	0
deoD K03784	0	0	0	0	1	0	1	0	0	0	1
deoR K11534	0	0	0	0	0	0	0	0	0	0	1
der K03977	1	1	1	1	1	1	1	1	1	1	1
dex K05988	0	0	0	0	0	0	1	0	0	0	0
dgkA K00887 K00901	1	0	1	0	0	0	1	0	0	0	0
dgkA K00901	0	0	0	0	0	0	0	0	0	0	1
dgs K13677	0	0	0	0	0	0	1	0	0	0	0
dgt K01129	1	0	1	1	1	1	0	1	0	0	1
dhaK K05878	1	0	1	0	0	0	1	0	0	0	1
dhaL K05879	0	0	2	0	0	0	1	0	0	0	1
dhaM K05881	0	0	0	0	0	0	0	0	0	0	1
dhaR K05880	0	0	0	0	0	0	0	0	0	0	1
dho K01465	0	0	0	0	0	0	2	0	0	0	0
dhrS4 K00059	0	0	0	0	0	0	1	0	0	0	0
dicA K22300	0	0	0	0	0	0	0	0	0	0	1
dicB K22304	0	0	0	0	0	0	0	0	0	0	1
dicC K22302	0	0	0	0	0	0	0	0	0	0	1
dinB K02346	6	1	2	1	1	1	1	1	1	1	1
dinD K14623	1	0	0	0	0	0	0	0	0	0	0
dinF	0	0	0	0	0	0	0	0	1	0	0
dinF K03327	0	1	0	1	0	0	0	1	0	0	1
dinG K03722	0	0	0	0	0	0	1	0	0	0	1
dinG K07464 K10844	1	0	0	1	1	1	0	0	0	0	0
divIB K03589	0	0	0	0	0	0	1	0	0	0	0
divIC K05589 K13052	0	0	0	0	0	0	0	0	0	1	0
divIC K13052	0	0	0	0	0	0	1	0	0	0	0
divIVA K04074	0	0	0	0	0	0	1	0	0	0	0
divK	0	1	0	1	0	0	0	0	0	0	0
djlA K05801	0	0	0	0	0	0	0	0	0	0	1
djlC	0	0	0	0	0	0	0	0	0	0	1
dkgA K06221 K06222	0	0	0	0	0	0	0	0	0	0	1
dkgB	0	0	0	0	0	0	1	0	0	0	0
dkgB K06221 K06222	0	0	0	0	0	0	0	0	0	0	1
dld K03777	0	0	0	0	0	0	0	0	0	0	1
dlgD K08092 K13574	0	0	0	0	0	0	0	0	0	0	1
dltA K03367	0	0	0	0	0	0	1	0	0	0	0
dltB K03739	0	0	0	0	0	0	1	0	0	0	0
dltC K14188	0	0	0	0	0	0	1	0	0	0	0
dltD K03740	0	0	0	0	0	0	1	0	0	0	0
dltR	0	0	1	0	0	0	0	0	0	0	0
dltS	0	0	1	0	0	0	0	0	0	0	0
dmlR K16135 K21742	0	0	0	0	0	0	0	0	0	0	1
dmpA K01266	0	0	0	0	1	0	0	0	0	0	0
dmpI K01821	0	0	0	0	0	0	1	0	0	0	0
dmsA K07306 K07309 K07310 K07811 K07812 K08351	0	0	0	0	0	0	0	0	0	0	1
dmsB K00184 K07307	0	0	1	0	0	0	0	0	0	0	0
dmsC K07308 K07312	0	0	0	0	0	0	0	0	0	0	3
dnaA K02313	1	1	1	1	2	1	1	1	0	1	1
dnaB K02314	1	2	1	1	1	1	1	2	1	0	1
dnaB K03346	0	0	0	0	0	0	1	0	0	0	0
dnaC K02315	1	0	1	0	1	1	0	0	0	0	1
dnaD	1	0	1	0	0	1	0	0	0	0	0
dnaD K02086	0	0	0	0	1	0	1	0	0	0	0
dnaE K02337	0	2	0	2	0	0	1	1	1	0	1
dnaE K02337 K14162	1	0	1	0	1	1	0	0	0	0	0
dnaG K02316	1	1	1	2	1	1	1	2	1	1	1
dnaI K11144	0	0	0	0	0	0	1	0	0	0	0
dnaJ K03686	1	1	0	1	0	1	1	1	1	1	1
dnaJ K03686 K05516	0	0	1	0	0	0	0	0	1	0	0
dnaJ2 K03686 K05516	0	0	0	1	0	0	0	1	0	0	0
dnaJ3 K03686	0	0	0	0	0	1	0	0	0	0	0
dnaK K04043	1	1	1	2	1	1	1	1	1	1	1
dnaN K02338	1	1	1	1	1	1	1	2	0	0	1
dnaQ K02342	0	0	0	1	0	0	1	1	1	0	0
dnaQ K02342 K14159	0	0	0	0	0	0	0	0	0	0	1
dnaQ K03657	0	0	0	0	0	0	0	1	0	0	0
dnaT K02317	0	0	0	0	0	0	0	0	0	0	1
dnaX K02343	1	1	1	2	1	1	1	2	1	1	1
dop K20814	0	0	0	0	0	0	0	0	1	0	0
dosP K13243	0	0	0	0	0	0	0	0	0	0	2
doxX	0	1	0	1	0	0	0	0	0	0	0
dpaL K01751	1	0	1	0	0	0	0	0	0	0	0
dpiA K02475 K07702	0	0	0	0	0	0	0	0	0	0	1
dpiB K02476 K11614	0	0	0	0	0	0	1	0	0	0	0
dpiB K07700	0	0	0	0	0	0	0	0	0	0	1
dpm1 K00721	0	1	0	1	0	0	0	1	0	0	0
dpp K01278	0	1	0	2	0	0	0	2	0	0	0
dpp11	0	1	0	1	0	0	0	0	0	0	0
dppA K02035 K12368	0	0	0	0	0	0	0	0	0	0	1
dppA K02035 K15580	0	0	0	0	0	0	0	0	3	0	0
dppB K02033	0	0	0	0	0	0	0	0	1	0	0
dppB K02033 K15581	0	0	0	0	0	0	0	0	1	0	0
dppB K12369 K19227	0	0	0	0	0	0	0	0	0	0	1
dppC K02034	0	0	0	0	0	0	0	0	1	0	0
dppC K02034 K15582	0	0	0	0	0	0	0	0	1	0	0
dppC K12370	0	0	0	0	0	0	0	0	0	0	1
dppD K12371 K15583	0	0	0	0	0	0	0	0	0	0	1
dppE K02035 K15580	0	0	1	0	0	0	0	0	0	0	0
dppF K10823 K12372 K19230	0	0	0	0	0	0	0	0	0	0	1
dprA K04096	2	1	1	1	1	1	1	2	1	0	0
dps K04047	0	0	0	1	0	0	1	0	0	0	1
drp35 K02352	0	0	0	0	1	0	0	0	0	0	0
drrA K01990 K09695	0	0	0	0	0	0	2	0	0	0	0
drrA_1 K01990	0	0	0	0	0	0	1	0	0	0	0
drrB K01992	0	0	0	0	0	0	1	0	0	0	0
dsbA K03673	0	0	0	0	0	0	0	0	0	0	1
dsbB K03611	0	0	0	0	0	0	0	0	0	0	1
dsbC K03981	0	0	0	0	0	0	0	0	0	0	1
dsbD K04084	0	1	0	1	0	0	0	1	0	0	1
dsbG K03805	0	0	0	0	0	0	0	0	0	0	1
dsbI K03611	0	0	0	0	0	0	0	0	0	0	1
dsbL K03673	0	0	0	0	0	0	0	0	0	0	1
dsdA K01753	0	0	1	0	0	0	0	0	0	0	0
dsrB	0	0	0	0	0	0	0	0	0	0	1
dsvA	1	0	0	0	0	0	0	0	0	0	0
dtd K07560	1	1	1	1	1	1	1	1	1	1	1
dtpA K03305	0	0	0	0	0	0	0	0	0	0	1
dtpB K03305	0	0	0	0	0	0	0	0	0	0	1
dtpD	0	0	0	1	0	0	0	0	0	0	0
dtpD K03305	0	0	0	0	0	0	0	0	0	0	1
dtpT K03305	0	0	0	0	0	0	1	0	0	0	0
dus	0	1	0	2	0	0	1	1	1	0	0
dus K05540	1	0	1	0	1	1	1	0	0	0	0
dusA K05539	0	0	0	0	0	0	0	0	0	0	1
dusB K05540	0	0	0	0	0	0	0	0	0	0	1
dusC K05541	0	0	0	0	0	0	0	0	0	0	1
dut K01520	1	0	1	1	1	1	1	1	0	0	0
dxr K00099	1	0	1	1	1	1	0	1	1	1	1
dxs K01662	1	2	2	1	2	1	0	1	1	2	1
dxs1 K01662	0	0	2	0	1	0	0	0	0	0	0
dxs2 K01662	0	0	0	1	0	0	0	0	0	0	0
eaeH K13735	0	0	0	0	0	0	0	0	0	0	1
eam K01843	0	1	0	1	0	0	0	0	0	0	0
eamA	0	1	0	2	0	0	0	0	0	0	0
eamA K03298 K15268	0	0	0	0	0	0	0	0	0	0	1
eamB K11249	0	0	0	0	0	0	0	0	0	0	1
ebgA K01190 K12111	0	0	0	0	0	0	0	0	0	0	1
ebgC K12112	0	0	0	0	0	0	0	0	0	0	1
ebgR K02529 K12113	0	0	0	0	0	0	0	0	0	0	1
ebsA	0	0	0	0	0	0	1	0	0	0	0
ebsC K03976	0	0	0	0	0	0	1	0	0	0	0
ecfA1 K16786	0	0	0	0	0	0	1	0	0	0	0
ecfA2 K16786 K16787	2	0	0	0	0	2	0	0	0	0	0
ecfA2 K16787	0	0	0	0	0	0	1	0	0	0	0
ecfT K16785	1	0	1	0	1	1	1	0	0	0	0
ecnA K16347	0	0	0	0	0	0	0	0	0	0	1
ecnB K16348	0	0	0	0	0	0	0	0	0	0	1
eco K08276	0	0	0	0	0	0	0	0	0	0	1
ecsA K01990	0	0	0	0	0	0	1	0	0	0	0
ecsA_2 K01990	0	0	0	0	0	0	1	0	0	0	0
ecsB K01992	0	0	0	0	0	0	1	0	0	0	0
eda K01625	2	1	0	1	1	1	0	0	0	0	1
edd K01690	0	0	0	0	0	0	0	0	0	0	1
eefR	0	0	0	0	0	0	0	0	0	0	1
efeU K07243	0	0	0	0	0	0	0	0	0	0	1
effD	0	0	0	0	1	0	0	0	0	0	0
efp K02356	1	1	1	1	1	1	1	1	1	0	1
egsA K00096	0	0	0	0	0	1	0	0	0	0	0
egtA K01919	0	0	0	0	0	0	0	0	1	0	0
elaA K02348	0	0	0	0	0	0	0	0	0	0	1
elaB K05594	0	0	0	0	0	0	0	0	0	0	1
elbB	0	0	0	0	0	0	0	0	0	0	1
elfA	0	0	0	0	0	0	0	0	0	0	1
elfC K07347	0	0	0	0	0	0	0	0	0	0	2
elfG	0	0	0	0	0	0	0	0	0	0	1
emrA_1 K03543	0	0	0	1	0	0	0	0	0	0	0
emrB K03446	0	0	0	0	0	0	0	0	0	0	2
emrD K07552 K08154	0	0	0	0	0	0	0	0	0	0	1
emrE K03297	0	0	0	0	0	0	0	0	0	1	1
emtA K08308	0	0	0	0	0	0	0	0	0	0	1
engB K03978	1	1	1	1	0	1	1	1	0	0	1
eno K01689	2	1	1	1	1	2	1	1	1	0	1
entB	0	0	0	0	0	0	1	0	0	0	0
entB K01252	0	0	0	0	0	0	0	0	0	0	1
entC K01851 K02361	0	0	0	0	0	0	0	0	0	0	1
entC K02361 K02552	0	0	0	1	0	0	0	1	0	0	0
entD K02362	0	0	0	0	0	0	0	0	0	0	1
entE K02363 K12238	0	0	0	0	0	0	0	0	0	0	2
entF K02364	0	0	0	0	0	0	0	0	0	0	1
entH K02614	0	0	0	0	0	0	0	0	0	0	1
entS K08225	0	0	0	0	0	0	0	0	0	0	1
envC	0	0	0	1	0	0	0	1	0	0	1
envE K01126 K01181 K01186	0	0	0	0	1	0	0	0	0	0	0
envR K03577 K18140	0	0	0	0	0	0	0	0	0	0	1
envZ K07638	0	0	0	0	0	0	0	0	0	0	1
epd K00134 K03472	0	0	0	0	0	0	0	0	0	0	1
epmA K04568	0	0	0	0	0	0	0	0	0	0	1
epmB K01843 K19810	0	0	0	0	0	0	0	0	0	0	1
epsB	0	0	0	0	0	0	1	0	0	0	0
epsD K19422	0	1	0	0	0	0	0	0	0	0	0
epsJ K19425 K19427	0	0	0	1	0	0	0	0	0	0	0
epsL K13012	0	1	0	0	0	0	0	0	0	0	0
epsM K02462	0	0	0	0	0	0	0	0	0	0	1
eptA	0	0	0	1	0	0	0	1	0	0	0
eptB K03760 K12975 K19353	0	0	0	0	0	0	0	0	0	0	1
era K03595	1	1	1	1	1	1	1	1	1	0	1
erfK K16291	0	0	0	0	0	0	0	0	0	0	1
eriC K03281	0	0	0	0	0	1	1	0	0	0	0
ermA K00561	0	0	0	0	0	0	1	0	1	0	0
erpA K15724	0	0	0	0	0	0	0	0	0	0	1
eryC	0	0	0	1	0	0	0	1	0	0	0
est K03928	0	0	0	0	0	0	1	0	0	0	0
estA	0	1	0	0	0	0	0	0	0	0	0
estA K03930	0	0	0	0	0	0	1	0	0	0	0
estS K05970	0	0	0	0	0	0	0	2	0	0	0
etfA K03522	0	1	1	1	0	0	0	1	0	0	0
etfA K03522 K22432	0	0	0	0	1	1	0	0	0	0	0
etfB K03521	0	1	1	1	0	1	0	1	0	0	0
etfB1 K03521	0	0	1	0	0	0	0	0	0	0	0
etp K01104	0	0	0	0	0	0	0	0	1	0	0
eutC K03736	0	0	0	0	0	0	0	0	0	0	1
eutE K00132 K13922	1	0	0	0	0	0	0	0	0	0	0
eutE K04021 K13922	0	0	0	0	0	0	0	0	0	0	1
eutG K04022	0	0	0	0	0	0	0	0	0	0	1
eutH K04023	0	0	0	0	0	0	1	0	0	0	0
eutJ K04024	1	0	0	0	0	0	0	0	0	0	0
eutK K04025	0	0	0	0	0	0	0	0	0	0	1
eutL K04026	0	0	0	0	0	0	0	0	0	0	1
eutN K04028	1	0	0	0	0	0	1	0	0	0	2
eutP K04029	1	0	0	0	0	0	0	0	0	0	1
eutQ K04030	0	0	0	0	0	0	1	0	0	0	1
eutR K04033	0	0	0	0	0	0	0	0	0	0	1
eutS K04031	0	0	0	0	0	0	0	0	0	0	1
exbB K03561	0	1	0	3	0	0	0	3	0	0	1
exbD K03559	0	0	0	0	0	0	0	0	0	0	1
exbD1	0	0	0	1	0	0	0	1	0	0	0
exbD2	0	0	0	1	0	0	0	1	0	0	0
exbD2 K03559	0	0	0	0	0	0	0	0	0	1	0
exoA K01142	0	0	0	0	0	0	1	0	0	0	0
exoX K10857	0	0	0	0	0	0	0	0	0	0	1
exsH K01186 K12373 K20830	0	0	0	0	0	0	0	0	0	1	0
exuR K02529	0	0	0	0	0	0	1	0	0	0	0
exuR K05799 K19775	0	0	0	0	0	0	0	0	0	0	1
exuT K07783 K08191	0	0	0	0	0	0	0	0	0	0	2
exuT K08191	0	1	0	1	0	0	0	0	0	0	0
ezrA K06286	0	0	0	0	0	0	1	0	0	0	0
fI_3	0	0	0	0	0	0	0	0	0	0	1
fabA K01716	0	0	0	0	0	0	0	0	0	0	1
fabB K00647	0	0	0	1	0	0	0	0	0	0	1
fabD K00645	1	1	1	1	1	1	0	1	0	0	2
fabD K00645 K15327 K15329	0	0	0	0	0	0	1	0	0	0	0
fabF K09458	0	1	1	1	1	1	1	1	0	0	1
fabF2 K00647	0	0	0	2	0	0	0	0	0	0	0
fabG K00059	1	1	1	1	1	1	1	1	0	0	0
fabG3 K00023 K00059	0	0	0	1	0	0	0	0	0	0	0
fabG5 K00059	0	0	1	0	1	0	0	0	0	0	0
fabH K00648	1	1	1	2	2	1	1	1	0	0	1
fabI K00208	0	1	0	1	0	0	1	1	0	0	1
fabK K02371	1	1	1	1	0	1	0	0	0	0	0
fabR K22105	0	0	0	0	0	0	0	0	0	0	1
fabZ K02372	1	0	1	1	1	1	2	0	0	0	1
fabZ K16363	0	1	0	2	0	0	0	2	0	1	0
fadA K00632	0	0	0	0	0	0	0	0	0	0	1
fadB K01782 K01825	0	0	0	0	0	0	0	0	0	0	1
fadD K01895	0	0	0	0	0	0	1	0	0	0	0
fadD K01897	0	0	0	1	0	0	0	1	1	0	1
fadD2 K01897	0	0	0	0	0	0	0	0	1	0	0
fadD3 K01897	0	0	0	0	0	0	0	0	2	0	0
fadE K06445	0	0	0	0	0	0	0	0	0	0	1
fadH K00219	0	0	0	0	0	0	0	0	0	0	1
fadI K00632	0	0	0	0	0	0	0	0	0	0	1
fadJ K01782	0	0	0	0	0	0	0	0	0	0	1
fadK K04116 K12507	0	0	0	0	0	0	0	0	0	0	1
fadL K06076	0	1	0	0	0	0	0	0	0	0	1
fadR K03603	0	0	0	0	0	0	0	0	0	0	1
fahA	0	1	0	1	0	0	0	1	0	0	0
farA K01993	0	0	0	0	0	0	0	1	0	0	0
fas K11533	0	0	0	0	1	0	0	0	1	0	0
fat K01071	0	0	0	0	0	0	1	0	0	0	0
fba K01624	1	1	1	1	1	1	0	1	0	0	0
fba K01624 K03339	0	0	0	0	0	0	1	0	0	0	0
fbaA K01624	0	0	0	0	0	0	0	0	1	0	1
fbaB K11645	0	1	0	1	0	0	0	0	0	0	1
fbp K03841	0	0	0	0	0	0	0	0	0	0	1
fbp K04041	1	0	1	1	1	1	1	2	0	0	0
fchA	1	0	0	1	1	1	0	0	0	0	0
fchA K01746	0	0	0	0	0	0	1	0	0	0	0
fcl K02377	0	0	0	1	0	1	0	0	0	1	0
fdh K00064	0	0	0	1	0	0	0	0	0	0	0
fdh K00121	0	0	0	0	0	0	1	0	0	0	0
fdhD K02379	0	0	0	0	1	0	0	0	0	0	1
fdhE K02380	0	0	0	0	0	0	0	0	0	0	1
fdhF K00123 K22015	0	0	0	0	0	0	0	0	0	0	1
fdhF_2 K22015	0	0	0	0	0	0	0	0	0	0	1
fdnG K00123 K08348	0	0	0	0	0	0	0	0	0	0	2
fdnI K00127 K08350	0	0	0	0	0	0	0	0	0	0	1
fdoG K00123 K08348	0	0	0	0	0	0	0	0	0	0	2
fdoH K00124 K08349	0	0	0	0	0	0	0	0	0	0	1
fdoI K00127 K08350	0	0	0	0	0	0	0	0	0	0	1
fdrA K02381	0	0	0	0	0	0	0	0	0	0	1
fdtA_1	0	0	0	1	0	0	0	0	0	0	0
fdtA_2	0	0	0	1	0	0	0	0	0	0	0
fdtC	0	0	0	1	0	0	0	0	0	0	0
fdx K04755	0	0	0	0	0	0	0	0	0	0	1
fdxA K05524	0	0	0	0	0	0	0	0	1	0	0
fdxH K00124 K08349	0	0	0	0	0	0	0	0	0	0	1
femX K05363 K11693	0	0	1	1	0	0	0	0	0	0	0
feoA K04758	1	0	3	0	2	1	1	0	0	1	1
feoB K04759	2	1	1	1	2	2	1	2	1	1	1
feoB2 K04759	0	0	1	0	0	0	0	0	0	0	0
feoC K07490	0	0	0	0	0	0	0	0	0	0	1
fepA K16089 K19611	0	0	0	0	0	0	0	1	0	0	1
fepB K02016	0	0	0	0	0	0	0	0	0	0	1
fepC K02013	2	0	0	0	0	1	0	0	0	0	1
fepD K02015	0	0	0	0	0	0	0	0	0	0	1
fepE	0	0	0	0	0	0	0	0	0	0	1
fepG K02015	0	0	0	0	0	0	0	0	0	0	1
fer K05337	0	0	0	0	0	0	1	0	0	0	0
fes K07214	0	0	0	0	0	0	0	0	0	0	2
feuC K02015	0	0	0	0	0	0	0	0	0	0	1
ffh K03106	1	1	1	1	1	1	1	1	1	1	1
fhaA	0	0	0	0	0	0	0	0	1	0	0
fhaB	0	0	0	0	0	0	0	0	1	0	0
fhlA	0	1	0	1	0	0	0	1	0	0	0
fhlA K12146 K15836	0	0	0	0	0	0	0	0	0	0	1
fhs K01938	2	0	1	1	1	1	2	1	2	1	0
fhuA K02014	0	0	0	0	0	0	0	0	0	0	2
fhuB K02015	0	0	0	0	0	1	1	0	0	0	1
fhuC K02013	0	0	0	1	0	1	1	1	0	0	0
fhuC_2 K02013	0	0	0	0	0	0	0	0	0	0	1
fhuD K02016	0	0	1	0	0	1	0	0	0	0	1
fhuD9 K02016	0	0	0	0	0	0	1	0	0	0	0
fhuE K16088	0	0	0	0	0	0	0	0	0	0	1
fhuF K13255	0	0	0	0	0	0	0	0	0	0	1
fhuG K02015	0	0	0	0	0	1	1	0	0	0	0
fic K04095	0	1	0	0	0	1	0	1	0	0	1
fidL	0	0	0	0	0	0	0	0	0	0	1
fieF	0	1	0	0	0	0	0	2	0	0	0
fieF K13283	0	0	0	0	0	0	0	0	0	0	1
fimA K07345	0	0	0	0	0	0	0	0	0	0	1
fimC K07346	0	0	0	0	0	0	0	0	0	0	1
fimD K07347	0	0	0	0	0	0	0	0	0	0	2
fimE K07358	0	0	0	0	0	0	0	0	0	0	1
fimF K07348	0	0	0	0	0	0	0	0	0	0	1
fimH K07350	0	0	0	0	0	0	0	0	0	0	2
fimI K07351	0	0	0	0	0	0	0	0	0	0	1
fis K03557	0	0	0	0	0	0	0	0	0	0	1
fiu K16090	0	0	0	0	0	0	0	0	0	0	2
fixA K03521	0	0	0	0	0	0	0	0	0	0	1
fixB K03522	0	0	0	0	0	0	0	0	0	0	1
fixC K00313	0	0	0	0	0	0	0	0	0	0	2
fjo13	0	0	0	2	0	0	0	1	0	0	0
fjo27	0	0	0	1	0	0	0	1	0	0	0
fkbP K01802	0	0	0	0	0	0	0	0	1	0	0
fklB K03772 K03773	0	1	0	1	0	0	0	1	0	0	0
fklB K03773	0	0	0	0	0	0	0	0	0	0	1
fkp	0	0	0	2	0	0	0	1	0	0	0
fkpA K01802 K03772 K03773	0	0	0	0	0	0	0	0	0	0	1
fkpB K03772 K03773	0	0	0	0	0	0	0	1	0	0	0
fkpB K03774	0	0	0	0	0	0	0	0	0	0	1
flaG K06603	0	0	0	0	0	1	0	0	0	0	0
flbD K02385	0	0	1	0	0	1	0	0	0	0	0
fldA K03839	0	1	0	1	0	0	0	1	0	0	1
fldB K03840	0	0	0	0	0	0	0	0	0	0	1
flg	0	0	1	0	0	1	0	0	0	0	0
flgA K02386	0	0	0	0	0	0	0	0	0	0	1
flgB K02387	0	0	1	0	0	1	0	0	0	0	1
flgC K02388	0	0	1	0	0	1	1	0	0	0	1
flgD K02389	0	0	0	0	0	1	0	0	0	0	1
flgE K02390	0	0	1	0	0	1	0	0	0	0	1
flgF K02391	0	0	0	0	0	0	0	0	0	0	1
flgG K02390	0	0	0	0	0	0	1	0	0	0	0
flgG K02390 K02392	0	0	1	0	0	1	0	0	0	0	0
flgG K02392	0	0	1	0	0	1	1	0	0	0	1
flgH K02393	0	0	0	0	0	0	0	0	0	0	1
flgI K02394	0	0	0	0	0	0	0	0	0	0	1
flgK K02396	0	0	1	0	0	2	1	0	0	0	1
flgL K02397	0	0	1	0	0	1	1	0	0	0	1
flgM K02398	0	0	0	0	0	1	0	0	0	0	1
flgN K02399	0	0	0	0	0	0	0	0	0	0	1
flhA K02400	0	0	1	0	0	1	1	0	0	0	2
flhB K02401	0	0	0	0	0	0	1	0	0	0	1
flhB K02401 K13820	0	0	1	0	0	1	0	0	0	0	0
flhB1 K04061	0	0	1	0	0	1	0	0	0	0	0
flhC K02402	0	0	0	0	0	0	0	0	0	0	2
flhE K03516	0	0	0	0	0	0	0	0	0	0	1
flhF K02404	0	0	0	0	0	1	0	0	0	0	0
flhG K04562	0	0	0	0	0	1	0	0	0	0	0
flhO K02392	0	0	0	0	0	0	1	0	0	0	0
fliA K02405	0	0	1	0	0	1	0	0	0	0	1
fliB K18475	0	0	0	0	0	1	0	0	0	0	1
fliC K02406	0	0	0	0	0	0	0	0	0	0	1
fliD K02407	0	0	1	0	0	2	0	0	0	0	1
fliE K02408	0	0	1	0	0	1	1	0	0	0	1
fliF K02409	0	0	1	0	0	1	1	0	0	0	1
fliG K02410	0	0	1	0	0	1	1	0	0	0	2
fliH K02411	0	0	0	0	0	0	1	0	0	0	0
fliI K02412	0	0	0	0	0	0	1	0	0	0	1
fliI K02412 K03224	0	0	1	0	0	1	0	0	0	0	0
fliJ K02413	0	0	0	0	0	1	0	0	0	0	1
fliK K02414	0	0	0	0	0	1	0	0	0	0	1
fliL K02415	0	0	0	0	0	0	1	0	0	0	1
fliM K02416	0	0	1	0	0	1	1	0	0	0	2
fliN K02417	0	0	1	0	0	1	0	0	0	0	1
fliP K02419	0	0	1	0	0	1	1	0	0	0	2
fliQ K02420	0	0	1	0	0	1	1	0	0	0	0
fliR K02421	0	0	1	0	0	1	1	0	0	0	1
fliS K02422	0	0	1	0	0	1	0	0	0	0	1
fliT K02423	0	0	0	0	0	0	0	0	0	0	1
fliU K18475	1	0	0	0	0	0	0	0	0	0	0
fliW K13626	0	0	1	0	0	1	0	0	0	0	0
fliY K02417	0	0	0	0	0	0	1	0	0	0	0
fliY K02424	0	0	0	0	0	0	0	0	0	0	1
fliY1 K02030	1	0	1	0	1	0	0	0	0	0	0
fliZ K02425	0	0	0	0	0	0	0	0	0	0	1
flk	0	0	0	0	0	0	0	0	0	0	1
flmH K00657	0	0	0	0	0	0	0	0	0	1	0
floL K07192	0	0	0	0	0	0	1	0	0	0	0
flxA	0	0	0	0	0	0	0	0	0	0	1
fms K01462	0	0	0	0	0	0	0	0	1	0	0
fmt K00604	1	1	1	1	1	1	1	1	1	1	1
fni K01823	0	0	0	0	0	0	1	0	0	0	0
fnlA K17716	0	0	0	2	0	0	0	0	0	0	0
fnq20	0	0	0	0	0	0	1	0	0	0	0
fnr K01420	0	0	0	0	0	0	0	0	0	0	1
fnr5	0	0	0	0	0	0	1	0	0	0	0
fnt K02598	1	0	1	0	0	0	0	0	0	0	0
fnt K21993	0	0	0	0	0	0	2	0	0	0	0
focA K06212	0	0	0	0	0	0	0	0	0	0	1
folA K00287	1	1	0	1	0	1	1	1	1	0	0
folB K01633	0	0	0	1	0	0	0	1	0	0	1
folC K11754	2	1	1	0	2	1	2	2	1	0	1
folD K01491	1	1	1	1	1	1	1	1	1	1	0
folD4	1	0	0	0	0	1	0	0	0	0	0
folE K01495	1	0	0	0	0	0	0	1	0	0	1
folE2 K09007	0	0	0	0	0	0	0	0	0	1	0
folK K00950	0	1	0	1	0	0	0	1	0	0	1
folK K00950 K13940	1	0	0	0	0	0	0	0	1	0	0
folK2 K00950	0	0	0	1	0	0	0	1	0	0	0
folM K03793 K13938	0	0	0	0	0	0	0	0	0	0	1
folP K00796	1	1	0	1	0	0	0	1	1	0	0
folX K07589	0	0	0	0	0	0	0	0	0	0	1
fosC K01193	0	0	0	0	0	0	0	0	1	0	0
fpg K10563	0	0	0	0	0	0	1	0	0	0	1
fpr K00528	0	0	0	0	0	0	0	0	0	0	1
fprA K00528	0	0	0	0	0	0	0	0	1	0	0
fprA K22405	0	1	0	1	0	0	0	1	0	0	0
fprA2	0	0	1	0	0	0	0	0	0	0	0
frataxin K05937	0	0	0	0	0	0	1	0	0	0	0
frdA K00244	0	0	0	0	0	0	0	0	0	0	1
frdB K00240	0	2	0	1	0	0	0	1	0	0	0
frdB K00245	0	0	0	0	0	0	0	0	0	0	1
frdC K00246	0	0	0	0	0	0	0	0	0	0	1
fre K00523 K05368 K20256	0	0	0	0	0	0	0	0	0	0	1
frmR	0	0	0	0	0	0	0	0	0	0	1
frr K02838	1	1	1	1	1	1	1	1	0	0	1
frsA K11750	0	0	0	0	0	0	0	0	0	0	1
fruA K02768 K02769 K02770	2	0	0	0	1	1	1	0	0	0	1
fruB K02768 K11183	0	0	0	0	0	0	0	0	0	0	1
fruC K02769 K02770	0	0	0	0	0	0	1	0	0	0	0
fruD K02768	0	0	0	0	0	0	1	0	0	0	0
fruK K00882 K16370	0	0	0	0	0	0	0	0	0	0	1
fruK-1 K00882	0	0	0	0	0	0	1	0	0	0	0
fruR K01193 K02529 K03435 K03484	0	0	0	0	1	0	0	0	0	0	0
fruR K03435	0	0	0	0	0	0	0	0	0	0	1
fruR K03436	0	0	0	0	1	1	1	0	0	0	0
frwC K02768 K02769 K02770 K11203	0	0	0	0	0	0	0	0	0	0	2
frwD K11202	0	0	0	0	0	0	0	0	0	0	1
fryA K08483 K11189 K11201	0	0	0	0	0	0	0	0	0	0	1
fryC K11203	0	0	0	0	0	0	0	0	0	0	2
fsaA K08313 K08314	0	0	0	0	0	0	0	0	0	0	1
fsr K08223	0	1	0	1	0	0	0	1	0	0	1
ftcD K00603	0	0	0	0	0	0	1	0	0	0	0
ftcD K00603 K13990	0	1	0	1	0	0	0	1	0	0	0
fthC K01934	2	1	0	1	1	1	1	1	0	0	0
ftnA K02217	0	0	1	1	0	0	0	0	0	0	1
ftnB K02255	0	0	0	0	0	0	0	0	0	0	1
ftrA K13633	0	0	0	0	0	0	0	0	0	0	1
ftsA	0	0	1	0	0	1	0	0	0	0	0
ftsA K03590	0	1	0	1	0	0	1	2	0	1	2
ftsB K05589	0	0	0	0	0	0	0	0	0	0	1
ftsE K09812	1	1	1	1	1	1	1	1	1	0	0
ftsH K03798	4	2	2	1	2	4	1	1	2	2	1
ftsI K03587	0	1	0	1	0	0	0	1	1	0	2
ftsJ K02427	0	0	0	0	0	0	0	0	0	0	1
ftsK K03466	1	1	0	1	0	1	1	1	1	0	1
ftsL	0	0	0	0	0	0	1	0	0	0	0
ftsN K03591	0	0	0	0	0	0	0	0	0	0	1
ftsP K04753	0	0	0	0	0	0	0	0	0	0	1
ftsQ K03589	0	1	0	1	0	0	0	0	1	0	0
ftsW K03588	3	1	1	1	1	2	2	1	0	0	0
ftsX K09811	1	1	1	1	1	1	1	1	1	0	1
ftsY K03110	1	1	1	1	1	2	1	1	1	0	2
ftsZ K03531	1	1	1	2	1	1	1	1	1	0	2
fucA K01628	0	0	1	0	0	1	0	0	0	0	0
fucA K22130	0	0	0	1	0	0	0	1	0	0	0
fucI K01818	1	1	0	1	0	0	0	1	0	1	0
fucK K00848 K00879	0	0	0	1	0	0	0	1	0	0	0
fucO K00001	0	0	0	0	0	0	0	0	0	0	1
fucO K00048	0	0	0	1	1	1	0	1	0	0	0
fucO K00048 K17067	0	0	0	0	0	0	0	0	1	0	0
fucP K02429	0	0	0	2	0	0	0	3	0	0	0
fucU K02431	1	0	0	0	0	0	0	0	1	0	0
fumA K01676	0	0	0	0	0	0	0	0	0	0	2
fumA K01677	1	0	1	0	2	1	0	0	0	0	0
fumB K01676	0	0	0	1	0	0	0	1	0	0	0
fumB K01678	1	0	1	0	0	1	0	0	0	0	0
fumC K01679	0	0	0	0	0	0	0	0	0	0	1
fur K03711	1	0	0	1	0	1	1	1	1	0	1
fur K03711 K09825	0	0	0	1	0	0	0	1	0	0	0
fusA K02355	1	3	1	1	1	1	1	1	1	0	1
fusA2 K02355	1	1	2	1	0	1	0	1	0	0	0
fxsA K07113	0	0	0	0	0	0	0	0	0	0	1
gabD K00135	0	0	0	0	0	0	0	0	0	0	1
gabP K11735	0	0	0	0	0	0	0	0	0	0	2
gabR_2 K00375 K05825	0	0	0	0	0	0	0	0	0	0	1
gabT K07250 K14268	0	0	0	0	0	0	0	0	0	0	1
gadB K01580	0	0	0	0	0	0	0	0	0	0	2
gadB K01580 K01634	0	1	0	1	0	0	1	0	0	0	0
gadC K20265	0	1	0	1	0	0	1	0	0	0	1
gadE K21907	0	0	0	0	0	0	0	0	0	0	1
gadW K21906	0	0	0	0	0	0	0	0	0	0	1
gadX K21905	0	0	0	0	0	0	0	0	0	0	1
galE K01784	2	1	1	1	1	1	1	1	1	0	1
galF K00963	0	0	0	0	0	0	0	0	0	0	1
galK K00849	1	1	1	0	4	1	1	0	0	0	1
galK K00849 K00965	0	0	0	0	0	0	0	0	1	0	0
galM K01785	0	0	0	2	0	0	1	1	0	0	1
galP K02100 K05548 K08137	0	0	0	0	0	0	0	0	0	0	1
galR K02529	0	0	0	0	0	0	1	0	0	0	1
galS K02529	0	0	0	0	0	0	0	0	0	0	1
galT	0	0	0	1	0	0	0	0	0	0	0
galT K00965	2	0	1	0	1	1	1	0	1	0	1
galU K00963	0	0	1	0	1	0	1	0	0	0	1
gam	0	0	0	0	0	0	0	0	0	1	0
gap K00134	1	1	1	1	1	1	2	1	1	0	0
gapA K00134	0	0	0	0	0	0	0	0	0	0	1
gapC K00134	0	0	0	0	0	0	0	0	0	0	1
garD K01708	0	0	0	0	0	0	0	0	0	0	1
garL K01630	0	0	0	0	0	0	0	0	0	0	1
garR K00020 K00042	0	0	0	0	0	0	0	0	0	0	1
gatA K01426 K02433	0	0	1	0	0	0	0	0	0	0	0
gatA K02433	1	0	0	0	0	1	1	0	1	1	0
gatA K02773	0	0	0	0	0	0	0	0	0	0	1
gatB K02434	1	0	0	0	0	1	1	0	1	1	0
gatC K02435	1	0	0	0	0	0	1	0	1	1	0
gatC K02775	0	0	0	0	0	0	0	0	0	0	2
gatD K00094	0	0	0	0	0	0	0	0	0	0	1
gatR K02081 K02436	0	0	0	0	0	0	0	0	0	0	1
gatY K08302	0	0	0	0	0	0	0	0	0	0	1
gatZ K02775 K16371	0	0	0	0	0	0	0	0	0	0	1
gcd K00117	0	0	0	0	0	0	0	0	0	0	1
gcdB K01572	1	0	1	0	1	1	0	0	0	0	1
gcdC	1	0	0	0	1	1	0	0	0	0	0
gcdC K01615 K01965 K02160	0	0	1	0	0	0	0	0	0	0	0
gcl K01608	0	0	0	0	0	0	0	0	0	0	2
gcp1 K01409	0	0	1	0	0	0	0	0	0	0	0
gcsH2 K02437	0	0	0	0	0	0	1	0	0	0	0
gcvA K03566	0	0	0	0	0	0	0	0	0	0	1
gcvH K02437	0	1	0	1	0	0	0	1	1	1	1
gcvP K00281	0	0	0	0	0	0	0	0	0	1	0
gcvP K00281 K00283	0	1	0	1	0	0	0	1	0	0	1
gcvPA K00282	0	0	0	0	0	0	0	1	0	0	0
gcvR K03567	0	0	0	0	0	0	0	0	0	0	1
gcvT K00605	0	1	0	1	0	0	0	1	0	1	1
gdh K00262	0	1	0	1	0	0	0	1	0	0	0
gdhA K00261 K00262	1	0	1	0	0	0	0	0	0	0	0
gdhA K00262	0	1	0	1	0	0	1	1	1	0	1
gepA	0	0	0	0	0	0	0	0	0	2	0
gerA K06310	1	0	0	0	0	1	0	0	0	0	0
ggt K00681	0	0	0	0	0	0	0	0	0	0	1
ghrA K12972	0	0	0	0	0	0	0	0	0	0	1
ghrB K00032 K00090	0	0	0	0	0	0	0	0	0	0	1
gidA K03495	1	1	1	1	2	1	1	1	0	1	1
glaB	0	2	0	0	0	0	0	0	0	0	0
glcA K00427 K02550 K03303	0	0	0	0	0	0	0	0	0	0	1
glcB K01638	0	0	0	0	0	0	0	0	0	0	2
glcC K05799 K11474	0	0	0	0	0	0	0	0	0	0	1
glcD K00104	0	0	0	0	0	0	0	0	0	0	1
glcD1 K00104	0	0	1	0	0	0	0	0	0	0	0
glcF K11473	0	0	0	0	0	0	0	0	0	0	2
glcK K00845	1	0	3	0	0	1	1	0	0	0	0
glcU K05340	0	0	0	1	0	0	1	0	0	0	0
gldA K00005	0	0	0	0	0	0	1	0	0	0	0
gldA K00005 K00096	0	0	0	0	0	0	0	0	0	0	1
gldB	0	0	0	1	0	0	0	1	0	0	0
gldE	0	1	0	1	0	0	0	1	0	0	0
gldH	0	0	0	1	0	0	0	1	0	0	0
gldK	0	0	0	0	0	0	0	1	0	0	0
gldL	0	0	0	0	0	0	0	1	0	0	0
gldM	0	0	0	0	0	0	0	1	0	0	0
gldN	0	0	0	0	0	0	0	1	0	0	0
glf K01854	1	0	3	0	0	1	1	0	0	0	1
glgA K00703	1	1	1	1	1	1	1	1	0	0	1
glgA K16148	0	0	0	0	0	0	0	0	1	0	0
glgB K00700	3	1	1	1	2	1	1	1	2	0	1
glgC K00975	2	0	1	0	1	2	1	0	1	0	0
glgD K00975	2	0	1	0	0	0	1	0	0	0	0
glgE K16147	0	0	0	0	0	0	0	0	1	0	0
glgP K00688	1	0	2	0	1	1	1	0	1	0	1
glgP K00688 K00691 K16153	0	1	0	1	0	0	0	3	0	0	0
glgS	0	0	0	0	0	0	0	0	0	0	1
glgX K01200 K01214 K02438	0	0	0	0	0	0	0	0	0	0	2
glgX K01214	0	0	0	0	0	1	0	0	1	0	0
glgX K01214 K02438	0	0	0	0	0	0	0	0	1	0	0
glk K00845	0	2	0	1	0	0	0	1	0	0	1
glmM K01840	0	1	0	1	0	0	0	1	0	0	0
glmM K03431	2	0	1	0	1	1	1	0	1	0	0
glmS K00820	2	1	2	2	1	1	1	0	1	0	1
glmU K04042	0	0	1	0	1	2	1	0	1	0	1
glnA K01915	2	2	2	3	1	2	1	1	1	2	1
glnA1 K01915	1	0	0	0	0	0	0	0	0	0	0
glnA2 K01915	0	0	0	0	0	0	0	0	1	0	0
glnB K04751	0	0	0	1	0	0	0	0	1	0	1
glnB K04751 K04752	0	0	0	0	0	0	1	0	0	0	0
glnB1 K04751	0	0	0	0	0	1	0	0	0	0	0
glnD K00990	0	0	0	0	0	0	0	0	1	0	1
glnE K00982	0	0	0	0	0	0	0	0	1	0	2
glnG K07712	0	0	0	0	0	0	0	0	0	0	1
glnH K02030	0	0	0	0	0	0	0	0	2	0	0
glnH K02030 K10036	0	0	0	0	0	0	0	0	0	0	1
glnH K02030 K10039	0	0	0	0	0	0	0	0	1	0	0
glnH K10039	0	0	0	0	0	0	1	0	0	0	0
glnH1 K02029 K02030	0	0	1	0	0	0	0	0	0	0	0
glnK K04752	0	0	0	0	0	0	0	0	0	0	1
glnL K07708	0	0	0	0	0	0	0	0	0	0	1
glnM K10040	0	0	0	0	0	0	1	0	0	0	0
glnP K02029 K02030	2	0	0	0	0	0	0	0	1	0	0
glnP K02029 K02030 K10036	0	0	0	0	0	0	1	0	0	0	0
glnP K02029 K10040	0	0	0	0	0	0	0	0	1	0	0
glnP K10037	0	0	0	0	0	0	0	0	0	0	1
glnP K10040	0	0	0	0	0	0	1	0	0	0	0
glnP2 K02029	0	0	0	0	0	0	0	0	1	0	0
glnQ K02028	2	0	1	0	1	1	4	0	2	0	0
glnQ K02028 K02029 K09972 K10004 K10010 K10038	0	0	0	0	0	0	0	0	0	0	1
glnQ K10041	0	0	0	0	0	0	1	0	0	0	0
glnQ K17074 K17076	1	0	1	0	0	0	0	0	0	0	0
glnQ K17076	0	0	0	0	0	0	1	0	0	0	0
glnQ1 K02028	0	0	1	0	0	0	0	0	0	0	0
glnR	0	0	0	0	0	0	0	0	1	0	0
glnR K03713 K15580	0	0	0	0	0	0	1	0	0	0	0
glnS K01886	1	1	2	1	1	1	0	2	0	2	1
gloA K01759	1	1	1	0	0	0	0	0	0	0	0
gloA K01759 K03827	0	0	0	1	0	0	0	0	0	0	0
gloA K01759 K15772	0	0	0	0	0	0	1	0	0	0	0
gloA K08234	0	0	0	0	0	0	0	1	0	0	0
gloB K01069	0	0	0	0	0	0	0	0	0	0	1
glpA K00111	0	1	0	0	0	0	0	0	0	0	1
glpC K00113 K11473	0	0	0	0	0	0	0	0	0	0	1
glpD K00105 K00111	0	0	0	0	0	0	1	0	0	0	0
glpD K00111	0	0	0	0	0	0	0	0	0	0	1
glpE	0	0	0	1	0	0	0	1	0	0	0
glpE K02439	0	0	0	0	0	0	0	0	0	0	1
glpF K02440	0	1	0	0	0	1	1	0	1	0	2
glpG K02441	0	0	0	0	0	0	0	0	0	0	1
glpK K00864	1	1	1	0	0	1	1	0	0	0	1
glpP K02443	0	0	0	0	0	1	0	0	0	0	0
glpQ K01126	0	0	0	0	1	0	2	0	1	0	1
glpQ1_1 K01126	0	0	0	1	0	0	0	0	0	0	0
glpR K02444	0	0	0	0	0	0	0	0	0	0	1
glpT K02445	0	1	0	0	0	0	0	0	0	0	1
glpX K02446	0	0	0	0	0	0	0	0	0	0	1
glsA K01425	0	1	0	1	0	0	0	1	0	0	2
gltA K00265 K00284	0	0	0	0	0	0	1	0	0	0	0
gltA K00266	2	0	1	0	1	1	0	0	0	0	0
gltA K00266 K17722	0	1	0	1	0	0	0	1	0	0	0
gltA K01647	1	0	1	0	1	0	0	0	1	0	1
gltA K01647 K01659	0	0	0	0	0	0	1	0	0	0	0
gltB K00265	0	0	0	0	0	0	0	0	0	0	1
gltB K00265 K00284	1	0	1	1	1	1	0	0	1	0	0
gltD K00266	1	0	0	1	0	1	1	0	1	0	3
gltI K10001	0	0	0	0	0	0	0	0	0	0	1
gltJ K02029 K10003	0	0	0	0	0	0	0	0	0	0	1
gltK K10002	0	0	0	0	0	0	0	0	0	0	1
gltL K02028 K02029 K09972 K10004 K10010 K10038	0	0	0	0	0	0	0	0	0	0	1
gltP K11102	0	0	0	0	0	0	0	0	0	0	1
gltS K03312	0	0	0	0	0	1	0	0	0	0	1
gltX K01885	0	1	0	2	0	0	0	2	1	1	1
gltX K01885 K09698	1	0	0	0	1	1	0	0	0	0	0
gltX K09698	0	0	0	0	0	0	1	0	0	0	0
gluA K10008	0	0	0	0	0	0	0	0	1	0	0
gluB K10005	0	0	0	0	0	0	0	0	1	0	0
gluC K10006	0	0	0	0	0	0	0	0	1	0	0
gluD K10007	0	0	0	0	0	0	0	0	1	0	0
gluP K02429	0	1	0	1	0	0	0	2	0	0	0
gluP K19225	1	0	0	0	0	1	1	0	1	0	0
gluQ K01885	0	0	0	0	0	0	0	0	1	0	0
gluQ K01894	0	0	0	0	0	0	0	0	0	0	2
glvC K02749 K02750 K02790 K02791	0	0	0	0	1	0	0	0	0	0	0
glxK K00865	2	0	1	0	0	1	0	1	1	0	2
glxR K00020	0	0	0	0	0	0	1	0	0	0	0
glxR K00042 K08319	0	0	0	0	0	0	0	0	0	0	1
glyA K00600	0	1	1	1	0	1	1	1	1	0	1
glyQ K01878	0	0	0	0	0	0	1	0	0	0	1
glyQS K01880	1	1	1	1	1	1	0	1	1	0	0
glyS K01879	0	0	0	0	0	0	1	0	0	0	1
gmd K01711	0	0	0	1	0	1	0	0	0	0	2
gmhA K03271	0	0	1	1	0	1	0	0	0	0	0
gmhA K03271 K12961	0	0	0	0	0	0	0	0	0	0	1
gmhA K13668	0	0	0	1	0	0	0	1	0	0	0
gmhB K03273	0	0	0	0	0	1	0	0	0	0	1
gmk K00942	1	1	1	1	1	1	1	1	1	0	1
gmk_1 K00942	1	0	0	0	0	1	0	0	0	0	0
gmm K03207	0	0	0	0	0	0	0	0	0	0	1
gmr K14051	0	0	0	0	0	0	0	0	0	0	1
gmuD K01223 K05350	0	0	0	0	0	0	2	0	0	0	0
gnd K00033	0	0	0	1	0	0	1	0	2	0	1
gnpA K15533	1	0	0	0	1	0	0	0	0	0	0
gnsA	0	0	0	0	0	0	0	0	0	0	1
gnsB	0	0	0	0	0	0	0	0	0	0	1
gntK K00851	0	0	0	0	0	0	0	0	1	0	1
gntP K16321	0	0	0	0	0	0	0	0	0	0	1
gntR	0	0	0	0	0	0	0	0	1	0	0
gntR K06145	0	0	0	0	0	0	0	0	0	0	1
gntT K06155	0	0	0	0	0	0	0	0	0	0	1
gntU K06156	0	0	0	0	0	0	0	0	0	0	1
gntX	0	0	0	0	0	0	0	0	0	0	1
gnuT K03299	0	0	0	0	0	0	0	0	1	0	0
goaG K00823 K07250	0	0	0	0	0	0	0	0	0	0	1
gor K00383	0	0	0	0	0	0	1	0	0	0	1
gpP	0	0	1	0	0	0	0	0	0	0	0
gph K01091	1	0	0	0	0	0	0	0	0	0	1
gph K01091 K06019	0	0	0	0	0	0	0	0	0	1	0
gph K16209	0	0	0	0	0	0	0	0	1	0	0
gpm2 K02226	0	0	0	0	0	0	0	0	1	0	0
gpmA K01834	0	1	0	1	0	0	1	0	0	0	1
gpmB K01834 K22306	0	0	0	0	0	0	0	0	2	0	0
gpmB K15634	0	0	0	0	0	0	0	0	0	0	1
gpmI K15633	1	1	1	1	1	1	0	1	0	1	1
gpo K00432	0	0	0	0	0	0	1	0	0	0	0
gppA K01524	0	0	0	0	0	0	0	0	0	0	1
gpr K06012	1	0	1	0	1	1	0	0	0	0	0
gpr K19265	0	1	0	1	0	0	0	0	0	0	0
gpsA K00057	1	2	1	1	1	1	1	1	1	1	1
gpsB	0	0	0	0	0	0	1	0	0	0	0
gpt K00769	0	0	0	0	0	0	0	0	0	0	1
graR K19082	1	0	0	0	0	1	0	0	0	0	0
grcA K06866	0	0	0	0	0	0	0	0	0	0	1
greA K03624	1	1	1	2	1	1	1	2	1	0	1
greA_2 K03624	1	0	0	0	0	1	0	0	0	0	0
greB K04760	0	0	0	0	0	0	0	0	0	0	1
groL K04077	1	1	1	1	1	1	1	1	1	1	1
groS K04078	1	1	1	1	0	1	1	1	1	1	1
grpE K03687	1	1	1	1	0	1	1	1	1	1	1
grxA K03674	0	0	0	0	0	0	0	0	0	0	1
grxB K03675	0	0	0	0	0	0	0	0	0	0	1
grxC K03676	0	0	0	0	0	0	0	0	0	0	1
grxD K07390	0	0	0	0	0	0	0	0	0	0	1
gshA K01919	0	0	0	0	0	0	0	0	0	0	1
gshB K01920	0	0	0	0	0	0	0	0	0	0	1
gshF K01919 K16786 K16787	0	0	0	0	0	0	1	0	0	0	0
gshR K00383	0	0	0	0	0	0	1	0	0	0	0
gsiA K02031 K02032 K13892 K13896 K19229 K19230	0	0	0	0	0	0	0	0	0	0	1
gsiB K13889	0	0	0	0	0	0	0	0	0	0	1
gsiC K13890	0	0	0	0	0	0	0	0	0	0	1
gsiC_2 K02033	0	0	0	0	0	0	1	0	0	0	0
gsiD K13891	0	0	0	0	0	0	0	0	0	0	1
gsk K00847 K00852 K00892	0	0	0	0	0	0	0	0	0	0	1
gsp K01460	0	0	0	0	0	0	0	0	0	0	1
gspA	0	0	0	0	0	0	1	0	0	0	0
gspC K02452	0	0	0	0	0	0	0	0	0	0	1
gspD K02453	0	0	0	0	0	0	0	0	0	0	1
gspE K02454	0	0	0	0	0	0	0	0	0	0	2
gspF K02653	1	0	0	0	0	0	0	0	0	0	0
gspG K02456	0	0	0	0	0	0	0	0	0	0	1
gspH K02456 K02457	0	0	0	0	0	0	0	0	0	0	1
gspI K02458	0	0	0	0	0	0	0	0	0	0	1
gspK	0	0	0	0	0	1	1	0	0	0	0
gspK K02460	0	0	0	0	0	0	0	0	0	0	2
gspL K02461	0	0	0	0	0	0	0	0	0	0	1
gspO K02278 K02654	0	0	0	0	0	1	0	0	0	0	0
gst K00799	0	0	0	0	0	0	0	0	0	0	1
gtcA	0	0	0	0	0	0	1	0	0	0	0
gtdA K00450	0	0	0	0	0	0	0	0	0	0	1
gtf1 K00712	0	0	0	0	0	0	0	0	0	1	0
gtfA K00690	0	0	0	0	0	0	0	0	1	0	0
gtrB K20534	0	0	0	0	0	0	0	0	0	0	1
guaA K01951	1	1	1	1	1	1	1	2	1	0	1
guaA3	0	0	1	0	0	0	0	0	0	0	0
guaB K00088	1	1	1	1	1	1	1	1	1	0	1
guaB3 K00088	0	0	0	0	0	0	0	0	1	0	0
guaC K00088 K00364	0	0	0	0	0	0	0	0	0	0	1
guaC K00364	0	0	0	0	0	0	1	0	0	0	0
guaD K01487	2	0	1	1	0	1	1	1	0	0	2
gudD K01706	0	0	0	0	0	0	0	0	0	0	1
gudX K01706 K13918	0	0	0	0	0	0	0	0	0	0	1
gufA K07238	0	0	1	0	2	0	0	1	0	0	0
gumC K16554	0	0	0	0	0	0	0	0	0	1	0
gutM K02466	0	0	0	0	0	0	0	0	0	0	1
gutQ K02467	0	0	0	0	0	0	0	0	0	0	1
gyrA K02469	1	1	1	1	1	1	1	1	1	0	1
gyrA2 K02469	0	0	0	0	0	0	0	0	2	0	0
gyrA_1 K02469	1	0	0	0	0	1	0	0	0	0	0
gyrB K02470	1	1	1	1	1	1	1	2	1	1	1
gyrB2 K02470	0	0	0	0	0	0	0	0	1	0	0
haeIIIM K00558	1	0	0	0	0	0	0	0	0	0	0
hag K02406	0	0	2	0	0	1	1	0	0	0	0
hbd K00074	0	0	1	0	1	1	0	0	0	0	0
hcaT K00286 K05820	0	0	0	0	0	0	0	0	0	0	1
hchA K05523	0	0	0	0	0	0	0	0	0	0	1
hcp K05601	1	0	2	1	2	2	0	0	0	0	1
hcp K11903	0	0	0	0	0	0	0	0	0	0	1
hcp3 K11903	0	0	0	0	0	0	0	0	0	0	1
hcr K11933	0	0	0	0	0	0	0	0	0	0	1
hcrC K03518	1	0	0	0	1	1	0	0	0	0	0
hda K10763	0	0	0	0	0	0	0	0	0	0	1
hddC	0	0	0	1	0	0	0	1	0	0	0
hdeA K19777	0	0	0	0	0	0	0	0	0	0	1
hdeB K19778	0	0	0	0	0	0	0	0	0	0	1
hdeD K21908	0	0	0	0	0	0	0	0	0	0	1
hdfR	0	0	0	0	0	0	0	0	0	0	1
hdhA K00076	0	0	0	0	0	0	0	0	0	0	1
helD K03657	1	0	0	0	0	0	0	0	0	0	0
helD K03658	0	0	0	0	0	0	0	0	0	0	1
helY K03727	0	0	0	0	0	0	0	0	1	0	0
hemA K02492	1	0	2	0	0	0	0	0	0	2	1
hemB K01698	1	0	1	0	0	0	0	0	0	0	1
hemC K01749	0	0	1	0	0	0	0	0	0	0	1
hemD K01719	0	1	0	1	0	0	0	1	0	0	1
hemE K01599	0	0	0	0	0	0	0	0	0	0	1
hemG K00230	0	0	0	0	0	0	0	0	0	0	1
hemH K01772	0	0	0	0	0	0	0	0	0	0	1
hemL K01845	1	0	1	0	0	0	0	0	0	1	1
hemN	1	1	1	1	1	1	1	1	1	0	0
hemN K02495	0	0	0	0	0	0	0	0	0	0	1
hemP	0	0	0	0	0	0	0	0	0	0	1
hemR K16087	0	0	0	0	0	0	0	0	0	0	1
hemX K02496 K13543	0	0	0	0	0	0	0	0	0	0	1
hemY K02498	0	0	0	0	0	0	0	0	0	0	1
hemZ	1	0	1	0	1	1	0	0	0	0	0
hepA K00805	0	0	0	0	0	0	1	0	0	0	0
hepB	0	0	0	2	0	0	0	0	0	0	0
hepC K19052	0	2	0	2	0	0	0	0	0	0	0
hepT K00805	0	0	0	0	0	0	1	0	0	0	0
hepT K00805 K21275	0	0	0	0	0	0	1	0	0	0	0
hexR K19337	0	0	0	0	0	0	0	0	0	0	1
hflC K04087	1	0	0	0	0	0	1	0	0	0	1
hflK	0	0	0	0	0	0	0	0	1	0	0
hflK K04088	1	0	0	0	0	0	0	0	0	0	1
hflX K03665	1	1	1	1	1	1	1	1	1	1	1
hfq K03666	0	0	1	0	0	0	0	0	0	0	1
hgdC	0	0	0	0	0	0	1	0	2	0	0
hgdC2	1	0	1	0	1	1	0	0	0	0	0
hicA K07339	0	0	0	0	0	0	0	1	0	0	1
hicB	0	0	0	0	0	0	0	0	0	0	2
hicB K18843	0	0	0	0	0	0	0	0	0	0	1
higA K18831	0	0	0	0	0	0	0	0	0	0	1
hilA K22486	0	0	0	0	0	0	0	0	0	0	2
himA K03530 K04764	0	0	0	0	0	0	0	1	0	0	0
himA K03530 K04764 K05788	0	0	0	0	0	0	0	0	0	1	0
himD K05788	0	0	0	0	0	0	0	0	0	0	1
hinT K02503	0	2	1	0	1	0	0	1	0	0	1
hipO K05823	0	0	0	0	0	0	1	0	0	0	0
hisA	1	0	0	0	0	0	0	0	0	0	0
hisA K01814	0	0	1	1	1	1	0	0	0	0	1
hisA K01814 K01817	0	0	0	0	0	0	0	0	1	0	0
hisB K01089 K01693	0	1	0	1	0	0	0	0	0	0	1
hisB K01693	1	0	1	0	0	1	0	0	0	1	0
hisC K00817	1	1	1	1	1	2	0	1	2	0	1
hisC K04720	1	0	0	0	0	1	0	0	0	0	0
hisD K00013	1	1	1	1	1	1	0	0	2	1	2
hisE K01523	0	0	1	0	0	0	0	0	1	0	0
hisF K01657 K02500	0	0	0	0	0	0	0	0	1	0	0
hisF K02500	1	2	1	1	1	1	0	0	0	1	0
hisG K00765	0	1	0	1	0	0	0	0	0	1	0
hisG K00765 K02502	1	0	1	0	1	1	0	0	1	0	0
hisH K02501	1	1	1	1	2	1	0	0	1	1	1
hisI K01496	0	0	0	0	0	0	0	0	0	1	0
hisI K01496 K11755	1	0	1	0	1	1	0	0	0	0	0
hisI K11755	0	1	0	1	0	0	0	0	0	0	0
hisJ K04486	0	0	0	0	0	0	1	0	0	0	0
hisJ K09996 K10013 K10014	0	0	0	0	0	0	0	0	0	0	1
hisK K04486	1	0	0	0	0	1	0	0	0	0	0
hisM K10015	0	0	0	0	0	0	0	0	0	0	2
hisP K10017	0	0	0	0	0	0	0	0	0	0	1
hisS K01892	1	1	1	1	1	1	1	1	1	0	1
hisZ K02502	1	0	1	0	0	1	0	0	0	0	0
hit K02503	1	0	0	0	0	1	1	0	1	0	0
hldD K03274	0	0	0	0	0	0	0	0	0	0	1
hldE K03272	0	0	1	0	0	1	0	0	0	0	0
hldE K03272 K21344	0	0	0	0	0	0	0	0	0	0	1
hly K00842 K14155	0	0	1	0	0	0	0	0	0	0	0
hly K11068	0	0	0	0	0	0	1	0	0	0	0
hly-III K11068	0	1	0	1	0	0	0	1	0	0	0
hlyIII K11068	0	0	0	0	0	0	1	0	1	0	0
hlyX K03699	0	0	0	0	0	0	1	0	0	0	0
hmp K05916	0	0	0	0	0	0	0	0	0	0	1
hmpT	0	0	0	0	0	0	1	0	0	0	0
hmrA K21613	0	0	0	0	0	0	1	0	0	0	0
hmrR	0	0	0	0	1	0	0	0	0	0	0
hmuR K16089	0	0	0	1	0	0	0	1	0	0	0
hmuS K07225	0	0	0	0	0	0	0	0	0	0	1
hmuV K02013	0	0	0	0	0	0	0	0	0	0	1
hndA K18330	0	0	0	1	0	0	0	0	0	0	0
hndD K00123 K18332	0	0	0	1	0	0	0	0	0	0	0
hns K03746 K11685	0	0	0	0	0	0	0	0	0	0	1
hofB K02454 K02504 K02652	0	0	0	0	0	0	0	0	0	0	2
hofM K12288	0	0	0	0	0	0	0	0	0	0	1
hofN K12289	0	0	0	0	0	0	0	0	0	0	1
hofO K12290	0	0	0	0	0	0	0	0	0	0	1
hofP K12291	0	0	0	0	0	0	0	0	0	0	1
hokA K18919 K18920	0	0	0	0	0	0	0	0	0	0	1
hokE K18922	0	0	0	0	0	0	0	0	0	0	2
holA K02340	1	1	1	1	1	0	1	1	1	0	2
holB K02341	1	2	0	1	0	1	1	1	1	0	1
holC K02339	0	0	0	0	0	0	0	0	0	0	1
holD K02344	0	0	0	0	0	0	0	0	0	0	1
holE K02345	0	0	0	0	0	0	0	0	0	0	1
hom K00003	2	1	1	0	1	1	1	0	0	0	0
hom K00003 K12524	0	0	0	0	0	0	0	0	1	0	0
hpaIIR K01155	0	0	0	1	0	0	0	0	0	0	0
hpaIM K00571	1	0	0	0	0	0	0	0	0	0	0
hpf K05808	1	0	1	0	0	1	1	0	1	0	0
hpk31	0	0	0	0	0	0	1	0	0	0	0
hppA K15987	0	1	0	1	0	0	0	1	0	1	0
hpr K11189	0	0	0	0	0	0	0	0	1	0	0
hprA K00018	0	1	1	1	0	0	0	1	0	0	0
hprA K00058	0	0	1	0	0	0	0	0	0	0	0
hprK K06023	1	0	1	0	1	1	1	0	0	2	0
hpt K00760	1	1	1	0	0	1	0	1	1	0	1
hpt K00760 K15780	0	0	0	0	0	0	1	0	0	0	0
hrcA K03705	1	0	1	0	1	1	1	0	1	0	0
hrpA K03578	0	0	0	0	0	0	0	0	1	0	1
hrpB K03579	0	0	0	0	0	0	0	0	0	0	1
hscA K04044	0	0	0	0	0	0	0	0	0	0	1
hscB K04082	0	0	0	0	0	0	0	0	0	0	1
hscC K04045	0	0	0	0	0	0	0	0	0	0	1
hsdM K03427	0	0	1	2	1	0	1	3	1	0	1
hsdR K01153	1	1	1	0	3	0	1	4	1	0	2
hsdS K01154	0	0	0	0	0	0	0	0	0	0	1
hslJ K03668	0	0	0	0	0	0	0	0	0	0	1
hslO K04083	1	0	1	0	2	1	1	0	0	0	1
hslR	1	0	1	0	1	1	0	0	0	0	0
hslR K04762	0	1	0	1	0	0	0	1	0	0	1
hslU K03667	0	0	0	0	0	0	1	0	0	0	1
hslV K01419	0	0	0	0	0	0	1	0	0	0	1
hsp1 K13993	0	0	0	0	0	0	1	0	0	0	0
hsp18 K13993	4	0	1	0	2	1	0	0	0	0	0
hsp20 K13993	1	1	0	1	0	0	0	1	0	0	0
hsp90xc K04079	0	0	0	0	0	0	0	0	0	0	1
hspQ K11940	0	0	0	0	0	0	0	0	0	0	1
hspR K13640	0	0	0	0	0	0	0	0	1	0	0
hsrA	0	0	0	0	0	0	0	0	0	1	0
hssR	0	0	0	0	1	0	0	0	0	0	0
htpG K04079	1	1	1	1	1	1	0	1	0	1	1
htpX K03799	0	0	0	1	0	0	0	0	1	0	1
htrA	0	1	0	1	0	0	0	1	0	0	0
htrA K04771	0	0	0	0	0	0	1	0	0	0	0
htrE K07347	0	0	0	0	0	0	0	0	0	0	1
hup K03530	1	0	1	0	0	1	1	0	1	0	0
hup-1 K03530	0	0	0	1	0	0	0	0	0	0	0
hupA K03530	0	3	0	2	0	0	0	1	0	0	0
hupA K03530 K05787	0	0	0	0	0	0	0	0	0	0	1
hupB K03530	0	0	0	1	0	0	0	1	0	0	1
hutH K01745	0	1	0	1	0	0	1	2	0	0	0
hutH K01745 K10774	0	0	0	1	0	0	0	0	0	0	0
hutI K01468	0	1	0	1	0	0	1	1	0	0	0
hutU K01712	0	1	0	1	0	0	1	1	0	0	0
hutW K21936	0	0	0	0	0	0	0	0	0	0	1
hutX K07227	0	0	0	0	0	0	0	0	0	0	1
hxlB K08094	0	0	1	0	0	0	0	0	0	0	0
hxlR	0	0	0	0	0	1	0	0	0	0	0
hyaA K06282	0	0	0	0	0	0	0	0	0	0	1
hyaB K05922 K06281	0	0	0	0	0	0	0	0	0	0	1
hyaC K03620	0	0	0	0	0	0	0	0	0	1	1
hyaD K03605	0	0	0	0	0	0	0	0	0	0	2
hyaF K03618	0	0	0	0	0	0	0	0	0	0	1
hybA	0	0	0	0	0	0	0	0	0	0	1
hybB	0	0	0	0	0	0	0	0	0	0	1
hybC K05922 K06281	0	0	0	0	0	0	0	0	0	0	1
hybE	0	0	0	0	0	0	0	0	0	0	2
hybO K05927 K06282	0	0	0	0	0	0	0	0	0	0	1
hycA K15833	0	0	0	0	0	0	0	0	0	0	1
hycB K12136 K15827	0	0	0	0	0	0	0	0	0	0	1
hycC K05568 K12137 K15828	0	0	0	0	0	0	0	0	0	0	1
hycD K15829	0	0	0	0	0	0	0	0	0	0	1
hycE K12142 K14090 K15830	0	0	0	0	0	0	0	0	0	0	1
hycF K12143 K15831	0	0	0	0	0	0	0	0	0	0	1
hycG K14088 K15832	0	0	0	0	0	0	0	0	0	0	1
hycH K15834	0	0	0	0	0	0	0	0	0	0	1
hycI K08315	0	0	0	0	0	0	0	0	0	0	1
hydA K01464	1	0	1	0	0	0	0	0	0	0	0
hydE K01012	0	0	1	1	0	1	0	0	0	0	0
hydF	0	0	1	1	0	1	0	0	0	0	0
hydG	1	0	0	0	0	0	0	0	0	0	0
hydG K03150	0	0	1	1	0	1	0	0	0	0	0
hyi K01816 K22131	0	0	0	0	0	0	0	0	0	0	1
hyl K01197 K15719	0	0	0	0	0	0	0	0	0	1	0
hymB K00335 K18331 K22339	0	0	1	0	0	0	0	0	0	0	0
hymD	0	0	1	0	0	0	0	0	0	0	0
hypA K04651	0	0	0	0	0	0	0	0	0	0	2
hypA2 K06972	0	0	0	0	0	1	0	0	0	0	1
hypB K04652	0	0	0	0	0	1	0	0	0	1	2
hypB K22132	0	1	0	0	0	0	0	1	0	0	0
hypBA2	0	0	0	1	0	0	0	0	0	0	0
hypC K04653	0	0	0	0	0	0	0	0	0	0	1
hypD K04654	0	0	0	0	0	0	0	0	0	0	1
hypE K04655	1	0	0	0	0	1	0	0	0	0	1
hypF K04656	0	0	0	0	0	0	0	0	0	0	2
hyuA K01464	0	0	0	0	0	0	0	0	0	0	1
iaaA K01424 K13051	0	0	0	0	0	0	0	0	0	0	1
iaaA K13051	0	0	0	0	0	0	0	0	1	0	0
iadA K01305	0	0	0	0	0	0	1	0	0	0	1
iap K09612	0	0	0	0	0	0	0	0	0	0	1
ibpB K04081	0	0	0	0	0	0	0	0	0	0	2
icaR	0	0	0	0	0	0	0	0	1	0	0
icd K00031	1	0	0	1	1	1	1	1	1	0	1
iclR K13641	0	0	0	0	0	0	0	0	0	0	1
icmF K11891 K12210	0	0	0	0	0	0	0	0	0	0	1
idi	1	0	0	1	0	1	0	0	0	0	0
idi K01597 K01823	0	0	0	0	0	0	0	0	0	0	1
idnO K00046	0	1	0	1	0	0	1	0	0	0	0
idsA K13787	0	0	0	0	0	0	0	0	1	0	0
idsA K13789	0	1	0	0	0	0	0	0	0	0	0
ileS K01870	1	1	1	2	1	1	1	1	1	2	2
ilvA K01754	1	0	1	0	1	1	1	0	1	0	1
ilvB K01652	2	2	0	1	1	2	0	0	2	0	2
ilvB K01652 K16787	0	0	0	0	0	0	1	0	0	0	0
ilvC K00053	1	1	0	1	1	1	1	0	2	0	1
ilvD K01687	1	2	0	1	1	2	0	0	0	0	1
ilvD K01687 K16786	0	0	0	0	0	0	1	0	0	0	0
ilvD3 K01687	1	0	0	0	0	0	0	0	0	0	0
ilvE K00826	0	1	0	1	0	0	1	1	1	0	1
ilvE K00826 K02619	1	0	1	0	1	1	0	0	0	0	0
ilvG K01652	0	0	0	0	0	0	0	0	0	0	1
ilvH K01653	0	0	0	0	0	0	1	0	0	0	0
ilvH_1 K01653	1	0	0	0	0	0	0	0	0	0	0
ilvI K01652	0	0	1	0	0	0	0	0	0	0	2
ilvM K11258	0	0	0	0	0	0	0	0	0	0	1
ilvN K01653	1	0	1	1	1	1	0	0	0	0	0
ilvY K02521	0	0	0	0	0	0	0	0	0	0	1
impB K11901	0	0	0	0	0	0	0	0	0	0	1
impC K11900	0	0	0	0	0	0	0	0	0	0	1
impH K11895	0	0	0	0	0	0	0	0	0	0	1
impI K11894	0	0	0	0	0	0	0	0	0	0	1
impJ K11893	0	0	0	0	0	0	0	0	0	0	1
inaA	0	0	0	0	0	0	0	0	0	0	1
infA K02518	1	1	2	1	2	2	1	1	2	1	1
infB K02519	1	1	1	1	1	1	1	1	2	1	1
infC K02520	1	1	1	1	1	2	1	1	1	0	1
ino1 K01858	0	0	0	1	0	0	0	2	1	0	0
insH5 K07481	0	0	0	0	0	0	0	0	0	0	1
int	0	0	0	0	1	0	0	0	0	0	0
int3	0	0	0	0	0	0	1	0	0	0	0
intB	0	0	0	0	0	0	0	0	0	0	1
intR K14059	0	0	0	0	0	0	0	0	0	0	2
intS	0	0	0	0	0	0	0	0	0	0	1
iolC K00847	0	0	0	0	1	0	0	0	0	0	0
iolS K06607	0	0	0	0	0	0	1	0	0	0	0
iorA K00179	0	2	1	1	0	0	0	0	0	0	0
iorB K00180	0	0	1	1	0	0	0	0	0	0	0
iprA	0	0	0	0	0	0	0	0	0	0	1
iraD K21637	0	0	0	0	0	0	0	0	0	0	1
iscA K05997 K13628	0	0	0	0	0	0	0	0	0	0	1
iscR K13643	0	0	0	0	0	0	0	0	0	0	1
iscS K04487	3	0	2	0	2	1	1	0	0	0	1
iscS1 K04487	0	0	0	0	0	0	0	0	1	0	0
iscS2 K04487	0	0	0	0	0	0	1	0	0	0	0
iscU K04488	0	0	0	0	0	0	0	0	0	0	1
iscX	0	0	0	0	0	0	0	0	0	0	1
isiB K03839	0	0	0	1	0	0	0	0	0	0	0
ispA K00795 K13789	0	0	0	0	0	0	0	0	0	0	1
ispA K13789	1	0	1	1	1	1	1	1	0	0	0
ispB K02523	0	1	0	1	0	0	0	1	0	0	1
ispD K00991	1	1	1	1	0	1	0	0	0	0	1
ispD K00991 K21681	0	0	0	0	0	0	0	1	1	0	0
ispE K00919	1	1	1	1	1	1	0	2	0	2	1
ispE K00919 K16924	0	0	0	0	0	0	1	0	0	0	0
ispF K01770	0	1	0	1	0	0	0	1	0	1	0
ispF K01770 K12506	1	0	1	0	1	1	0	0	1	0	0
ispG K03526	1	1	1	1	1	1	0	1	1	1	1
ispH K02945 K03527	2	1	1	0	1	3	0	0	0	0	0
ispH K03527	0	1	0	1	0	0	0	1	1	0	1
ispZ K06190	0	0	0	0	0	0	0	0	0	0	1
iunH2 K01239	0	0	0	0	0	0	0	0	1	0	0
jag K06346	1	0	1	0	1	1	1	0	1	0	0
katA K03781	0	1	0	1	0	0	0	0	0	0	0
katE K03781	0	0	0	0	0	0	0	0	0	0	1
kbaY K01624 K08302	0	0	1	0	0	0	0	0	0	0	0
kbaY K08302	0	0	0	0	0	0	0	0	0	0	1
kbaZ K16371	0	0	0	0	0	0	0	0	0	0	1
kbl K00639	0	1	0	1	0	0	0	1	0	0	2
kce K18013	1	0	0	0	0	0	0	0	0	0	0
kch K10716	0	0	0	0	0	0	0	0	0	0	1
kdgA K01625	0	0	0	0	0	0	2	0	0	0	0
kdgK K00874	0	0	1	0	0	0	1	0	0	0	1
kdgT K02526	0	0	1	0	0	0	0	0	0	0	1
kdpA K01546	0	1	1	1	0	0	1	0	0	0	1
kdpB K01547	0	2	1	1	0	0	1	0	0	0	1
kdpC K01548	0	0	1	1	0	0	1	0	0	0	0
kdpD K07646	1	1	2	1	1	0	1	0	0	0	2
kdpE K07667	1	0	1	0	1	0	1	0	0	0	1
kdpE_1 K07667	0	0	0	0	1	1	0	0	0	0	0
kdsA K01627	0	1	0	1	0	0	0	0	0	0	1
kdsB K00979	0	1	0	1	0	0	0	0	0	0	1
kdsC K03270	0	1	0	1	0	0	0	1	0	0	1
kdsD K06041	0	1	0	1	0	0	1	0	0	0	3
kdtA K02527	0	0	0	0	0	0	0	0	0	0	2
kduD K00046 K00065	0	0	2	0	0	0	0	0	0	0	0
kduD K00065	0	0	0	0	0	0	0	0	0	0	1
kduI K01815	0	1	0	2	1	1	1	0	0	0	1
kefA K05802 K22051	0	0	0	0	0	0	0	0	0	1	1
kefB K03455 K11745 K11747	0	0	0	0	0	0	0	0	0	0	2
kefC K03455 K11745 K11747	0	0	0	0	0	0	0	0	0	0	2
kefF K11746	0	0	0	0	0	0	0	0	0	0	1
kefG K11748	0	0	0	0	0	0	0	0	0	0	1
kfoC_2	1	0	0	0	0	0	0	0	0	0	0
kgtP K02625 K03761	0	0	0	0	0	0	0	0	0	0	1
kilR	0	0	0	0	0	0	0	0	0	0	1
kinG	0	0	0	0	0	0	1	0	0	0	0
kpsC K07266	0	0	0	0	0	0	0	0	0	0	1
kpsD	0	0	0	2	0	0	0	1	0	0	1
kpsE K10107	0	0	0	0	0	0	0	0	0	0	1
kpsM K09688	0	0	0	0	0	0	0	0	0	0	1
kpsS K07265	0	0	0	0	0	0	0	0	0	0	1
kptA K07559	0	0	1	0	0	0	0	0	0	0	1
ksgA K02528	1	1	1	1	0	1	1	1	2	0	1
ktrA K03499	1	0	1	1	1	0	1	0	0	0	0
ktrB K03498	1	0	1	1	0	0	1	0	0	0	0
ktrD	0	0	0	0	0	0	1	0	0	0	0
kup K03549	0	0	0	0	0	0	1	1	1	0	1
lacA K12308	0	0	0	0	0	0	1	0	0	0	0
lacC K00882 K00917	1	0	0	0	0	0	0	0	0	0	0
lacD K01635	0	0	0	0	0	0	3	0	0	0	0
lacE K10188	0	0	0	0	0	1	1	0	0	0	0
lacG K10190	0	0	0	0	0	0	1	0	0	0	0
lacI	0	0	0	0	0	0	0	0	0	0	2
lacS K03292 K11104 K16209	0	0	0	0	1	1	0	0	0	0	0
lacX	1	0	0	1	0	1	0	1	0	0	0
lacY K02532	0	0	0	0	0	0	0	0	1	0	2
lacZ K01190	1	0	0	2	2	2	0	1	0	0	0
lacZ K01190 K01195	0	0	0	0	1	0	0	0	0	0	0
lacZ K01190 K12111	0	0	0	0	0	0	0	0	0	0	1
lacZ K01190 K12373	0	0	0	0	0	0	1	0	0	0	0
lacZ K12308	0	0	0	0	0	0	1	0	0	0	0
lacZ3	0	0	0	0	0	0	0	0	1	0	0
lacZ_17 K01190	0	0	0	0	0	0	0	0	0	1	0
lacZ_2 K01190	0	0	0	1	0	0	0	0	0	0	0
lafU K02557	0	0	0	0	0	0	0	0	0	0	1
lagD K20344	1	0	0	0	0	0	0	0	0	0	0
lamB K02024	0	0	0	0	0	0	0	0	0	0	1
lapA K08992	0	0	0	0	0	0	0	0	0	0	1
lapA K12549	0	0	0	0	0	0	0	0	0	0	1
lapB K19804	0	0	0	0	0	0	0	0	0	0	1
larC K06898 K09121	0	0	1	0	0	0	0	0	0	0	0
larC K09121	1	0	0	0	0	1	0	0	0	1	0
lasT K02533	0	0	0	0	0	0	0	0	0	0	1
lctO K00467 K10530	0	0	0	0	0	0	1	0	0	0	0
lctP K03303	0	0	0	1	0	0	0	0	0	0	0
ldcA K01297	0	0	0	0	0	0	0	0	0	0	1
ldh K00016	2	0	1	1	0	1	3	0	1	0	0
ldh K00016 K00024	0	0	0	0	0	0	0	0	1	0	0
ldh2 K00016	0	0	1	0	0	0	0	0	0	0	0
ldhA K03778	1	1	0	1	0	0	0	0	0	0	1
ldhB K00016	0	0	0	0	0	0	1	0	0	0	0
legA K01425	0	0	0	0	0	0	0	0	0	1	0
lemA K03744	0	1	0	1	0	0	0	1	1	0	0
lepA K03596	1	1	1	1	2	1	1	1	1	1	1
lepB K03100	1	2	2	1	1	0	0	1	1	0	0
lepB_1 K03100	1	0	0	1	0	1	0	0	0	0	0
leuA K01649	1	1	1	1	1	1	1	0	1	0	1
leuA3 K01649	0	0	1	0	0	0	0	0	0	0	0
leuA_1 K09011	0	1	0	1	0	0	0	0	0	0	0
leuB K00052	1	1	1	1	1	0	1	0	1	0	0
leuC K01703	0	1	0	1	0	0	1	0	1	0	0
leuC K01703 K20452	1	0	1	0	1	1	0	0	0	0	0
leuD K01704	0	1	0	1	0	0	1	0	1	0	0
leuD K01704 K20453	1	0	1	0	1	1	0	0	0	0	0
leuE K11250	0	0	0	0	0	0	0	0	0	0	1
leuO K05798	0	0	0	0	0	0	0	0	0	0	1
leuS K01869	1	1	1	1	1	1	1	1	1	2	1
levR	0	0	0	0	0	0	1	0	0	0	0
lexA K01356	1	0	1	0	1	1	1	0	1	0	1
lgt	0	1	0	1	0	0	0	0	1	0	0
lgt K13292	2	0	1	0	1	1	2	0	0	1	1
lhgO K15736	0	0	0	0	0	0	0	0	0	0	1
lhr K03724	0	0	0	0	0	0	0	0	1	0	1
licB2 K02760	0	0	0	0	0	0	1	0	0	0	0
licC K02761	0	0	0	0	0	0	1	0	0	0	0
licD K02011 K07271 K19872	1	0	0	0	0	0	0	0	0	0	0
licD K07271	0	0	0	0	0	0	0	1	0	0	0
licR K03491	0	0	0	0	0	0	1	0	0	0	0
licT K03488	0	0	1	0	0	1	2	0	0	0	0
licT2 K03488	0	0	0	0	0	0	1	0	0	0	0
ligA K01972	2	2	1	1	1	1	1	1	1	0	2
ligB K01972	0	0	0	0	0	0	0	0	0	0	1
ligD K01971	0	0	0	1	0	0	0	0	0	0	0
ligT K01975	0	0	0	0	0	0	0	0	0	0	1
lipA K03644	0	0	0	0	0	0	0	0	0	1	1
lipB K03801	0	2	0	1	0	0	0	0	0	0	1
lipB K06167	0	1	0	1	0	0	0	1	0	0	0
lipL K16869 K18821	0	0	0	0	0	0	1	0	0	0	0
livF K01995 K01996	0	0	0	0	0	0	0	0	1	0	0
livF K01996	1	0	0	0	1	1	1	0	0	0	1
livF1 K01996	0	0	2	0	0	0	0	0	0	0	0
livG K01995	1	0	1	0	0	1	1	0	0	0	1
livG2 K01995	0	0	1	0	0	0	0	0	0	0	0
livH K01997	1	0	1	0	1	1	1	0	0	0	0
livJ K01999	0	0	0	0	0	0	1	0	0	0	1
livK K01999	0	0	0	0	1	0	0	0	0	0	1
livM K01997 K01998	0	0	0	0	0	0	1	0	0	0	0
livM K01998	1	0	1	0	2	1	0	0	0	0	0
livM1 K01998	0	0	1	0	0	0	0	0	0	0	0
lldD	0	0	0	0	1	0	0	0	0	0	0
lldD K00101	0	0	0	0	0	0	0	0	0	0	2
lldP K00427 K03303	0	0	0	0	0	0	0	0	0	0	1
lldP K03303	0	0	0	0	0	0	0	0	0	0	1
lmrA K06147	0	0	0	1	0	0	0	0	0	0	0
lmrA K06147 K18888	0	0	0	0	0	0	1	0	0	0	0
lmrB	0	0	0	0	0	0	1	0	0	0	0
lnt K03820	0	1	0	0	0	0	0	0	0	0	1
loiP K07387	0	1	0	1	0	0	0	0	0	0	0
lolA K03634	0	1	0	2	0	0	0	1	0	0	1
lolB K02494	0	0	0	0	0	0	0	0	0	0	1
lolC K09808	0	0	0	0	0	0	0	0	0	0	2
lolD K02003	0	0	0	0	0	1	0	0	1	0	0
lolD K09810	0	1	0	1	0	0	0	1	0	0	0
lolE K09808	0	0	0	0	0	0	0	0	0	0	1
lolE K09808 K09815	0	1	0	1	0	0	0	1	0	0	0
lolE_1 K09808	0	1	0	1	0	0	0	1	0	0	0
lon K01338	2	1	1	1	1	1	0	1	0	0	1
lon K07177	0	0	0	0	0	0	1	0	0	0	0
lpdA K00382	0	1	0	2	0	0	0	1	1	0	1
lplA K03800	0	0	0	1	0	0	2	1	1	0	2
lplB9 K17319	0	0	0	0	0	0	1	0	0	0	0
lplC K17320	0	0	0	0	0	0	1	0	0	0	0
lplC9 K17320	0	0	0	0	0	0	1	0	0	0	0
lpoA K07121	0	0	0	0	0	0	0	0	0	0	1
lpoB K07337	0	0	0	0	0	0	0	0	0	0	2
lpp K06078	0	0	0	0	0	0	0	0	0	0	1
lpsA	0	1	0	0	0	0	0	0	0	0	0
lptA K09774	0	0	0	0	0	0	0	0	0	0	1
lptB K06861	0	1	0	1	0	0	0	1	0	0	1
lptC K11719	0	0	0	0	0	0	0	0	0	0	1
lptD	0	2	0	1	0	0	0	2	0	0	0
lptD K04744	0	0	0	0	0	0	0	0	0	0	1
lptE	0	1	0	1	0	0	0	1	0	0	0
lptE K03643	0	0	0	0	0	0	0	0	0	0	1
lptF K07091	0	0	0	0	0	0	0	0	0	0	2
lptG K11720	0	1	0	1	0	0	0	1	0	0	2
lpxA K00677	0	1	0	0	0	0	0	1	0	0	1
lpxA2 K00677	0	0	0	1	0	0	0	1	0	0	0
lpxB K00748	0	2	0	1	0	0	0	1	0	0	2
lpxC K02535	0	0	0	0	0	0	0	0	0	0	1
lpxD K02536	0	1	0	1	0	0	0	2	0	1	1
lpxG K07098	0	0	0	0	0	0	0	0	0	2	0
lpxH K03269	0	1	0	1	0	0	0	1	0	0	1
lpxK K00912	0	1	0	1	0	0	0	1	0	1	0
lpxL K02517 K12974	0	0	0	0	0	0	0	0	0	0	2
lpxM K02560	0	0	0	0	0	0	0	0	0	0	1
lrgA K05338 K06518	0	0	0	0	1	0	0	0	0	0	0
lrgA K06518	1	0	1	1	0	1	0	1	0	0	0
lrgB	1	1	1	1	1	1	0	1	0	0	0
lrhA	0	0	0	0	0	0	0	0	0	0	1
lrp	0	0	0	0	0	0	1	0	0	0	0
lrp K03719	0	0	0	0	0	0	0	0	0	0	1
lrp K03719 K05800	0	0	0	1	0	0	0	0	0	0	0
lrp_3 K03719	0	0	0	0	0	0	0	0	1	0	0
lsgC	0	0	0	0	0	0	0	0	0	3	0
lspA K03101	1	1	1	1	1	1	1	1	1	1	1
lspL K08679	1	0	0	0	0	0	0	0	0	0	0
lsrB K10555	1	0	1	0	0	0	0	0	0	0	0
lsrK K11216	0	0	1	0	0	0	0	0	0	0	0
ltaE K01620	1	0	1	1	1	1	0	0	1	0	0
ltaS K19005	0	0	0	0	0	0	1	0	0	0	0
ltaS2	0	1	0	1	0	0	0	0	0	0	0
ltbR	0	0	0	0	0	0	0	0	1	0	0
ltd	0	1	0	1	0	0	0	1	0	0	0
ltrC	0	0	0	0	0	0	1	0	0	0	0
lutC K00782	0	0	0	1	0	0	0	1	0	0	0
luxE	0	1	0	0	0	0	0	0	0	0	0
luxQ_4	0	0	0	1	0	0	0	0	0	0	0
luxS K07173	1	0	1	0	0	1	1	1	1	0	1
lyc K07273	0	0	0	0	0	0	0	0	0	0	1
lysA K01586	1	1	1	1	2	1	1	1	1	0	1
lysC K00928	1	1	1	1	1	0	1	1	0	0	1
lysM	0	2	0	1	0	0	0	1	0	0	0
lysP K11733	0	0	0	0	0	0	0	0	0	0	1
lysR	0	0	0	0	0	0	0	0	0	0	1
lysS K04567	2	1	1	1	1	2	1	1	1	1	1
lysX	0	0	0	0	0	0	0	0	1	0	0
lytA K01447	0	0	0	0	0	0	1	0	0	0	0
lytB K06381	0	0	0	2	0	0	0	0	0	0	0
lytC_3 K01448	1	0	0	0	0	0	0	0	0	0	0
lytG	0	1	0	1	0	0	0	1	0	0	0
lytR	0	0	0	0	0	0	3	0	0	0	0
lytR2	0	0	0	0	0	0	0	0	1	0	0
lyx K00880	0	0	0	0	0	0	0	0	0	0	3
maa	0	0	1	0	0	0	0	0	0	0	0
maa K00633 K00661	0	2	0	0	0	0	0	0	0	0	0
maa K00661	0	0	1	0	1	0	1	0	1	0	1
macB K02003	0	0	1	0	2	0	0	0	0	0	0
macB K05685	0	0	0	0	0	0	0	0	0	0	2
macB1 K02004	0	0	1	0	2	0	0	0	0	0	0
macB2 K02004	0	0	1	0	0	0	0	0	0	0	0
macB_3 K02004	0	0	0	1	0	0	0	1	0	0	0
macB_8 K02004	0	0	1	0	0	0	0	0	0	0	0
madB K01572	0	0	0	1	0	0	0	0	0	0	0
maeA K00027 K00029	0	0	0	0	0	0	0	0	0	0	1
maeB K00027	0	0	0	0	0	1	0	0	0	0	0
maeB K00027 K00029	0	1	0	1	0	0	0	1	0	0	1
maf K06287	1	1	1	1	1	1	2	1	1	0	0
maiA K01800 K01801	0	0	0	0	0	0	0	0	0	0	1
mak K00845 K00847	0	0	0	0	0	0	0	0	0	0	1
malE K02027	0	0	0	0	0	0	1	0	0	0	0
malE K10108	0	0	0	0	0	0	0	0	0	0	1
malF K10109	0	0	0	0	0	0	0	0	0	0	1
malF K15771	0	0	0	0	0	0	1	0	0	0	0
malG K10110	0	0	0	0	0	0	0	0	0	0	1
malG K15772	0	0	0	0	0	0	1	0	0	0	0
malI K16136	0	0	0	0	0	0	0	0	0	0	1
malK K10111	0	0	0	0	0	0	0	0	0	0	1
malK K10112 K17240	0	0	0	0	0	0	1	0	0	0	0
malL K01176 K01182	1	0	0	0	0	1	0	0	0	0	0
malL K01176 K01182 K01226	0	0	0	0	0	1	0	0	0	0	0
malL_2 K01176 K01182	1	0	0	0	0	0	0	0	0	0	0
malM K05775	0	0	0	0	0	0	0	0	0	0	1
malP K00688	0	0	0	0	0	0	0	0	0	0	1
malP K11616	0	0	0	0	0	0	1	0	0	0	0
malP_1 K00688	1	0	0	0	1	1	0	0	0	0	0
malQ K00705	1	0	0	1	0	2	0	2	3	0	1
malQ_1 K00705	1	0	0	0	0	0	0	0	0	0	0
malR K02529	0	0	0	0	0	0	1	0	0	0	0
malS K01176	0	0	0	0	0	0	0	0	0	0	1
malT K03556	0	0	0	0	0	0	0	0	0	0	1
malX K02790 K02791	0	0	0	0	0	0	0	0	0	0	1
malY K14155	0	0	0	0	0	0	2	0	0	0	1
malZ K01187 K21575	0	0	0	0	0	0	0	0	0	0	1
manA K01809	0	0	1	1	0	0	1	1	0	0	1
manB K01840	0	0	0	0	0	0	0	0	0	0	1
manC	0	0	0	0	0	0	0	0	0	1	0
manC K00971	0	1	0	1	0	0	0	2	0	0	0
manL K02769 K02793 K02794	0	0	0	0	0	0	1	0	0	0	0
manN K02796	0	0	0	0	0	0	1	0	0	0	0
manO	0	0	0	0	0	0	1	0	0	0	0
manP K02768 K02769 K02770	0	0	0	0	0	0	1	0	0	0	0
manX K02769 K02793 K02794	0	0	0	0	0	0	1	0	0	0	0
manX K02793 K02794	0	0	0	0	0	0	0	0	0	0	1
manY K02746 K02795	0	0	0	0	0	0	1	0	0	0	0
manY K02746 K02795 K02814	0	0	0	0	0	0	0	0	0	0	1
manZ K02796	0	0	0	0	0	0	0	0	0	0	1
map K01265	2	1	1	1	1	2	2	2	1	1	1
mapA K00691	0	0	0	0	0	0	1	0	0	0	0
marB K13630	0	0	0	0	0	0	0	0	0	0	1
marC K05595	0	0	0	1	0	0	0	0	0	0	1
marR	0	1	0	0	0	0	0	0	0	0	0
marR K03712	0	0	0	0	0	0	0	0	0	0	2
marT	0	0	0	0	0	0	0	0	0	0	1
matP K09911	0	0	0	0	0	0	0	0	0	0	1
mazG K02428	0	1	0	1	0	0	0	1	0	0	0
mazG K02428 K02499	0	0	1	0	2	0	0	0	1	0	0
mazG K04765	0	0	0	0	0	0	0	0	0	0	1
mbl K03569	0	0	1	0	0	0	0	0	0	0	0
mcbA K13650	0	0	0	0	0	0	0	0	0	0	1
mccA K01738 K17216	0	0	0	0	0	0	1	0	0	0	0
mccB K01739 K01760	1	0	0	0	0	1	0	0	0	0	0
mccB K01760 K17217	0	0	0	0	0	0	1	0	0	0	0
mce K05606	0	1	0	1	0	0	0	0	0	0	0
mcpA7 K03406	0	0	0	0	0	0	1	0	0	0	0
mdaB K03923	0	0	0	0	0	0	0	0	0	0	2
mdh	0	0	1	0	0	0	0	0	0	0	0
mdh K00024	0	2	0	2	0	0	0	1	0	0	1
mdlA K06148 K18889	0	0	0	0	0	0	1	0	0	0	0
mdlA2 K06147	0	0	0	0	0	0	1	0	0	0	0
mdlB K06147 K18890	0	0	0	0	0	0	1	0	0	0	0
mdmC K00588	0	2	0	1	0	0	0	1	0	0	0
mdoB K01002	0	0	0	0	0	0	0	0	0	0	1
mdoC K11941	0	0	0	0	0	0	0	0	0	0	1
mdoD K03670	0	0	0	0	0	0	0	0	0	0	1
mdoG K03670	0	0	0	0	0	0	0	0	0	0	1
mdoH K03669	0	0	0	0	0	0	0	0	0	0	1
mdsC	0	1	0	1	0	0	0	1	0	0	0
mdtB K07788	0	0	0	0	0	0	0	0	0	0	1
mdtC K07789	0	0	0	0	0	0	0	0	0	0	1
mdtD K18326	0	0	0	0	0	0	0	0	0	0	1
mdtE K18898	0	0	0	0	0	0	0	0	0	0	1
mdtF K18899	0	0	0	0	0	0	0	0	0	0	1
mdtG K08161	0	0	0	0	0	0	0	0	0	0	1
mdtH K08162	0	0	0	0	0	0	0	0	0	0	1
mdtI K11742	0	0	0	0	0	0	0	0	0	0	1
mdtJ K11743	0	0	0	0	0	0	0	0	0	0	1
mdtK K03327	0	0	0	0	0	0	0	0	0	0	1
mdtL K07552 K08163	0	0	0	0	0	0	0	0	0	0	1
mdtN K15549	0	0	0	0	0	0	0	0	0	0	1
mdtO K15547	0	0	0	0	0	0	0	0	0	0	2
mdtQ K15550	0	0	0	0	0	0	0	0	0	0	1
mdxE K02027 K15770 K17237	0	0	0	0	0	0	1	0	0	0	0
mecA K16511	0	0	0	0	0	1	1	0	0	0	0
mecB K16511	0	0	0	0	0	1	0	0	0	0	0
megL K01739 K01761	0	0	1	0	0	0	0	0	0	0	0
melA K07406	0	0	0	0	0	0	0	0	0	0	1
melA K07407	0	0	0	0	0	0	1	0	0	0	0
melR	0	0	0	0	0	0	0	0	0	0	1
menA K02548	0	1	0	1	0	0	1	1	1	1	1
menB K01661	0	0	0	1	0	0	1	1	0	2	2
menC	0	0	0	1	0	0	0	1	0	0	0
menC K02549	0	0	0	0	0	0	1	0	0	0	1
menD K02551	1	0	0	1	0	0	1	1	0	1	2
menE K00666 K01911	0	0	0	0	0	0	0	0	0	0	1
menE K01911	0	0	0	1	0	0	1	1	0	0	0
menF K02552	0	0	0	0	0	0	1	0	0	0	0
menG K03183	0	1	0	1	0	0	1	1	0	1	0
menH K08680	0	0	0	0	0	0	1	0	0	0	0
menI K19222	0	0	0	0	0	0	0	0	0	0	2
mepA_10	1	0	0	0	0	0	0	0	0	0	0
mepA_2	2	0	1	0	0	1	0	0	0	0	0
mepA_7	0	0	0	1	0	0	0	2	0	0	0
mepM_1	0	1	0	1	0	0	0	1	0	0	0
mepS K13694	0	0	0	1	0	0	0	0	0	0	0
merA K21739	0	0	0	2	0	0	0	0	0	0	0
metAA K00651	1	0	1	1	1	1	1	1	1	0	0
metAS K00651	0	0	0	0	0	0	0	0	0	0	1
metB K01739	0	0	0	0	0	0	1	0	1	0	1
metC K01760	0	0	0	0	0	0	0	0	0	0	1
metC1 K01760	0	0	0	0	0	0	0	0	1	0	0
metE K00549	0	0	0	0	0	0	1	0	1	0	1
metF K00297	2	0	0	1	0	2	0	1	1	0	1
metG K01874	1	1	1	1	2	1	1	1	1	0	2
metH K00548	1	2	1	1	1	1	0	1	0	0	1
metH2 K00548	0	0	0	0	1	0	0	0	0	0	0
metH_2	0	0	0	1	0	0	0	1	0	0	0
metI K02069 K02072	0	0	0	0	0	0	1	0	0	0	0
metI K02072	1	0	0	0	0	1	1	0	1	0	1
metI1 K02072	0	0	0	0	0	0	1	0	0	0	0
metK K00789	1	1	1	1	1	1	1	1	0	0	1
metK3 K00789	1	0	0	0	0	0	0	0	0	0	0
metL K12524 K12525	0	0	0	0	0	0	0	0	0	0	1
metN K02065	0	1	0	1	0	0	0	1	0	0	0
metN K02071	1	0	1	0	2	1	2	0	2	0	1
metQ K02072 K02073	0	0	0	0	0	0	1	0	0	0	1
metQ K02073	1	0	1	0	1	1	0	0	1	0	0
metQ3 K02073	0	0	0	0	0	0	1	0	0	0	0
metR K03576	0	0	0	0	0	0	0	0	0	0	1
metXA K00641	0	1	0	0	0	0	0	0	0	0	0
metY K01740	1	1	1	1	1	1	0	0	0	1	0
metZ K01740 K10764	0	0	0	1	0	0	0	1	0	0	0
mexA K03585 K18141 K18321	0	0	0	0	0	0	0	0	0	0	1
mexB K18138	0	0	0	0	0	0	0	0	0	0	1
mexF K03296	0	0	0	1	0	0	0	1	0	0	0
mfd K03723	1	1	1	2	2	2	1	1	1	0	1
mglA K02056 K06400	0	0	0	0	0	0	1	0	0	0	0
mglA K10441	1	0	1	0	0	0	0	0	0	0	0
mglA K10441 K10542	0	0	0	0	0	0	0	0	0	0	1
mglA K10542	0	0	1	0	1	1	0	0	0	0	0
mglB K10439 K10540 K17205 K17213	0	0	0	0	0	0	0	0	0	0	1
mglB K10540	0	0	1	0	0	0	0	0	0	0	0
mglC K02057	0	0	0	0	0	0	1	0	0	0	0
mglC K10541	0	0	1	0	0	1	0	0	0	0	1
mgm K20450	0	0	1	0	0	0	0	0	0	0	0
mgsA K00859 K01734	0	0	0	0	0	2	0	0	0	0	0
mgsA K01734	1	1	1	1	2	0	1	0	0	0	1
mgtA K01531	0	0	0	1	0	0	1	0	0	0	0
mgtA K01531 K12955	0	0	0	0	0	0	0	0	0	0	1
mgtC3 K07507	0	0	0	0	0	0	1	0	0	0	0
mgtE K06213	1	0	0	1	3	2	1	0	0	0	0
mhbB K16165	0	0	0	0	0	0	0	0	0	0	1
mhbM K00480 K20940 K22270	0	0	0	0	0	0	0	0	0	0	1
mhpT K05819	0	0	0	0	0	0	0	0	0	0	1
mhqA_2 K15975	0	0	0	0	0	0	1	0	0	0	0
mhqD K06999	0	0	0	0	0	0	1	0	0	0	0
mhqO K15975	0	0	0	0	0	0	1	0	0	0	0
miaA K00791	1	1	1	1	1	1	1	1	1	1	0
miaA2 K00791	0	0	0	1	0	0	0	1	0	0	0
miaB K06168	1	1	1	1	1	1	0	1	1	2	0
minC K03610	0	0	0	0	0	1	0	0	0	0	1
minD K03609	1	0	1	0	0	2	0	0	0	0	1
minE K03608	1	0	0	0	0	2	0	0	0	0	1
mioC K06205	0	0	0	0	0	0	0	0	0	0	1
mip K01802	0	0	0	1	0	0	0	0	0	0	0
mip K03773	0	0	0	0	0	0	0	1	0	0	0
mipA K07274	0	0	0	0	0	0	0	0	0	0	1
mlaB K07122	0	0	0	0	0	0	0	0	0	0	1
mlaC K07323	0	0	0	0	0	0	0	0	0	0	1
mlaD K02067	0	0	0	0	0	0	0	0	0	0	1
mlaE K02066	0	1	0	1	0	0	0	1	0	0	1
mlaF K02065	0	0	0	0	0	0	0	0	0	0	1
mlc K15545	0	0	0	0	0	0	0	0	0	0	1
mleN K03315	0	0	0	1	0	0	0	1	0	0	0
mleN_1	1	0	0	0	0	0	0	0	0	0	0
mleP2 K07088	0	0	0	0	0	0	1	0	0	0	0
mlrA K21089 K21972 K22491	0	0	0	0	0	0	0	0	0	0	1
mltA K08304	0	0	0	0	0	0	0	0	0	0	1
mltB K08305	0	0	0	0	0	0	0	0	0	0	1
mltD K08307	0	1	0	1	0	0	0	2	0	0	1
mltD K08307 K12204 K19224	0	0	0	0	0	0	0	0	0	1	0
mltD_2	0	0	0	1	0	0	0	0	0	0	0
mltF K18691	0	1	0	1	0	0	0	1	0	0	1
mltG K07082	0	1	2	1	1	0	1	1	1	0	2
mmdA	0	1	0	1	0	0	0	1	0	0	0
mmdB K01572 K20509	0	1	0	0	0	0	0	0	0	0	0
mmdC	0	1	0	1	0	0	0	1	0	0	0
mmyX K01812 K07149 K16139	0	0	0	0	0	0	0	0	0	1	0
mnaA K01791	0	0	1	0	0	0	1	0	0	0	0
mnmA K00566	0	0	1	2	2	1	1	0	0	0	1
mnmC	0	0	0	1	0	0	0	0	0	0	0
mnmC K15461	0	0	0	0	0	0	0	0	0	0	1
mnmE K03650	1	1	1	1	1	1	1	2	0	1	1
mntA K09815 K11707	0	1	0	1	0	0	0	0	0	0	0
mntH K03322	0	0	0	1	0	0	1	0	1	0	1
mntP	1	0	1	1	1	1	0	0	1	1	1
mntR K11924	0	0	0	0	0	0	0	0	0	0	1
mntR_1	1	0	0	0	0	0	0	0	0	0	0
moaA K03639	1	0	1	0	1	1	0	0	0	0	2
moaC K03637	1	0	1	0	1	1	0	0	0	0	1
moaD K03636	0	0	0	0	0	0	0	0	0	0	1
moaE K03635	0	0	0	0	0	0	0	0	0	0	1
mobA K03752 K13818	0	0	1	0	0	1	0	0	0	0	2
mobB K03753 K13818	0	0	1	0	1	0	0	0	0	0	0
mocA	0	0	0	0	0	0	1	0	0	0	0
mod K07316	0	0	1	0	2	0	0	0	0	0	0
modA K02020	1	0	1	0	1	1	0	0	0	0	1
modB K02018	1	0	1	0	1	1	0	0	0	0	1
modC K02017	1	0	1	0	1	1	0	0	0	0	1
modE K02019	0	0	0	0	0	0	0	0	0	0	1
modF K02013 K05776	0	0	0	0	0	0	0	0	0	0	1
modF K05776	0	0	0	1	0	0	0	0	0	0	0
moeA K03750	0	0	1	0	1	0	0	0	0	0	1
moeA2	2	0	1	0	1	1	0	0	0	0	0
moeB K03148 K21029	0	0	0	0	0	0	0	0	0	0	1
moeB K21029	0	0	0	0	0	1	0	0	0	0	0
moeZ K21029 K21147	0	0	0	1	0	0	0	0	0	0	0
mog	1	0	1	0	1	1	0	0	0	0	0
mop	1	0	1	0	0	0	0	0	0	0	0
mopI K02019	1	0	0	0	0	0	0	0	0	0	0
morA	0	0	0	0	0	0	1	0	0	0	0
morA2	0	0	0	0	0	0	1	0	0	0	0
motA K02556	0	0	1	0	0	1	1	0	0	0	0
motB K02557	0	0	0	0	0	0	1	0	0	0	2
moxR K03924	0	1	0	1	0	0	1	1	1	0	0
mpaA K14054	0	0	0	0	0	0	0	0	0	0	1
mphA	0	0	0	0	0	0	0	0	1	0	0
mpl K02558	0	0	0	0	0	0	0	0	0	0	1
mppA K15580	0	0	0	0	0	0	0	0	0	0	1
mprA	0	0	1	0	0	1	0	0	0	0	0
mprA K15974	0	0	0	0	0	0	0	0	0	0	1
mprF K07027	1	0	0	0	1	2	1	0	0	0	0
mprF K14205	0	0	0	0	0	0	1	0	0	0	0
mqnA K07081 K11782 K11784	0	2	0	0	0	0	0	0	0	0	0
mqo K00116	0	0	0	0	0	0	0	0	0	0	1
mraW1	0	0	0	0	0	0	1	0	0	0	0
mraY K01000	1	1	1	1	2	1	1	1	1	0	0
mraZ K03925	1	0	1	1	0	1	1	0	1	0	1
mrcA K05366	0	1	0	1	0	0	0	1	0	0	1
mrcB K05365	0	0	0	0	0	0	0	0	0	0	1
mrdA K05515	1	1	1	1	1	1	0	1	0	0	1
mreB K03569	1	1	0	1	0	1	0	1	0	0	1
mreC K03570	1	1	1	1	1	1	1	1	0	0	2
mreD	0	1	0	1	0	0	0	1	0	0	0
mreD K03571	1	0	0	0	0	1	1	0	0	0	0
mrnC K11145	1	0	1	0	1	1	1	0	0	0	0
mro K01785	1	0	0	0	0	1	0	0	0	0	0
mro_1 K01785	0	0	0	1	0	0	0	0	0	0	0
mrp	1	0	1	0	1	1	0	0	0	0	0
mrp K03593	0	1	0	1	0	0	0	1	1	0	1
msbA K06147 K11085	0	1	0	1	0	0	0	1	0	0	0
msbA_1 K18887	0	0	0	0	0	0	1	0	0	0	0
mscL K03282	0	1	1	1	1	1	1	1	1	0	1
mscM	0	0	0	1	0	0	0	0	0	0	0
mscS K03442	1	1	0	1	0	1	0	0	0	0	1
msmF K10118	0	0	0	0	0	0	0	0	1	0	0
msmR K02529	0	0	0	0	0	0	1	0	0	0	0
msmR2	0	0	0	0	1	0	0	0	0	0	0
msmX K10112	0	0	0	0	0	0	1	0	0	0	0
msr0960	0	0	0	0	0	0	0	0	0	1	0
msrA K07304	0	0	0	0	0	0	0	0	0	0	1
msrA K07304 K12267	0	1	1	1	1	0	2	0	0	0	0
msrA K12267	0	0	0	0	0	0	0	0	0	1	0
msrB K07305	0	0	0	0	0	0	1	0	0	0	2
msrB K07305 K12267	0	0	0	0	0	0	0	0	0	1	0
msrC K08968	0	0	0	1	0	0	0	1	0	0	0
msrP K07147	0	0	0	0	0	0	0	0	0	0	1
msrQ K17247	0	0	0	0	0	0	0	0	0	0	1
msrR	0	0	0	0	0	0	1	0	0	0	0
msyB K12147	0	0	0	0	0	0	0	0	0	0	1
mta	0	0	2	0	0	1	0	0	0	0	0
mtaD K12960	0	2	0	0	0	0	0	0	0	0	0
mtaD K12960 K20810	0	0	0	0	0	1	0	0	0	0	0
mtfA K09933	0	0	0	0	0	0	0	0	0	0	1
mtgA K03814	0	0	0	1	0	0	0	1	0	0	1
mtlA K02798 K02799 K02800	0	0	0	0	0	0	0	0	0	0	1
mtlA K02799 K02800	0	0	0	0	0	0	2	0	0	0	0
mtlD K00009	0	0	0	0	0	0	1	0	0	0	2
mtlF K02798	0	0	0	0	0	0	1	0	0	0	0
mtlR K03483	0	0	0	0	0	0	1	0	0	0	0
mtnA K08963	0	0	1	0	0	1	0	0	0	0	0
mtnK K00899	0	0	1	0	0	0	0	0	0	0	0
mtnN K01243	1	0	1	1	1	0	1	2	1	0	1
mtr K03834 K03835	0	0	0	0	0	0	0	0	0	0	1
mtrC K03585	0	0	0	1	0	0	0	0	0	0	0
mug	0	1	0	1	0	0	0	0	0	0	0
mug K03649	0	0	0	0	0	0	0	0	0	0	1
mukB K03632	0	0	0	0	0	0	0	0	0	0	1
murA K00790	1	1	1	1	1	1	2	1	1	0	1
murA2 K00790	1	0	1	0	0	0	0	0	0	0	0
murB	0	0	0	0	0	0	0	0	0	2	0
murB K00075	1	1	1	1	1	1	1	1	1	0	2
murC K01924	1	1	1	1	1	1	1	1	1	0	1
murD K01925	1	1	1	1	1	2	1	1	2	1	1
murE	0	0	0	0	0	0	0	0	1	0	0
murE K01928	1	1	1	1	1	2	0	1	1	0	1
murE K01928 K05362	0	0	0	0	0	0	1	0	0	0	0
murE2 K01928	0	0	0	0	0	0	1	0	0	0	0
murF K01929	2	1	1	1	1	1	1	1	1	0	1
murG K01924 K02563	0	0	0	0	0	0	0	0	1	0	0
murG K02563	1	1	1	1	1	1	1	1	0	0	0
murI K01776	1	1	1	1	1	0	0	1	1	0	1
murI K01776 K02428	0	0	0	0	0	0	1	0	0	0	0
murJ K03980	0	0	0	0	0	0	0	0	0	1	1
murP K11191 K11192	0	0	0	0	0	0	0	0	0	0	2
murQ K07106	0	1	0	1	0	0	1	1	0	0	0
mutA K01847	0	1	0	1	0	0	0	0	0	0	0
mutB K01847	0	1	0	1	0	0	0	0	0	0	0
mutE K20491	1	0	0	0	0	0	0	0	0	0	0
mutG K20492	1	0	0	0	0	1	0	0	0	0	0
mutH K03573	0	0	0	0	0	0	0	0	0	0	1
mutL K03572	1	3	1	1	1	1	1	1	0	2	2
mutR K20373 K20374	1	0	0	0	0	0	0	0	0	0	0
mutS K03555	1	1	1	1	2	1	1	1	0	1	1
mutS1 K07456	0	0	0	0	0	0	1	0	0	0	0
mutS2	1	0	0	0	0	0	0	0	0	0	0
mutS2 K07456	1	1	1	1	2	1	1	2	0	0	0
mutS_2	0	0	0	1	0	0	0	0	0	0	0
mutT K03574	1	0	0	0	1	1	1	0	1	0	1
mutT4	0	0	0	0	0	0	0	0	1	0	0
mutX K03574	1	0	0	0	1	0	0	0	0	0	0
mutY K03575	1	1	1	1	1	1	1	0	1	0	1
mvaA K00054 K00626	0	0	0	0	0	0	1	0	0	0	0
mvaD K01597	0	0	0	0	0	0	1	0	0	0	0
mvaK2 K00938	0	0	0	0	0	0	1	0	0	0	0
mvaS K01641	0	0	0	0	0	0	1	0	0	0	0
mviM K03810	0	0	0	0	0	0	0	0	0	0	2
mviN K03980	0	0	0	0	0	0	0	0	1	0	0
mvk K00869	0	0	0	0	0	0	1	0	0	0	0
mvpT K18829	0	0	0	0	0	0	0	0	0	0	1
mycA K10254	0	0	0	0	0	0	1	0	0	0	0
nac K19338	0	0	0	0	0	0	0	0	0	0	1
nadA K03517	1	1	0	1	0	1	0	1	1	0	1
nadB K00278	1	1	0	1	0	1	0	1	0	0	1
nadB K00278 K00767	0	0	0	0	0	0	0	0	1	0	0
nadC K00767	1	1	0	1	0	1	0	1	1	0	1
nadD	0	0	0	0	2	0	0	0	0	0	0
nadD K00969	2	1	1	1	1	2	1	1	2	0	0
nadE K01916	0	0	0	0	0	0	1	0	0	0	1
nadE K01950	1	4	1	1	1	1	0	1	1	0	0
nadK K00858	1	1	1	1	1	1	1	1	1	1	0
nadX K06989	0	0	0	1	0	0	0	0	0	0	0
nagA	0	0	0	1	0	0	0	0	0	0	0
nagA K01443	1	0	1	0	3	1	1	0	1	0	0
nagB K02564	1	1	1	2	1	1	1	2	1	1	1
nagC K00845	0	1	0	2	0	0	0	0	0	0	0
nagC K00845 K02565	0	0	0	0	0	0	0	0	0	0	2
nagD K01101	0	0	0	0	0	0	1	0	0	0	0
nagD K01101 K02566	0	0	0	0	0	0	0	0	0	0	1
nagE K02802 K02803 K02804	0	0	0	0	0	0	0	0	0	0	1
nagE K02803 K02804	0	0	0	0	1	1	0	0	0	0	0
nagE K02803 K02804 K20116 K20117 K20118	0	0	1	0	0	0	0	0	0	0	0
nagK K00845 K00884	0	0	0	0	0	0	0	0	0	0	1
nagZ K01207	0	0	0	0	0	0	1	0	0	0	1
nagZ2 K12373	0	0	0	1	0	0	0	0	0	0	0
nagZ3 K12373	0	1	0	1	0	0	0	1	0	0	0
namA	0	1	0	0	0	0	0	0	1	0	0
namA K00354	0	0	0	0	0	0	1	0	0	0	0
nanA K01639	0	0	3	0	1	0	0	0	0	0	0
nanA K01639 K01707 K01714	0	0	0	0	0	0	0	1	0	0	0
nanA K01639 K01714	0	0	0	0	0	0	0	0	0	0	1
nanE K01787	0	0	0	0	0	0	0	1	0	0	0
nanE K01788	0	0	1	0	1	0	1	0	0	0	1
nanH K01186	0	0	0	1	0	0	0	1	0	0	0
nanK K00845 K00885	0	0	0	0	0	0	0	0	0	0	2
nanM	0	0	0	1	0	0	0	0	0	0	0
nanM K17948	0	0	0	0	0	0	0	0	0	0	2
nanR K22104	0	0	0	0	0	0	0	0	0	0	1
nanS K22111	0	0	0	0	0	0	0	0	0	0	1
nanT K03290 K08178	0	0	0	0	0	0	0	0	0	0	1
napA	0	0	1	0	1	0	1	0	0	0	0
napA K02567	0	0	0	0	0	0	0	0	0	0	1
napC K02569	0	0	0	0	0	0	0	0	0	0	1
napD K02570	0	0	0	0	0	0	0	0	0	0	1
napF K02572	0	0	0	0	0	0	0	0	0	0	1
napH K02574	0	0	0	0	0	0	0	0	0	0	3
narG K00370	0	0	0	1	0	0	0	0	0	0	1
narH K00371	0	0	0	0	0	0	0	0	0	0	2
narI K00374	0	0	0	0	0	0	0	0	0	0	2
narJ K00373	0	0	0	0	0	0	0	0	0	0	1
narK K02575	0	0	0	0	0	0	0	0	0	0	1
narL	0	0	0	1	0	0	0	0	0	0	0
narP K07685	0	0	0	0	0	0	0	0	0	0	1
narQ K07673 K07674	0	0	0	0	0	0	0	0	0	0	1
narU K02575	0	0	0	0	0	0	0	0	0	0	1
narX K07673 K07674	0	0	0	0	0	0	0	0	0	0	2
natA K01990	0	1	0	0	0	0	0	0	0	0	0
natA K09697	0	0	0	0	0	1	0	0	0	0	0
natB K01992	0	1	0	0	0	0	1	0	0	0	0
natB K09696	0	0	0	0	0	1	0	0	0	0	0
ndh K03885	0	0	0	1	0	0	1	1	0	0	1
ndhG K00339	0	1	0	0	0	0	0	1	0	0	0
ndk K00940	0	0	0	1	0	0	0	1	0	0	1
ndoA K07171	1	0	1	0	1	1	1	0	0	0	0
ndpA	0	0	0	0	0	0	1	0	0	0	0
ndpA K06899	0	0	0	0	0	0	0	0	0	0	1
ndvA K06147	0	0	0	1	0	0	1	0	0	0	0
ndvB	0	0	1	0	0	0	0	0	0	0	0
nei K05522	0	0	0	0	0	0	0	0	0	0	1
nemA K10680	0	0	0	0	0	0	0	0	0	0	3
nepI K03445	0	0	0	0	0	0	0	0	0	0	1
nfeD	0	0	0	0	0	0	0	1	0	0	0
nfi K05982	0	0	0	0	0	0	0	0	0	0	1
nfnA K00528 K16951	0	0	1	0	1	0	0	0	0	0	0
nfnB K10679	0	0	0	0	0	0	0	0	0	0	1
nfo K01151	1	1	1	1	0	1	1	0	0	1	1
nfrA	0	0	0	0	0	0	0	0	2	0	0
nfrA K11739	0	0	0	0	0	0	0	0	0	0	1
nfrA2	0	0	0	0	0	1	0	0	0	0	0
nfrB K11740	0	0	0	0	0	0	0	0	0	0	2
nfsA K10678 K19285	0	0	0	0	0	0	0	0	0	0	1
nfuA K07400	0	0	0	0	0	0	0	0	0	0	1
ngr	0	0	1	0	0	0	0	0	0	1	0
nhaA K03313	0	1	0	0	0	0	0	0	1	0	1
nhaA K03455	0	0	0	1	0	0	0	1	0	0	0
nhaB K03314	0	0	0	0	0	0	0	0	0	0	1
nhaC K03315	0	1	0	1	0	1	0	1	1	0	0
nhaD	0	1	0	0	0	0	0	2	0	0	0
nhaP K03316	0	0	0	0	0	0	0	0	1	0	0
nhaP1 K03316	0	0	0	0	0	0	1	0	0	0	0
nhaP2 K11105	0	0	0	0	0	0	0	0	0	0	1
nhaR K03717	0	0	0	0	0	0	0	0	0	0	1
nhaS3	0	0	0	1	0	0	0	0	0	0	0
nhoA K00675	0	0	0	0	0	0	0	0	0	0	1
niaR K07105	1	0	0	0	1	1	0	0	0	0	0
nifH K02588 K04037 K11333	0	0	1	0	0	0	0	0	0	0	0
nifJ K03737	1	1	1	1	1	1	1	1	0	0	1
nifU K04488	0	0	1	0	1	1	1	0	0	0	0
nikA K02035 K15584	0	0	1	0	1	0	0	0	0	0	1
nikB K15585	0	0	0	0	0	0	0	0	0	0	1
nikC K15586	0	0	1	0	0	0	0	0	0	0	1
nikD K15587	0	0	0	0	0	0	0	0	0	0	1
nikE K10824	0	0	0	0	0	0	0	0	0	0	1
nikR K07722	0	0	0	0	0	0	0	0	0	0	1
nimA K07005	1	0	1	0	0	1	0	0	0	0	0
nirA K00366 K00392	0	0	1	0	0	0	0	0	0	0	0
nirB K00362	0	0	0	0	0	0	0	0	0	0	1
nirC K02598	0	0	0	0	0	0	0	0	0	0	1
nirD K00363	0	0	0	0	0	0	0	0	0	0	1
nit K11206	0	0	1	0	0	0	0	0	0	0	0
nlpA K02073	0	0	0	0	0	0	0	0	0	0	1
nlpC K13694 K13695	0	0	0	0	0	0	0	0	0	0	1
nlpD K06194 K12943	0	0	0	0	0	0	0	0	0	0	2
nlpD_1	0	0	0	1	0	0	0	0	0	0	0
nlpD_2	0	0	0	1	0	0	0	2	0	0	0
nlpE	0	1	0	1	0	0	0	0	0	0	0
nlpI K05803	0	0	0	0	0	0	0	0	0	0	1
nnrD K17758 K17759	1	0	1	1	1	1	1	1	2	1	1
nnrE	2	0	0	0	0	0	0	0	0	0	0
nnrE K17759	0	0	0	0	1	0	0	0	0	0	0
noc K03497	0	0	1	0	1	0	0	0	0	0	0
nocR	0	0	0	0	0	0	0	0	0	0	1
nodN	0	1	0	1	0	0	0	1	0	0	0
nohB K22014	0	0	0	0	0	0	0	0	0	0	1
norG_2	0	0	0	0	0	0	1	0	0	0	0
norM	0	0	0	0	0	0	0	1	0	0	0
norM K03327	0	1	0	1	0	0	0	1	0	0	0
norR K12266	0	0	0	0	0	0	0	0	0	0	1
norV	0	0	0	0	0	1	0	0	0	0	0
norV K12264	0	0	0	0	0	0	0	0	0	0	1
norW K12265	0	0	0	0	0	0	0	0	0	0	1
nosR K19339	0	0	0	0	0	0	0	0	0	0	2
noxC	0	0	0	0	1	0	0	0	0	0	0
noxE	0	0	0	0	0	0	1	0	0	0	0
nplT K01208	0	0	0	0	0	0	1	0	0	0	0
nqo1 K19784	0	0	0	0	0	0	1	0	0	0	0
nqrA K00346	0	1	0	1	0	0	0	1	0	0	0
nqrB K00347	0	2	0	1	0	0	0	1	0	0	0
nqrC K00348	0	0	0	2	0	0	0	1	0	0	0
nqrD K00349	0	2	0	0	0	0	0	1	0	0	0
nqrE K00350	0	0	0	1	0	0	0	1	0	0	0
nqrF K00351	0	1	0	1	0	0	0	1	0	0	0
nrd K00525	0	1	0	1	0	0	0	1	0	0	0
nrdA K00525	0	0	0	0	0	0	1	0	0	0	1
nrdB K00526	0	0	1	0	0	0	0	0	0	0	1
nrdD K21636	1	2	1	1	1	1	1	1	1	1	1
nrdE K00525	0	0	0	0	0	0	1	0	1	0	1
nrdF K00526	0	0	0	0	0	0	1	0	1	0	1
nrdG K04068	1	2	1	1	1	1	1	1	1	0	1
nrdH K06191	0	0	0	0	0	0	2	0	1	0	1
nrdI K03647	0	0	0	0	0	0	1	0	2	0	1
nrdJ K00525	0	0	1	0	0	0	0	0	0	0	0
nrdR K07738	1	0	1	0	1	1	1	0	1	1	1
nrfA K03385	0	0	0	1	0	0	0	0	0	0	1
nrfB K04013	0	0	0	0	0	0	0	0	0	0	1
nrfC K00184 K04014	0	0	0	0	0	0	0	0	0	0	1
nrfD K04015	0	0	0	0	0	0	0	0	0	0	1
nrfE K04016	0	0	0	0	0	0	0	0	0	0	2
nrfG K02200 K04018	0	0	0	0	0	0	0	0	0	0	1
nrnA K06881	1	1	1	1	2	1	1	1	0	0	0
nspC K13747	1	1	0	1	1	1	0	1	0	0	0
nsrR K13771	0	0	0	0	0	0	0	0	0	0	1
nt5e K01091	1	0	0	0	1	1	1	0	1	0	0
nth K10773	0	1	1	1	1	1	1	1	1	1	1
ntpA K02117	1	0	1	0	0	1	1	0	0	0	0
ntpB K02118	1	1	1	1	0	1	2	0	0	0	0
ntpC K02119	1	0	2	0	0	1	2	0	0	0	0
ntpD K02120	0	0	0	0	0	0	2	0	0	0	0
ntpE K02121	0	0	0	0	0	0	2	0	0	0	0
ntpG K02122	0	0	0	0	0	0	2	0	0	0	0
ntpI K02123	1	0	2	0	0	1	1	0	0	0	0
ntpK K02124	0	0	2	1	0	0	2	0	0	0	0
ntrX	0	1	0	0	0	0	0	0	0	0	0
nucA_1 K01173	0	0	0	1	0	0	0	0	0	0	0
nucS K07503	0	0	0	0	0	0	0	0	1	0	0
nudB K08310	0	0	0	0	0	0	0	0	0	0	1
nudC K03426	0	0	0	1	0	1	0	1	1	0	1
nudE K08312	0	0	0	0	0	0	0	0	0	0	1
nudF K01515	0	0	1	0	1	1	1	0	0	1	1
nudG K03574 K08320	0	0	0	0	0	0	0	0	0	0	1
nudH K08311	0	0	0	0	0	0	0	0	0	0	1
nudI K12944	0	0	0	0	0	0	0	0	0	0	1
nudJ K03574 K12152	0	0	0	0	0	0	0	0	0	0	1
nudK K08077 K12945	0	0	0	0	0	0	0	0	0	0	1
nudL	0	0	0	0	0	0	0	0	0	0	1
nuoA K00330	0	1	0	1	0	0	0	1	0	1	1
nuoB K00331	0	1	0	1	0	0	0	1	0	0	1
nuoC K00333 K13378	0	1	0	1	0	0	0	1	0	0	0
nuoC K13378	0	0	0	0	0	0	0	0	0	0	1
nuoD K00333	0	0	0	0	0	0	0	0	0	2	0
nuoE K00334	0	0	0	0	0	0	0	0	0	0	1
nuoE K00334 K18330 K22340	0	0	1	0	0	0	0	0	0	0	0
nuoF K00335	0	0	0	0	0	0	0	0	0	0	1
nuoF K00335 K18331	0	0	0	1	0	0	0	0	0	0	0
nuoG K00336	0	0	0	0	0	0	0	0	0	0	1
nuoH K00337	0	1	0	1	0	0	0	2	0	1	2
nuoI K00338	0	1	0	1	0	0	0	1	0	1	0
nuoJ K00339	0	0	0	1	0	0	0	0	0	0	0
nuoK K00340	0	1	0	1	0	0	0	1	0	1	1
nuoL K00341	0	1	0	1	0	0	0	2	0	0	1
nuoM K00342	0	1	0	1	0	0	0	1	0	0	2
nuoN K00343	0	1	0	1	0	0	0	1	0	1	0
nupC K03317 K11535	0	0	0	0	0	0	0	0	0	0	1
nupG K03289 K03301 K08218 K11537	0	0	0	0	0	0	0	0	0	1	0
nupG K03289 K11537	0	1	0	1	0	0	0	1	0	0	2
nusA K02600	1	1	1	1	1	1	1	1	1	1	1
nusB K03625	1	2	1	1	1	1	1	1	1	1	0
nusG K02601	1	1	1	1	0	1	1	1	1	1	1
nylA K01426	0	0	0	0	0	0	1	0	0	0	0
oadA K01571	1	0	1	0	1	1	1	0	0	0	0
oadB K01572	0	1	0	1	0	0	1	0	0	0	0
oadG	0	0	0	0	0	0	1	0	0	0	0
oatA	0	0	0	0	0	0	1	0	0	0	0
obg K03979	1	1	1	2	1	1	1	1	1	1	1
odh K04940	0	0	0	0	0	0	0	0	0	1	0
ofn31	0	0	0	0	0	0	0	1	0	0	0
ogt	0	0	0	0	0	1	0	0	0	0	0
ogt K00567	0	0	0	0	0	0	0	0	0	0	1
ogt K00567 K07443	0	1	0	1	0	0	0	0	1	0	0
ogt K00567 K10778	0	1	0	1	0	0	0	1	0	0	0
ogt K00567 K13531	0	0	0	0	1	0	0	0	0	0	0
ogt K07443	0	0	0	0	0	0	1	0	0	0	0
ohrB	0	0	0	0	0	0	1	0	0	0	0
ohrR	0	0	0	1	0	1	1	0	0	0	0
ompA K03286	0	0	0	0	0	0	0	0	0	0	1
ompC K09475 K09476 K14062	0	0	0	0	0	0	0	0	0	0	1
ompF K09475 K09476 K11929 K14062	0	0	0	0	0	0	0	0	0	0	1
ompF K09475 K09476 K11929 K14062 K16076	0	0	0	0	0	0	0	0	0	0	1
ompH K06142	0	1	0	2	0	0	0	2	0	0	0
ompN K09475 K09476 K11929 K14062 K16076	0	0	0	0	0	0	0	0	0	0	1
ompN K09476 K11929 K14062 K16076	0	0	0	0	0	0	0	0	0	0	1
ompW K07275	0	0	0	0	0	0	0	0	0	0	1
ompX K11934	0	0	0	0	0	0	0	0	0	0	1
ompX K16078	0	0	0	0	0	0	0	0	0	0	1
oorB K00175	0	1	0	1	0	0	0	0	0	0	0
oorD K00176	0	1	0	1	0	0	0	1	0	0	0
opcA	0	0	0	0	0	0	0	0	1	0	0
oppA K02035 K15580	1	0	0	0	0	0	3	0	0	0	0
oppA K15580	1	0	0	0	0	1	0	0	0	0	1
oppA1 K02035	0	0	0	0	0	0	1	0	0	0	0
oppB K02033	0	0	1	0	0	0	0	0	0	0	0
oppB K02033 K02034	0	0	0	0	0	0	1	0	0	0	0
oppB K15581	3	0	0	0	0	1	1	0	0	0	1
oppC K02034	0	0	1	0	0	0	1	0	0	0	0
oppC K02034 K15582	3	0	0	0	0	1	0	0	0	0	0
oppC K15582	0	0	0	0	0	0	1	0	0	0	1
oppD K02031 K15583	0	0	0	0	0	0	2	0	0	0	0
oppD K15583	1	0	0	0	0	0	0	0	0	0	0
oppD4 K15583	0	0	0	0	0	0	1	0	0	0	0
oppF K02032	1	0	0	0	0	0	1	0	0	0	0
oppF K10823	0	0	0	0	2	1	1	0	0	0	0
oprM K18139 K18147	0	0	0	0	0	0	0	0	0	0	1
opuAA K02000	0	0	0	0	0	0	1	0	0	0	0
opuAB K02001	0	0	0	1	0	0	0	0	0	0	0
opuAC K02002	0	0	0	0	0	0	0	1	0	0	0
opuCA K05847	0	0	0	0	0	0	1	0	0	0	0
opuCB K05846	0	0	0	0	0	0	1	0	0	0	0
opuCC K05845	0	0	0	0	0	0	1	0	0	0	0
opuCD K05846	0	0	0	0	0	0	1	0	0	0	0
orn K13288	0	0	0	0	0	0	0	0	1	0	1
orr K21898	1	0	0	0	0	0	0	0	0	0	0
osmB K04062	0	0	0	0	0	0	0	0	0	0	1
osmC K04063	0	0	0	0	0	0	0	0	0	0	1
osmE K04064	0	0	0	0	0	0	0	0	0	0	1
osmY K04065	0	0	0	0	0	0	0	0	0	0	1
otsA K00697	0	0	0	0	0	0	0	0	0	0	1
otsB K01087	0	0	0	0	0	0	0	0	0	0	1
otsB K16055	0	0	0	1	0	0	0	0	0	0	0
outO K02464 K02506 K02654	0	0	0	0	0	0	0	0	0	0	1
oxyR K04761	0	1	0	1	0	0	0	0	0	0	1
p40 K21471	0	0	0	0	0	0	1	0	0	0	0
paaI K02614	0	0	0	1	0	0	0	0	0	0	0
paaK K01912	0	0	2	2	0	0	0	0	0	0	0
paaY K02617 K08279	0	1	0	0	0	0	0	0	0	0	0
pabA K01658 K01664	0	0	0	0	0	0	0	0	0	0	1
pabB K01665	0	0	0	2	0	0	0	1	0	0	1
pabB K01665 K03342 K13503 K13950	0	0	0	0	0	0	0	0	0	1	0
pabB K12251	0	0	0	0	0	0	0	1	0	0	0
pabC K02619	0	0	0	0	0	0	0	0	0	0	1
pacL K01537	0	0	0	0	0	0	1	0	0	0	0
pacL2 K01537	0	0	0	0	0	0	0	0	2	0	0
pafA	0	1	0	1	0	0	0	1	0	0	0
pafA K13571	0	0	0	0	0	0	0	0	1	0	0
pagC K07804	0	0	0	0	0	0	0	0	0	0	1
paiA	0	1	0	1	0	0	0	0	0	1	0
paiA K22441	0	0	0	0	0	0	1	0	0	0	0
pal K03640	0	0	0	0	0	0	0	0	0	0	1
panB K00606	0	1	0	1	0	1	0	2	0	1	1
panC K01918	0	2	0	1	0	1	0	1	0	1	1
panD K01579	0	0	0	1	0	1	0	1	0	1	1
panE K00077	0	0	0	1	0	0	1	0	0	0	2
panF K14392	0	0	0	0	0	0	0	0	0	0	1
panZ	0	0	0	0	0	0	0	0	0	1	1
pap	1	0	1	0	0	1	0	0	0	0	0
parA K03496	0	0	0	0	0	0	0	0	1	0	0
parB K03497	0	1	0	1	0	0	0	1	1	0	0
parB_1	0	0	0	0	0	1	0	0	0	0	0
parC K02621	0	1	0	1	0	0	1	1	0	0	1
parD K07746	0	0	0	0	0	0	0	0	0	0	1
parE K02470	1	0	0	0	0	1	0	0	0	0	0
parE K02622	0	1	0	2	0	0	1	1	0	0	1
pat K03823	1	0	0	0	1	0	1	0	0	0	0
patA K00821 K09251	0	0	0	0	0	0	0	0	0	0	1
patB K14155	2	1	1	2	2	1	0	2	0	0	0
pbg K12308	2	0	0	0	0	0	0	0	0	0	0
pbg9 K01223	0	0	0	0	0	0	1	0	0	0	0
pbp1B K03693 K12551	0	0	0	0	0	0	1	0	0	0	0
pbp2A K12555	0	0	0	0	0	0	1	0	0	0	0
pbp2b K00687 K12553 K21465 K21466	0	0	0	0	0	0	1	0	0	0	0
pbp5	0	0	0	0	0	0	0	0	1	0	0
pbpA K05364	0	0	0	0	0	0	0	0	1	0	0
pbpA2 K05364	1	0	0	0	0	1	0	0	0	0	0
pbpC K05367	0	0	0	1	0	0	0	0	0	0	1
pbpC K05515 K21467	1	0	0	0	0	0	0	0	0	0	0
pbpF	0	0	0	1	0	0	0	0	0	0	0
pbpG K07262	0	0	0	0	0	0	0	0	0	0	2
pbpX K08724 K12552 K12556	0	0	0	0	0	0	1	0	0	0	0
pbuG K06901	1	0	0	0	1	0	1	0	0	0	0
pbuX K03458	0	0	0	0	1	1	0	0	1	0	0
pbuX K03458 K16169	0	0	0	0	0	0	1	0	0	0	0
pbuX K16345	0	0	0	1	0	0	0	1	0	0	0
pcaK K07165 K08195	0	0	0	0	0	0	0	0	0	0	1
pcaQ K02623 K14057	0	0	0	0	0	0	0	0	0	0	1
pccB	0	0	0	0	0	0	0	0	1	0	0
pcfF	0	0	0	0	1	0	0	0	0	0	0
pckA K01610	1	1	0	1	1	1	0	1	0	0	1
pckG K01596	0	0	1	0	0	0	0	0	0	1	0
pcm K00573	0	0	0	0	0	0	0	0	0	0	1
pcnA K00970 K00974	0	0	0	0	0	0	0	0	1	0	0
pcnB K00970	0	0	0	0	0	0	0	0	0	0	1
pcp K01304	0	0	0	0	0	1	1	0	1	0	0
pcrA K03657	1	2	1	1	1	1	1	1	1	0	0
pdaA K01567	1	0	1	0	0	2	0	0	0	0	0
pdaB	0	0	1	0	0	0	0	0	0	0	0
pdhA K00161	0	0	0	0	0	0	1	0	0	0	0
pdhB K00162	0	0	0	0	0	0	1	0	0	0	0
pdhC K00627	0	0	0	0	0	0	1	0	0	0	0
pdhD K00382	0	0	0	0	0	0	1	0	0	0	0
pdhR K05799	0	0	0	0	0	1	0	0	0	0	0
pdhR K05799 K11474 K14348	0	0	0	0	0	0	0	0	0	0	1
pdp K00756 K00758	0	0	1	0	1	1	0	0	0	0	0
pdtaR K22010	0	0	0	0	0	0	0	0	1	0	0
pdtaS K00936	0	0	0	0	0	0	0	0	1	0	0
pduA	0	0	0	0	0	0	0	0	0	0	1
pduB	0	0	0	0	0	0	0	0	0	0	1
pduC K01699	0	0	0	0	0	0	0	0	0	0	1
pduD K13919	0	0	0	0	0	0	0	0	0	0	1
pduE K13920	0	0	0	0	0	0	0	0	0	0	1
pduG	0	0	0	0	0	0	0	0	0	0	1
pduK	0	0	0	0	0	0	0	0	0	0	1
pduL	0	0	0	0	0	0	1	0	0	0	0
pduL K13923	0	0	0	0	0	0	0	0	0	0	1
pduL K15024	1	0	0	0	0	0	0	0	0	0	0
pduM	0	0	0	0	0	0	0	0	0	0	2
pduP K13922	0	0	0	0	0	0	0	0	0	0	1
pduS	0	0	1	0	0	0	0	0	0	0	2
pduT	0	0	0	0	0	0	0	0	0	0	1
pduU K04031	0	0	0	0	0	0	0	0	0	0	1
pduV K04029	0	0	0	0	0	0	0	0	0	0	1
pdxA K00097	0	1	0	1	0	0	0	1	0	0	1
pdxA K22024	0	0	0	0	0	0	1	0	0	0	0
pdxB K00058	1	0	1	0	1	1	0	0	0	0	0
pdxB K03473	0	0	0	1	0	0	0	0	0	0	1
pdxH K00275	0	0	0	1	0	0	0	0	0	0	2
pdxH K07006	0	0	0	0	0	0	0	0	1	0	0
pdxJ K03474	0	1	0	1	0	0	0	0	0	1	1
pdxK K00868	0	0	0	1	0	0	0	0	0	0	1
pdxK K00868 K00941	0	0	0	0	0	0	1	0	0	0	0
pdxS K06215	1	0	0	0	0	1	0	1	1	0	0
pdxT K08681	1	0	0	0	0	1	0	1	1	0	0
pdxY K00868	0	0	0	0	0	0	0	0	1	0	1
pelA K01051	0	0	0	1	0	0	0	0	0	0	0
pep K01322	0	1	0	1	0	0	0	1	0	0	0
pepA K01255	0	0	0	0	0	0	0	0	0	0	1
pepA K01261 K01269	0	0	0	0	0	0	1	0	0	0	0
pepB K07751	0	0	0	0	0	0	0	0	0	0	1
pepC K01372	0	1	0	3	0	0	1	2	0	0	0
pepC2 K01372	0	0	0	0	0	0	0	0	1	0	0
pepD K01270	1	0	0	0	0	1	0	0	0	0	1
pepD K08659	1	0	0	0	1	1	0	0	1	0	0
pepD_1 K01270	0	1	0	1	0	0	0	1	0	0	0
pepD_2 K01270	0	1	0	1	0	0	0	2	0	0	0
pepE K05995	0	1	0	0	0	0	0	0	1	0	1
pepF	0	0	0	0	0	0	1	0	0	0	0
pepF K08602	0	0	0	0	0	1	1	0	0	0	0
pepF2	0	0	0	0	0	0	1	0	0	0	0
pepN K01256	0	0	0	0	0	0	0	0	0	0	1
pepN K01256 K08776	0	0	0	0	0	0	0	0	1	0	0
pepO K01389 K01415 K07386	0	0	0	0	0	0	0	0	1	0	0
pepO K01415 K07386	0	1	0	0	0	0	0	0	0	0	0
pepO K07386	0	0	0	1	0	0	1	1	0	0	0
pepP K01262	0	1	0	1	0	0	0	2	1	0	3
pepQ K01262	2	0	0	0	1	1	1	0	0	0	0
pepQ K01262 K01271	0	0	0	1	0	0	0	0	0	0	0
pepQ K01271	0	0	0	0	0	0	1	0	0	0	1
pepS K19689	0	0	0	0	1	0	1	0	0	0	0
pepT K01258	0	0	0	1	1	1	1	1	0	1	1
pepV K01270 K01274 K01439	0	0	0	0	0	0	1	0	0	0	0
pepX K01278	0	0	0	0	0	0	0	0	1	0	0
pepX2 K01278	0	0	0	1	0	0	0	1	0	0	0
per1 K17836	0	1	0	2	0	0	0	2	0	0	0
perM K03548	0	0	0	0	0	0	0	0	0	0	1
perR K03711 K09825	1	0	0	0	0	0	0	0	0	0	0
perR K09825	0	0	0	0	0	1	1	0	0	0	0
pfkA K00850	1	1	1	1	1	1	1	1	0	0	1
pfkA K21071	1	0	1	1	1	1	0	0	0	0	0
pfkB K00882	0	0	1	0	1	1	1	0	0	0	0
pfkB K16370	0	0	0	0	0	0	0	0	0	0	1
pflA K04069	1	1	1	0	0	1	1	2	0	0	1
pflA_1 K04069	0	0	0	1	0	0	0	1	0	0	0
pflB K00656	1	1	0	2	2	1	1	1	2	0	1
pfp K00895 K21071	0	1	0	1	0	0	0	1	0	0	0
pfp K21071	2	0	0	0	2	1	0	0	0	0	0
pgaA	0	0	0	1	0	0	0	0	0	0	0
pgcA K01835	1	1	0	1	0	0	0	1	0	0	0
pgcA K01835 K01840	1	0	1	0	1	1	0	0	0	0	0
pgdA K22278	0	0	0	1	0	0	1	0	0	0	0
pgdA_1	0	1	0	1	0	0	0	1	0	0	0
pgi K01810	0	1	1	1	2	0	1	1	1	1	1
pgi K01810 K13810	1	0	0	0	0	1	0	0	0	0	0
pgk K00927	0	1	0	1	0	0	1	1	0	1	0
pgk K00927 K01803	1	0	1	0	1	2	0	0	1	0	0
pgl K01057	0	0	0	1	0	0	0	0	1	0	0
pgl K07404	0	0	0	1	0	0	1	0	0	0	1
pglE	0	1	0	0	0	0	0	1	0	0	0
pgm K01835	0	0	0	0	0	0	2	0	1	0	1
pgm6	0	0	0	0	0	0	1	0	0	0	0
pgmB	0	0	0	1	0	0	0	0	0	0	0
pgmB K01838	0	1	0	0	0	2	1	0	0	0	0
pgpA K01095	0	0	0	1	0	0	0	0	0	0	1
pgpB K01096	0	0	0	0	0	0	0	0	0	0	1
pgsA K00995	0	0	0	0	0	0	1	0	0	0	0
pgsA K00995 K08744	1	0	1	0	1	1	0	0	2	0	1
pgsA1 K00995	0	0	0	1	0	0	0	1	0	0	0
pgsA1 K00995 K00999	0	0	0	0	0	0	0	0	1	0	0
pgsA2 K00995 K08744	0	0	1	0	0	0	0	0	1	0	0
pgtA K08476	0	0	0	0	0	0	0	0	0	0	1
pgtB K08475	0	0	0	0	0	0	0	0	0	0	1
pgtC K08478	0	0	0	0	0	0	0	0	0	0	1
pgtP K11382	0	0	0	0	0	0	0	0	0	0	1
phaJ	0	0	0	0	0	0	1	0	0	0	0
pheA K04518	0	1	0	1	0	0	1	0	0	0	0
pheA K04518 K14170	1	0	1	0	1	1	0	0	1	0	0
pheA K14170	0	0	0	0	0	0	0	0	0	0	1
pheB K04516	0	1	0	0	0	0	0	1	0	0	0
pheB K06209	1	0	1	0	0	1	0	0	0	0	0
pheP K03293 K11732 K11734	0	0	0	0	0	0	0	0	0	0	1
pheS K01889	1	1	1	1	1	1	1	1	1	1	1
pheT K01890	1	1	1	1	2	1	1	1	1	1	2
phnA K06193	0	0	0	0	0	0	1	0	0	0	1
phnB K02042	0	0	0	0	0	0	1	0	0	0	0
phnB K04750	0	0	0	0	0	0	0	0	0	0	1
phnB1 K04750	0	0	0	0	0	0	1	0	0	0	0
phnC K02041	0	0	1	0	0	1	2	0	0	0	0
phnD K02044	1	0	1	0	0	1	1	0	0	0	0
phnE_1 K02042	2	0	1	0	0	1	0	0	0	0	0
phnE_2 K02042	0	0	1	0	0	1	0	0	0	0	0
phnW K03430	0	0	0	1	0	0	0	0	0	0	0
phnW K03430 K05306	0	0	0	0	0	1	0	0	0	0	0
phnX K05306	0	0	0	1	0	0	0	0	0	0	0
phoA K01077	0	0	0	1	1	0	0	2	0	0	1
phoB K07657	0	0	0	0	0	0	0	0	0	0	1
phoB K07658	0	0	1	0	1	1	0	0	0	0	0
phoE K09475 K09476 K11929 K14062 K16076	0	0	0	0	0	0	0	0	0	0	1
phoH K06217	1	1	1	1	2	1	1	0	1	0	1
phoP K02483 K07658 K07668	1	0	0	0	0	0	0	0	0	0	0
phoP K07658	0	0	0	0	0	0	1	0	0	0	0
phoP_1	1	0	1	0	0	1	0	0	0	0	0
phoQ K07637	0	0	0	0	0	0	0	0	0	0	2
phoR K02484	0	0	0	0	0	0	0	0	2	0	0
phoR K07636	1	1	1	0	1	1	1	0	0	0	1
phoR K07636 K07768	0	0	0	0	0	0	0	0	1	0	0
phoU K02039	1	0	1	1	0	1	1	0	1	1	0
php K07048	0	0	0	0	0	0	1	0	0	0	1
phrB K01669	0	0	0	0	0	0	0	0	0	0	1
pi112	0	0	0	0	0	0	2	0	0	0	0
picA	0	0	0	0	0	0	1	0	0	0	0
pilD K02236 K02506 K02654	0	0	0	0	0	0	1	0	0	0	0
pilQ K02507 K02666	0	0	0	0	0	0	0	0	0	0	1
pilR K02667	0	1	0	0	0	0	0	0	0	0	0
pilT K02669	1	0	0	0	0	0	0	0	0	0	1
pimB K19002	0	0	0	0	0	0	1	0	0	0	0
pinQ K14060	0	0	0	0	0	0	0	0	0	0	1
pip K01259	0	0	0	0	0	0	0	0	1	0	0
pip K01421	0	0	0	0	0	0	1	0	0	0	0
pip1 K01421	1	0	1	0	1	2	0	0	0	0	0
pitA K03306	0	0	0	1	0	0	0	0	0	0	0
pitA K03306 K16322	0	0	0	0	0	0	0	0	0	0	2
piuB	0	0	0	1	0	0	0	0	0	0	0
pkcI K02503	0	0	0	0	0	0	1	0	0	0	0
pkn1	0	0	0	0	0	0	1	0	0	0	0
pknA K08884 K12132	0	0	0	0	0	0	0	0	1	0	0
pknB K08884 K12132	0	0	0	0	0	0	0	0	1	0	0
pknK K12132	0	0	0	0	0	0	0	0	1	0	0
pknL K08884 K12132	0	0	0	0	0	0	0	0	1	0	0
pks6	0	0	0	0	0	0	0	0	0	1	0
plc K01771	0	0	0	0	0	0	0	1	0	0	0
pld1 K00064	0	0	0	0	0	0	0	0	0	0	1
pldA K01058	0	0	0	0	0	0	0	0	0	0	1
pldB K01048	0	0	0	0	0	0	0	0	1	0	1
pleD K11527	0	0	0	1	0	0	0	1	0	0	0
pliG	0	0	0	0	0	0	0	0	0	0	1
plsB K00631	0	0	0	0	0	0	0	0	0	0	1
plsC K00655	0	1	0	1	1	0	1	2	0	0	1
plsC K00655 K00945	0	0	1	0	0	0	0	0	0	0	0
plsC2 K00655	0	0	0	0	0	0	0	0	2	0	0
plsC_1 K00655	1	0	0	0	1	1	0	0	0	0	0
plsX K03621	1	1	1	0	1	1	1	0	0	1	1
plsY K08591	1	1	1	0	1	1	1	0	0	0	1
pmbA K03592	0	0	0	0	0	0	0	0	0	0	1
pmrA K08161	0	0	0	0	0	0	1	0	0	0	0
pmrD K19238	0	0	0	0	0	0	0	0	0	0	1
pncA K08281	0	0	0	0	0	0	0	0	0	0	1
pncA K16788	0	0	0	0	0	0	1	0	0	0	0
pncB K00763	1	0	1	1	1	1	1	0	1	0	1
pnp K00962	1	1	1	1	1	1	1	1	1	1	1
pntA K00324	0	0	0	0	0	0	0	0	1	0	1
pntAB K00324	0	0	0	0	0	0	0	0	1	0	0
pntB K00325	0	0	0	0	0	0	0	0	1	0	0
pnuC	1	0	0	0	0	0	0	0	0	0	0
pnuC K03811	0	1	0	1	0	0	0	1	0	0	1
pocR	0	0	0	0	0	0	0	0	0	0	1
polA K02335	1	2	3	1	2	2	1	1	1	0	1
polB K02336	0	0	0	0	0	0	0	0	0	0	1
polC K02342 K03763	0	0	1	0	1	0	0	0	0	0	0
polC K03763	1	0	0	0	0	1	1	0	0	0	0
polYB K02346 K03502	0	0	0	0	0	0	2	0	0	0	0
pon1	0	0	0	0	0	0	0	0	1	0	0
ponA K05366	0	0	0	0	0	0	1	2	0	0	0
pop	0	1	0	1	0	0	0	1	0	0	0
porA K00169	0	0	1	0	0	0	0	0	0	0	0
porA K00174	0	1	0	1	0	0	0	0	0	0	0
porB K00170	0	0	1	0	0	0	0	0	0	0	0
porC K00172	0	0	1	0	0	0	0	0	0	0	0
porD K00171	0	0	1	0	0	0	0	0	0	0	0
porG K00177	0	1	0	1	0	0	0	1	0	0	0
porQ	0	0	0	0	0	0	0	1	0	0	0
porT	0	0	0	0	0	0	0	1	0	0	0
porU	0	0	0	0	0	0	0	1	0	0	0
porV	0	0	0	0	0	0	0	1	0	0	0
porX	0	0	0	0	0	0	0	1	0	0	0
potA K02010 K11072	0	0	0	0	0	0	1	0	0	0	0
potA K02052 K11072 K11076	0	0	0	0	0	0	0	0	0	0	1
potA K10112 K11072 K17324	0	0	0	1	0	0	0	0	0	0	0
potA K11072	2	0	2	0	1	1	0	0	0	0	0
potB K11071	2	0	2	0	1	1	1	0	0	0	1
potC K11070	0	0	1	0	0	1	1	0	0	0	0
potC K11070 K11074	0	0	0	0	0	0	0	0	0	0	1
potD K11069	0	0	1	1	2	1	1	0	0	0	1
potD K11069 K11070	2	0	1	0	0	0	0	0	0	0	0
potE K03294 K03756	0	0	0	0	0	0	0	0	0	0	1
potF K11073	0	0	0	0	0	0	0	0	0	0	1
potG K02052 K11072 K11076	0	0	0	0	0	0	0	0	0	0	1
potH K11075	0	0	0	0	0	0	0	0	0	0	2
poxB K00156 K00158	0	0	0	0	0	0	0	0	0	1	1
poxB K00156 K01652	0	0	0	1	0	0	0	0	0	0	0
ppa K01507	0	0	1	0	0	0	0	0	1	0	1
ppaC K15986	1	0	0	0	1	1	1	0	0	0	0
ppaX K01091	0	0	0	1	0	0	0	0	0	0	0
ppaX_1 K01091 K06019	0	0	0	0	0	0	0	0	0	1	0
ppc K01595	0	0	0	0	0	0	0	0	1	0	1
ppdB K02680	0	0	0	0	0	0	0	0	0	0	2
ppdD K02650 K02682	0	0	0	0	0	0	0	0	0	0	1
ppdK K01006	1	1	1	1	1	1	1	1	0	0	0
ppgK K00845 K00886	0	0	0	1	0	0	0	0	1	0	0
pphA K07313	0	0	0	0	0	0	1	0	0	0	1
pphB K07313 K07314	0	0	0	0	0	0	0	0	0	0	1
ppiA K01802 K03767 K03768	0	0	0	0	0	0	0	0	0	0	2
ppiA K03767	0	0	0	0	0	0	1	0	0	0	0
ppiA K03767 K03768	0	0	0	0	0	0	0	0	1	0	0
ppiA K03768	0	1	0	0	0	0	0	0	0	0	0
ppiB K03767 K03768	0	1	0	0	0	0	0	0	0	0	0
ppiB K03768	1	1	1	0	1	1	1	0	0	0	1
ppiC K03769	0	0	0	0	0	0	0	0	0	0	1
ppiD K01802 K03770	0	1	0	1	0	0	0	1	0	0	0
ppiD K03769 K03770 K03771 K07533	0	0	0	0	0	0	0	0	0	1	0
ppiD K03770	0	0	0	0	0	0	0	0	0	0	1
ppk K00937	1	0	1	2	2	2	0	0	1	0	1
ppnP K09913	0	0	0	0	0	0	0	0	0	0	1
pppA K02464 K02654 K10966	0	0	0	0	0	0	0	0	0	0	1
pppL K20074	0	0	0	0	0	0	0	0	0	1	0
ppsA	0	1	0	1	0	0	0	1	0	0	0
ppsA K01007	0	0	0	0	0	0	0	0	0	0	1
pptA K01821	0	0	0	0	0	0	0	0	0	0	1
ppx K01524	1	0	0	1	0	1	0	0	1	0	1
pqiA K03808	0	0	0	0	0	0	0	0	0	0	1
pqiB K06192	0	0	0	0	0	0	0	0	0	0	2
pqqD	0	0	0	1	0	0	0	0	0	0	0
pqqE K06139	0	0	0	0	0	0	0	0	0	2	0
prc K03797	0	1	0	1	0	0	0	1	0	0	1
preA K00226	0	1	0	1	0	0	0	0	0	0	0
preA K17723	0	0	0	0	0	0	0	0	0	0	2
prfA K02835	1	1	1	1	1	2	1	1	1	1	1
prfB K02836	1	1	1	1	1	1	1	1	1	1	1
prfC K02837	1	1	1	1	1	1	1	1	0	0	1
priA K04066	1	1	1	1	1	2	1	1	1	1	1
priC K04067	0	0	0	0	0	0	0	0	0	0	1
prkC K08884 K12132	0	0	0	0	0	0	1	0	0	0	0
prkC K12132	2	0	1	0	3	2	0	0	0	1	0
prlC K01414	0	0	0	0	0	0	0	0	0	1	2
prmA K02687	1	1	1	1	1	1	1	1	0	0	1
prmB K07320	0	0	0	0	0	0	0	0	0	0	1
prmC	1	0	1	0	1	1	0	0	0	0	0
prmC K02493	1	1	1	1	1	0	1	1	1	1	1
proA K00147	1	1	1	1	1	1	1	0	1	1	1
proB K00931	1	1	1	1	1	1	1	0	1	1	1
proC K00286	1	1	1	1	1	1	1	0	1	1	1
proP K03762	0	0	0	0	0	0	0	0	1	0	0
proQ K03607	0	0	0	0	0	0	0	0	0	0	1
proS K01881	2	1	1	1	1	2	2	1	1	1	2
proV K02000	0	0	0	1	0	0	0	0	0	0	0
proV K05847	0	0	0	0	0	0	1	0	0	0	0
proWX K05845 K05846	0	0	0	0	0	0	1	0	0	0	0
proX K02002	0	0	0	0	0	0	0	0	0	0	1
proX K19055	0	1	0	0	0	0	0	1	0	0	0
proY K03293 K11736	0	0	0	0	0	0	0	0	0	0	1
prpB K03417	0	0	0	0	0	0	0	0	0	0	1
prpB K03417 K20454	0	0	1	0	0	0	0	0	0	0	0
prpC K01647 K01659	0	0	0	1	0	0	0	0	0	0	0
prpC K01659	0	0	0	0	0	0	0	0	0	0	1
prpD K01720	0	0	0	0	0	0	0	0	0	0	1
prpE K01908	0	0	0	0	0	0	0	0	0	0	1
prpR K02688 K11914	0	0	0	0	0	0	0	0	0	0	1
prr K00137	0	0	0	0	0	0	0	0	0	0	1
prs K00948	2	1	2	1	1	1	1	1	2	1	1
prsA K01802 K07533	0	0	0	0	0	0	1	0	0	0	0
prs_1 K00948	0	0	0	0	0	0	1	0	0	0	0
prtC K08303	0	1	0	1	0	0	0	1	0	0	0
prtQ K08303	0	1	0	1	0	0	0	2	0	0	0
psaA K11704 K19971 K19975 K19976	0	0	0	0	0	0	1	0	0	0	0
psaA3 K09815	0	0	0	0	0	0	2	0	0	0	0
psd K01613	1	1	0	1	0	0	0	1	0	0	1
pseB K15894	0	0	0	0	0	1	0	0	0	0	0
pseC	0	0	0	0	0	1	0	0	0	0	0
pseG K15897	0	0	0	0	0	1	0	0	0	0	0
pseI K01654 K15898	0	0	0	0	0	1	0	0	0	0	0
psiE K13256	0	0	0	0	0	0	1	0	0	0	1
psiF	0	0	0	0	0	0	0	0	0	0	1
pslL K21005	0	0	0	0	0	0	0	0	0	0	1
psp1 K09022	0	0	0	0	0	0	0	0	1	0	0
pspA K03969	0	0	0	0	0	0	0	0	0	0	1
pspB K03970	0	0	0	0	0	0	0	0	0	0	1
pspC	1	0	0	0	0	0	0	0	1	0	0
pspC K03973	0	0	0	0	0	0	1	0	0	0	1
pspD K03971	0	0	0	0	0	0	0	0	0	0	1
pspE K03972	0	0	0	0	0	0	0	0	0	0	1
pspF K03974	0	0	0	0	0	0	0	0	0	0	1
pspG	0	0	0	0	0	0	0	0	0	0	1
pssA K00998	0	0	0	0	0	0	0	0	0	0	1
pssA K17103	0	1	0	1	0	0	0	2	0	0	0
pstA K02038	1	0	1	1	1	1	1	0	1	0	0
pstB K02036	1	0	1	1	1	1	0	0	0	0	1
pstB1 K02036	0	0	0	0	0	0	1	0	0	0	0
pstB2 K02036	0	0	0	0	0	0	1	0	0	0	0
pstC K02037	1	0	1	1	1	1	1	0	2	0	0
pstP K20074	0	0	0	0	0	0	0	0	1	0	0
pstS K02040	1	0	1	1	1	1	2	0	1	0	1
psuG K16329	0	0	1	0	0	0	0	0	0	0	0
psuK K16328	0	0	0	0	0	0	0	0	0	0	2
pta K00625	1	0	0	0	1	1	0	0	0	0	0
pta K00625 K02028	0	0	0	0	0	0	1	0	0	0	0
pta K00625 K13788	0	0	0	1	0	0	0	1	0	0	0
pta K13788	0	0	0	0	0	0	0	0	1	0	1
ptb K00634	0	1	0	0	0	0	0	1	0	0	0
ptbA K02755 K02756 K02757 K02777	0	0	1	0	1	1	0	0	0	0	0
ptcA K13252	0	0	0	0	0	0	1	0	0	0	0
pth K01056	1	1	1	1	1	1	1	1	1	0	1
ptk_3	0	0	0	4	0	0	0	1	0	0	0
ptlH K02283	1	0	0	0	0	1	0	0	0	0	0
ptp3 K01104	0	0	0	0	0	0	1	0	0	0	0
ptpA K01104	0	1	0	1	0	0	1	1	1	0	0
ptrA K01407	0	0	0	0	0	0	0	0	0	0	1
ptrB K01354	0	0	0	0	0	0	0	0	1	0	1
pts14C K02761	0	0	0	0	0	0	1	0	0	0	0
pts3C K02761	0	0	0	0	0	0	1	0	0	0	0
ptsA K08483 K11189 K11201	0	0	0	0	0	0	0	0	0	0	2
ptsD K02796 K19509	0	0	0	0	0	0	1	0	0	0	0
ptsG K02755 K02756 K02757	0	0	0	0	0	0	0	0	1	0	0
ptsG K02777 K20107 K20108	0	0	0	0	0	0	1	0	0	0	0
ptsG K02778 K02779 K02803 K02804	0	0	0	0	0	0	0	0	0	0	1
ptsH K02784	0	0	0	0	0	0	0	0	0	0	1
ptsH K11184 K11189	1	0	1	0	0	1	0	0	0	0	0
ptsH K11189	0	0	1	0	0	1	1	0	0	0	0
ptsI K08483	0	0	0	0	0	0	1	0	1	0	1
ptsN K02768 K02769 K02770 K02806	0	0	0	0	0	0	0	0	0	1	0
ptsN K02806	0	0	0	0	0	0	0	0	0	0	1
ptsP K01007 K08483	1	0	1	0	1	2	0	0	0	0	0
ptsP K08483 K08484	0	0	0	0	0	0	0	0	0	0	1
ptxC K02042	0	0	0	0	0	0	1	0	0	0	0
pulA K01200	0	0	0	1	1	1	0	1	0	0	0
punA K00772 K03783	0	0	0	0	0	0	1	0	0	0	0
punA K03783	0	0	0	0	0	1	0	0	0	0	0
pup K13570	0	0	0	0	0	0	0	0	1	0	0
purA K01939	3	1	1	1	1	2	1	1	1	1	1
purB K01756	1	1	1	1	1	1	1	1	1	0	2
purC K01756 K01923	0	0	1	0	0	0	0	0	0	0	0
purC K01923	1	1	0	1	1	0	1	2	1	0	1
purC K01923 K01945 K03566	0	0	0	0	0	1	0	0	0	0	0
purD K01945	2	1	1	1	1	2	1	1	0	1	0
purD K01945 K11788	0	0	0	0	0	0	0	0	1	0	0
purD K01945 K13713	0	0	0	0	0	0	0	0	0	0	1
purE K01588	1	1	1	1	1	1	1	1	1	0	1
purF K00764	1	1	1	2	1	1	1	3	2	0	1
purF_1 K00764	1	0	0	0	0	0	0	0	0	0	0
purH K00602	1	1	1	1	1	1	1	1	1	0	1
purH2 K00602	0	0	0	1	0	0	0	1	0	0	0
purK K01589	0	1	0	0	0	0	1	0	1	0	1
purL K01952	1	1	1	1	1	1	1	2	1	1	1
purM K01933	1	1	1	1	1	1	1	1	0	0	1
purN K11175	1	1	1	1	1	1	1	0	0	0	1
purP K06901	0	0	0	0	0	0	0	0	0	0	1
purQ K01952	0	0	0	0	0	0	1	0	0	0	0
purR K02529 K03604	0	0	0	0	0	0	0	0	0	0	1
purR K09685	0	0	0	0	0	0	1	0	0	0	0
purR1 K02529 K17074	0	0	0	0	0	0	1	0	0	0	0
purS K01952	0	0	0	0	0	0	1	0	0	0	0
purT K08289	0	1	0	1	0	0	0	2	1	0	1
purU K01433	0	0	0	1	0	0	0	0	0	0	1
putA K13821	0	0	0	0	0	0	0	0	0	0	1
putP K03307 K11928	1	1	1	0	0	0	0	0	0	0	0
putP K11928	0	0	0	0	1	1	0	0	0	0	1
puuA K01915 K09470	0	0	0	0	0	0	0	0	0	0	1
puuC K00128 K09472	0	0	0	0	0	0	0	0	0	0	2
puuD K07010 K09473	0	0	0	0	0	0	0	0	0	0	1
puuP K14052	0	0	0	0	0	0	0	0	0	0	1
puuR	0	0	1	0	0	1	0	0	0	0	0
puuR K14056	0	0	0	0	0	0	0	0	0	0	1
pva1 K01442	0	0	0	0	0	0	1	0	0	0	0
pvaA	0	0	0	0	0	0	1	0	0	0	0
pyc K01958	0	0	0	0	0	0	1	0	0	0	0
pyk K00873	1	1	1	1	2	1	1	1	1	0	0
pykA K00873	0	0	0	0	0	0	0	0	0	0	1
pykF K00873	0	0	0	0	0	0	0	0	0	0	1
pyr K00226	0	0	0	0	0	0	0	0	1	0	0
pyrB K00609	3	1	0	1	1	1	1	1	1	1	1
pyrC K01465	1	1	1	1	1	1	1	1	2	0	0
pyrD K00226 K00254	0	0	0	0	0	0	1	0	1	0	0
pyrD K00226 K17828	0	1	0	1	0	0	1	2	0	0	0
pyrD K00254	0	1	0	0	0	0	0	0	0	1	1
pyrD K17828	1	0	0	0	1	1	0	0	2	0	0
pyrE K00762	1	0	0	0	0	1	1	0	0	1	0
pyrE K00762 K13421	0	0	0	1	0	0	0	1	0	0	0
pyrE1	0	0	0	0	0	0	0	0	1	0	0
pyrE_1	0	0	0	0	0	0	0	0	1	0	0
pyrF K01591	1	1	0	0	1	1	1	1	2	0	1
pyrG K01937	1	1	1	1	1	1	1	1	0	1	1
pyrH K09903	1	1	1	1	1	1	1	1	1	2	1
pyrI K00610	4	0	0	1	1	1	0	1	1	0	1
pyrK K02823	1	1	0	1	1	1	1	1	0	0	0
pyrK_1 K00528 K16951	1	0	0	0	0	1	0	0	0	0	0
pyrL K01992 K09690	0	0	0	0	1	0	0	0	0	0	0
pyrP K02824	0	0	1	1	1	1	1	1	0	0	0
pyrR K02825	0	0	0	0	0	0	1	0	0	0	0
pz-A	1	0	0	0	1	0	0	0	0	0	0
qacR	0	0	0	1	0	0	0	1	0	0	0
qmcA	1	0	1	0	1	1	0	0	0	0	1
qor K00344	0	0	0	0	0	0	0	0	0	0	1
qorB K19267	0	0	0	0	0	0	0	0	0	0	1
qseB K07666	0	0	0	0	0	0	0	0	0	0	1
qseC	0	0	0	1	0	0	0	0	0	0	0
qseC K07645	0	0	0	0	0	0	0	0	0	0	1
queA K07568	2	2	1	2	1	1	1	2	0	1	1
queC K06920	0	0	0	1	0	0	0	3	0	1	1
queD K01737	0	2	0	1	0	0	0	0	0	0	1
queE K10026	0	1	0	1	0	0	0	0	0	0	1
queF K06879 K09457	0	0	0	0	0	0	0	0	0	0	1
queF K09457	0	0	0	1	0	0	0	1	0	1	0
queG K18979	0	1	1	0	0	0	1	1	0	0	1
queH K09765	1	0	0	1	1	1	0	0	0	0	2
queT	1	0	1	0	1	1	1	0	0	0	0
racC	0	0	0	0	0	0	0	0	0	0	1
racD K01779	0	0	0	0	0	0	1	0	0	0	0
radA K04485	2	1	1	1	1	3	1	1	1	0	2
radC K03630	1	1	1	1	1	1	1	1	0	0	1
rafA K07407	0	0	0	0	0	0	1	0	0	0	0
raiA K05808	0	1	0	1	0	0	0	1	0	0	0
raiA K05809	0	0	0	0	0	0	0	0	0	0	1
ramA_1 K13566	0	0	0	1	0	0	0	0	0	0	0
ramA_2	0	1	0	1	0	0	0	0	0	0	0
rapA K03580	0	0	0	0	0	0	0	0	0	0	1
rapZ K06958	0	0	0	0	0	0	0	0	0	0	2
rarA K07478	1	0	0	1	0	1	1	1	1	1	1
rarD K05786	0	0	0	0	0	0	1	0	0	0	1
ratA	0	0	0	0	0	0	0	0	0	0	3
ravA_1 K03924	0	0	0	1	0	0	0	0	0	0	0
rbbA K13926	0	0	0	0	0	0	0	0	0	0	2
rbfA K02834	1	1	1	1	0	1	1	1	1	1	1
rbgA K14540	0	0	0	0	0	0	1	0	0	0	0
rbn K07058	0	0	0	0	0	0	1	0	0	0	1
rbo K05919	0	0	1	0	0	0	0	1	0	0	0
rbpA	0	0	0	0	0	0	0	0	1	0	0
rbr	0	1	2	1	1	0	0	1	0	1	0
rbr3A	1	1	1	1	1	1	0	1	0	0	0
rbsA K02056 K10441 K10542 K10545 K10551	0	0	0	0	0	0	0	0	0	0	1
rbsA K10441	1	0	2	0	0	0	0	0	0	0	0
rbsA K10562	1	0	0	0	0	0	0	0	0	0	0
rbsA2 K02056	0	0	1	0	0	0	0	0	0	0	0
rbsA2 K10441	0	0	0	0	0	0	0	0	0	0	1
rbsB_4	1	0	0	0	0	0	0	0	0	0	0
rbsC K02057	0	0	1	0	0	0	0	0	0	0	0
rbsC K10440	0	0	0	0	0	0	0	0	0	0	3
rbsC K17214	0	0	1	0	0	0	0	0	0	0	0
rbsD K06726	1	0	0	0	0	0	0	0	0	0	1
rbsK K00852	1	1	2	1	0	0	1	0	1	0	0
rbsK K00852 K16328	0	0	1	0	0	0	0	0	0	0	0
rbsR K02529	0	0	0	0	0	0	1	0	0	0	0
rbsR2 K02529	0	0	1	0	0	0	0	0	0	0	0
rcfA K21562	0	0	0	0	0	0	1	0	0	0	0
rcnA K08970	0	0	0	0	0	0	0	0	0	0	2
rcoM2 K02477 K21696	0	0	0	0	1	0	0	0	0	0	0
rcsA K07781	0	0	0	0	0	0	0	0	0	0	1
rcsC K07677	0	0	0	0	0	0	0	0	0	0	1
rcsD K07676 K07687	0	0	0	0	0	0	0	0	0	0	2
rcsF K06080	0	0	0	0	0	0	0	0	0	0	1
rdgB K02428	1	1	1	1	1	1	0	1	1	0	1
rdgC K03554	0	0	0	0	0	0	0	0	0	0	1
rdrB K02444 K22103	0	0	0	0	0	0	1	0	0	0	0
rebM	0	1	0	0	0	0	0	0	0	0	0
recA K03553	1	1	1	1	1	1	1	1	1	1	1
recB K03582	0	0	0	0	0	0	0	0	0	0	1
recC K03583	0	0	0	0	0	0	0	0	0	0	1
recD K03581	0	1	0	0	0	0	0	0	0	0	1
recD2 K03581	1	1	1	0	2	1	1	0	0	0	0
recD2_2 K01144	0	0	0	1	0	0	0	1	0	0	0
recD2_4	0	0	0	1	0	0	0	0	0	0	0
recE K10906	0	0	0	0	0	0	0	0	0	0	3
recF K03629	1	2	1	1	2	1	1	2	1	1	1
recG K03655	1	1	1	1	1	1	1	1	1	0	1
recJ K07462	1	1	0	1	1	1	1	1	0	0	1
recN K03631	1	1	1	1	1	1	1	1	1	0	1
recO K03584	1	0	2	1	1	1	1	1	1	0	1
recQ K03654	1	1	0	1	1	1	1	1	1	0	2
recQ2 K03654	0	1	0	1	0	0	0	2	0	0	0
recQ3 K03654	0	0	0	1	0	0	0	1	0	0	0
recR K06187	1	1	1	1	2	1	1	1	1	1	1
recT K07455	1	0	0	0	0	0	1	0	0	0	0
recU K03700	1	0	0	0	0	1	1	0	0	0	0
recX	0	0	1	0	0	0	0	0	0	0	0
recX K03565	1	1	0	1	1	1	1	1	1	0	1
regB K07717 K15011	1	0	0	0	0	0	0	0	0	0	0
regX3 K07776	0	0	0	0	0	0	0	0	1	0	0
relA K00951	1	1	2	1	1	1	1	1	0	0	1
relA K00951 K01139	0	1	0	1	0	0	0	1	1	0	0
relB K18918	0	0	0	0	0	0	0	0	0	0	2
relE K06218	0	0	0	0	0	0	0	0	0	0	2
rem	0	0	0	0	0	0	0	0	0	0	1
rep K03656 K03657	0	0	0	0	0	0	0	0	0	0	1
repA	1	0	0	0	0	1	1	0	0	0	0
resA	0	1	0	0	0	0	0	0	0	0	0
resD K07775	0	0	0	0	1	0	0	0	0	0	0
rex K01926	0	1	1	1	1	1	2	0	0	0	0
rexB K16899	0	0	0	0	0	0	1	0	0	0	0
rfaB K02840	0	0	0	0	0	0	0	0	0	0	1
rfaC K02841	0	0	0	0	0	0	0	0	0	0	1
rfaE K03272	0	0	0	0	0	1	0	0	0	0	0
rfaF K02843	0	0	0	0	0	0	0	0	0	0	1
rfaG K02844	0	0	0	0	0	0	0	0	0	0	1
rfaH K05785	0	0	0	0	0	0	0	0	0	0	1
rfaI K03275 K03278	0	0	0	0	0	0	0	0	0	0	1
rfaJ K03276 K03279 K12985	0	0	0	0	0	0	0	0	0	0	1
rfaL K02847	0	0	0	0	0	0	0	0	0	0	1
rfaP K02848	0	0	0	0	0	0	0	0	0	0	1
rfaQ K02849	0	0	0	0	0	0	0	0	0	0	1
rfaY K02850	0	0	0	0	0	0	0	0	0	0	1
rfaZ K12981	0	0	0	0	0	0	0	0	0	0	1
rfbA K00973	1	2	0	4	1	1	1	1	0	0	1
rfbA5 K09690 K09692	1	0	0	0	0	0	0	0	0	0	0
rfbB K01710	1	2	0	4	1	1	1	1	0	0	1
rfbB K01990	2	0	0	0	0	0	0	0	0	0	0
rfbC K01790	1	1	0	3	0	1	1	1	0	0	1
rfbD K00067	1	3	0	2	1	1	1	1	0	0	1
rfbD K00067 K01790	2	0	0	0	0	0	0	0	0	0	0
rfbF K00978	0	0	1	1	0	1	0	0	0	0	0
rfbF K12990	0	0	0	0	0	0	0	0	0	0	1
rfbG K01709	0	0	1	1	0	1	0	0	0	0	0
rfbH K12452	0	0	0	0	0	1	0	0	0	0	0
rfbP K13012 K19428	0	0	0	0	0	0	1	0	0	0	0
rfbX K03328 K18799	0	0	0	0	0	0	0	0	1	0	0
rfbx3	0	0	0	0	0	0	0	0	0	0	1
rfe K02851	0	0	0	0	0	0	0	0	1	0	0
rffH K00973	0	0	0	0	0	0	0	0	0	0	1
rffM K02852	0	0	0	0	0	0	0	0	0	0	1
rgpAc K12996	0	0	0	0	0	0	1	0	0	0	0
rgpB K12991 K12997	0	0	0	0	0	0	0	1	0	0	0
rha	1	0	0	0	0	0	0	0	0	0	0
rhaA K01813	0	0	1	0	0	1	0	0	0	0	0
rhaB K00848	1	0	0	0	0	1	0	0	0	0	2
rhaB K00848 K00879	0	0	0	1	0	0	0	0	0	0	0
rhaD K01629	1	0	0	0	0	0	0	0	0	0	1
rhaM K03534	0	0	0	0	0	0	0	0	0	0	1
rhaR K02854	0	0	0	0	0	0	0	0	0	0	1
rhaR_1	0	0	0	1	0	0	0	0	0	0	0
rhaS K02855 K17736	0	0	0	0	0	0	0	0	0	0	1
rhaT K02856	0	0	0	2	0	0	0	0	0	0	1
rhaU K03534	0	0	0	1	0	0	0	0	0	0	0
rhgT_2 K01051	0	0	0	1	0	0	0	0	0	0	0
rhlB K03732	0	0	0	0	0	0	0	0	0	0	1
rhlE K11927	0	2	1	1	1	0	0	0	0	0	1
rho K03628	1	2	0	1	0	1	1	1	1	0	1
rhsA	0	0	0	0	0	0	0	0	0	0	1
rhsD	0	0	0	0	0	0	0	0	0	0	2
rhtA K11939	0	0	0	0	0	0	0	0	0	0	1
rhtB K05834	0	0	0	0	0	0	0	0	0	0	1
ribA K01497	0	0	0	0	0	0	0	0	0	0	1
ribB K02858 K14652	0	0	0	0	0	0	0	0	0	0	1
ribB K14652	0	1	0	0	0	0	0	0	0	0	0
ribBA K02858 K14652	0	0	0	0	0	0	2	0	0	0	0
ribBA K14652	1	0	0	1	0	1	0	1	0	0	0
ribD K01498 K11752	0	0	0	0	0	0	0	0	0	0	1
ribD K11752	1	1	0	1	0	1	1	1	0	0	0
ribE K00793	0	1	0	1	0	1	1	1	0	0	1
ribF K11753	1	1	1	1	1	1	1	1	1	0	0
ribH K00794	1	1	0	0	0	1	0	2	0	0	0
ribU	1	0	0	0	1	1	1	0	0	0	0
ridA K09022	0	1	0	1	0	0	0	1	0	0	0
rihA K01239 K01250	0	0	0	0	0	0	0	0	0	0	1
rihB K01239 K01250 K10213	0	0	0	0	0	0	0	0	1	0	0
rihB K01239 K10213 K12700	0	0	0	0	0	0	0	0	0	0	1
rihC K01239 K01250 K12700	0	0	0	0	0	0	1	0	0	0	0
rihC K12700	0	0	0	0	0	0	0	0	0	0	1
rimI K03789	0	0	0	0	0	1	2	0	1	0	1
rimJ K03790	0	0	0	0	0	0	0	0	1	0	1
rimK K05844	0	0	0	0	0	0	0	0	0	0	1
rimL K03817	0	0	0	0	0	0	0	0	0	0	1
rimM K02860	1	1	1	1	0	1	1	1	1	0	0
rimN K07566	0	1	0	1	0	0	0	1	0	0	0
rimO K14441	1	1	1	1	1	2	0	1	0	0	1
rimP K09748	1	1	1	1	1	1	1	1	0	0	1
rliB	0	0	0	0	0	0	1	0	0	0	0
rlmA K00563	0	0	1	0	1	0	0	0	0	0	0
rlmB K03218	0	0	0	0	0	0	0	0	1	0	1
rlmC K03212	0	0	0	0	0	0	0	0	0	0	1
rlmD K03215	0	0	0	0	0	0	0	0	0	0	1
rlmF K06970	0	0	0	1	0	0	0	0	0	0	1
rlmG K00564 K11391	0	0	0	0	0	0	0	0	0	0	1
rlmH K00783	1	0	1	1	1	1	1	1	0	0	1
rlmI K06969	1	2	1	1	1	1	0	1	0	0	1
rlmJ K07115	0	0	0	0	0	0	0	0	0	0	1
rlmL K07444	0	0	0	1	0	0	0	1	0	0	0
rlmL K12297	0	0	0	0	0	0	0	0	0	0	1
rlmL_1 K06969	1	0	1	0	1	1	0	0	0	0	0
rlmM K06968	0	0	0	0	0	0	0	0	0	0	1
rlmN K06941	1	1	1	1	0	1	1	1	1	1	1
rlpA K03642	0	0	0	0	0	0	0	1	0	0	0
rlrG K21900	0	0	0	0	0	0	2	0	0	0	0
rluA K06177	0	0	0	1	0	0	0	1	0	0	1
rluA K06177 K06180	0	0	0	0	0	0	1	0	0	0	0
rluB K06178	0	1	0	1	0	0	1	1	0	0	1
rluB K06178 K06183	0	0	1	0	1	0	0	0	1	0	0
rluC K06177 K06180	0	1	0	1	0	0	0	1	0	0	0
rluC K06179	1	0	1	0	2	1	0	0	0	0	1
rluD K06180	1	1	1	2	1	1	1	2	1	0	1
rluD_2 K06180	1	0	0	0	1	1	0	0	0	0	0
rluE K06181	0	0	0	0	0	0	0	0	0	0	1
rluF K06178 K06182	0	0	0	0	0	1	0	0	0	0	0
rluF K06182 K06183	0	0	0	0	0	0	0	0	0	0	1
rmf K03812	0	0	0	0	0	0	0	0	0	0	1
rmuC K09760	0	1	1	2	1	0	0	1	1	0	1
rna K01166 K01169	0	0	0	0	0	0	0	0	0	0	1
rnb K01147	0	0	0	0	0	0	0	0	0	0	1
rnc K03685	1	1	1	1	1	1	1	1	1	0	1
rnd	0	1	0	1	0	0	0	1	0	0	0
rnd K03684	0	0	0	0	0	0	0	0	1	0	1
rne K08300	0	0	0	0	0	0	0	0	0	0	1
rne K08300 K08301	0	0	0	0	0	0	0	0	1	0	0
rnfA K03617	1	1	1	1	1	1	0	0	0	0	1
rnfB K03616	1	2	1	1	1	1	0	0	0	0	1
rnfC K03615	3	1	1	1	1	1	0	0	0	0	1
rnfD K03614	1	1	1	1	2	1	0	0	0	0	2
rnfE K03613	1	1	1	1	1	1	0	0	0	0	1
rnfG K03612	1	1	1	1	0	1	0	0	0	0	0
rnfG K03612 K03613 K21559	0	0	0	0	1	0	0	0	0	0	0
rng K08301	1	1	0	1	0	1	0	2	0	0	1
rnhA K03469	0	1	1	1	1	0	1	1	1	0	1
rnhA K03469 K06993	1	0	0	0	0	0	0	0	0	0	0
rnhB K03470	1	1	1	1	1	1	1	1	1	0	0
rnhC K03471	0	0	0	0	0	0	1	0	0	0	0
rnj K12574	1	0	2	0	1	1	0	0	1	0	0
rnjA K12574	0	0	0	0	0	0	1	0	0	0	0
rnjB K12574	0	0	0	0	0	0	1	0	0	0	0
rnk K06140	0	0	0	0	0	0	0	0	0	0	1
rnmV K05985	0	0	1	0	1	0	1	0	0	0	0
rnpA K03536	1	1	1	1	2	1	1	1	0	0	1
rnr K12573	1	0	0	0	1	1	1	0	0	1	1
rnr K12573 K12585	0	1	0	1	0	0	0	1	0	0	0
rnt K03683	0	0	0	0	0	0	0	0	0	0	1
rny K18682	1	1	1	1	1	1	1	1	0	0	0
rnz K00784	1	1	0	1	1	2	1	2	0	0	1
rob K05804 K13652 K13653	0	0	0	0	0	0	0	0	0	0	1
rodA K03588	0	0	0	0	0	0	0	0	1	0	0
rodA K05837	1	1	1	1	1	2	2	1	0	0	0
rodA2	0	0	0	0	0	1	0	0	0	0	0
rodZ K15539	0	0	0	0	0	0	0	0	0	0	1
rof K19000	0	0	0	0	0	0	0	0	0	0	1
rofA	0	0	0	0	0	0	1	0	0	0	0
romA	0	0	0	1	0	0	0	0	0	0	0
ropB	0	0	0	0	0	0	1	0	0	0	0
rpe K01783	1	1	1	0	1	1	1	1	1	0	1
rpfB K21688	0	0	0	0	0	0	0	0	1	0	0
rph K00989	0	0	0	0	0	0	1	0	1	1	2
rpiA K01807	0	0	0	1	0	0	1	0	1	0	1
rpiB K01808	1	1	1	1	1	1	0	1	0	0	0
rpl	0	0	0	0	0	0	1	0	0	0	0
rplA K02863	1	1	1	1	1	1	1	1	1	1	1
rplB K02886	2	1	1	1	1	2	1	1	1	1	1
rplC K02906	1	1	1	2	1	1	1	2	1	1	1
rplD K02926	1	1	1	1	1	1	1	1	2	1	1
rplE K02931	1	1	1	1	1	2	1	1	1	2	1
rplF K02933	1	1	1	1	1	2	1	1	1	1	1
rplI K02939	1	2	1	1	1	1	1	2	1	1	1
rplJ K02864	1	1	1	1	1	1	1	1	1	1	1
rplK K02867	1	1	1	1	1	1	1	1	1	1	1
rplL K02935	1	1	1	1	1	1	1	1	1	1	1
rplM K02871	1	1	1	1	1	1	1	1	1	1	1
rplN K02874	1	1	1	1	1	1	1	2	1	1	1
rplO K02876	1	1	1	1	2	1	1	1	1	1	1
rplP K02878	0	1	1	1	1	1	1	0	1	0	1
rplQ K02879	1	1	1	1	1	1	1	1	1	1	1
rplR K02881	1	1	1	1	1	0	1	1	1	0	1
rplS K02884	1	1	1	1	1	1	1	1	1	1	1
rplT K02887	1	1	1	1	1	1	1	1	1	1	1
rplU K02888	2	1	1	1	1	1	1	1	1	1	1
rplV K02890	1	1	1	2	1	1	1	1	1	0	1
rplW K02892	1	1	1	1	1	1	1	1	0	1	1
rplX K02895	1	1	1	1	1	0	1	0	1	1	1
rplY K02897	0	0	0	0	0	0	0	0	0	0	1
rpmA K02899	1	1	1	1	1	0	1	1	1	1	1
rpmB K02902	1	0	1	1	1	1	1	1	1	1	2
rpmC K02904	1	1	1	1	1	1	1	1	1	0	1
rpmD K02907	1	1	1	1	0	1	1	1	1	0	1
rpmE K02909	0	0	1	0	1	1	0	0	1	0	1
rpmE2 K02909	0	1	0	1	0	0	1	1	0	0	1
rpmF K02911	0	1	1	1	1	0	1	1	1	1	1
rpmG K02913	0	1	1	1	1	0	3	1	1	1	0
rpmH K02914	1	1	1	1	1	1	1	1	0	0	1
rpmI K02916	1	1	1	1	1	0	1	1	1	0	1
rpmJ K02919	0	1	0	1	0	0	1	1	0	0	2
rpnD	0	0	0	0	0	0	0	0	0	0	1
rpoA K03040	2	1	1	1	1	1	1	1	1	1	1
rpoB K03043	1	1	1	1	1	1	1	1	1	1	0
rpoC K03046	1	1	1	1	1	1	1	1	1	1	0
rpoD K03086	0	1	0	1	0	0	0	2	0	0	1
rpoE K03048	0	0	0	0	0	0	1	0	0	0	0
rpoE K03088	0	1	0	1	0	0	0	2	0	0	1
rpoE3 K03088	0	0	0	2	0	0	0	0	0	0	0
rpoH K03089	0	0	0	0	0	0	0	0	0	0	1
rpoN K03092	0	1	1	1	0	0	1	2	0	0	2
rpoS K03087	0	0	0	0	0	0	0	0	0	0	1
rpoZ	0	1	0	0	0	0	0	1	0	0	0
rpoZ K03060	1	0	1	0	0	0	1	0	0	0	1
rprX K07636	0	0	0	1	0	0	0	1	0	0	0
rprY	0	0	0	1	0	0	0	1	0	0	0
rpsA K02945	1	1	0	1	0	1	1	1	1	0	1
rpsB K02967	1	1	1	1	1	1	1	1	1	1	1
rpsC K02982	1	1	1	1	1	1	1	2	1	1	1
rpsD K02986	1	1	1	1	1	2	1	1	0	0	1
rpsE K02988	1	1	1	1	1	1	1	1	1	1	1
rpsF K02990	1	1	1	1	1	1	1	1	1	0	2
rpsG K02992	1	1	1	1	1	1	1	1	1	0	1
rpsH K02994	1	1	1	1	1	1	1	1	1	0	1
rpsI K02996	1	1	1	1	1	1	1	1	1	1	1
rpsJ K02946	0	0	1	0	1	0	1	0	1	0	1
rpsK K02948	1	1	1	0	1	0	1	1	1	1	1
rpsL K02950	1	1	1	1	1	1	0	1	1	0	1
rpsM K02952	1	0	1	1	1	1	1	1	1	1	1
rpsN K02954	1	1	0	1	1	0	2	1	1	1	1
rpsO K02956	1	1	1	1	1	1	1	0	1	1	1
rpsP K02959	1	1	1	1	1	1	1	1	1	0	1
rpsQ K02961	1	1	1	1	1	1	1	1	1	1	0
rpsR K02963	1	0	1	1	1	1	1	1	1	0	1
rpsS K02965	1	1	1	0	1	0	1	1	1	1	1
rpsT K02968	1	1	1	1	1	1	1	1	1	1	1
rpsU K02970	0	1	1	1	1	0	1	1	0	0	1
rraA K02553	0	0	0	0	0	0	0	0	0	0	1
rraB K09893	0	0	0	0	0	0	0	0	0	0	1
rrmA K00563	0	0	0	0	0	0	0	0	0	0	1
rrmA K00563 K10947	0	0	0	0	0	0	1	0	0	0	0
rrmJ K06442	1	0	1	0	1	1	1	0	0	0	0
rrp1 K02483	0	0	0	0	0	0	1	0	0	0	0
rsbW K04757	0	0	0	1	0	0	0	0	0	0	0
rsd K07740	0	0	0	0	0	0	0	0	0	0	1
rseA K03597	0	0	0	0	0	0	0	0	0	0	1
rseB K03598	0	0	0	0	0	0	0	0	0	0	2
rseP K06399 K11749	0	0	0	0	0	0	0	0	0	2	0
rseP K11749	1	2	1	1	1	1	1	1	0	0	1
rsfS K09710	1	1	1	1	1	1	1	1	1	1	1
rsgA K06949	1	1	1	1	0	1	1	1	0	1	1
rsgA_2 K06949	0	0	0	0	0	0	1	0	0	0	0
rsiV	0	0	0	0	0	1	0	0	0	0	0
rsmC K00564	0	0	0	0	0	0	1	0	1	0	1
rsmD K08316	1	1	1	1	1	1	1	1	1	0	2
rsmE K09761	1	1	1	1	1	1	1	1	0	0	2
rsmF	1	1	0	1	1	0	1	1	0	0	0
rsmF K11392	0	0	0	0	0	0	0	0	0	0	1
rsmG K03501	1	2	1	1	0	1	1	1	1	0	1
rsmH K03438	1	1	1	0	1	1	1	1	1	2	1
rsmH2 K03438	1	0	0	0	0	1	0	0	0	0	0
rsmI K07056	1	1	1	2	1	1	1	1	1	1	1
rsmI_1 K07056	0	1	0	1	0	0	0	0	0	0	0
rsmJ K03428 K07003 K15984	0	0	0	0	0	1	0	0	0	0	0
rsmJ K15984	1	0	0	0	0	0	0	0	0	0	0
rspA K08323	1	0	0	0	0	0	1	0	0	0	2
rssA K07001	0	0	0	0	0	0	0	0	0	0	1
rssB K02485 K07315	0	0	0	0	0	0	0	0	0	0	1
rstA K07661	0	0	0	0	0	0	0	0	0	0	1
rstB K07639	0	0	0	0	0	0	0	0	0	0	1
rsuA K06183	1	0	1	0	1	1	2	0	0	0	1
rtcA K01974	0	0	0	0	0	0	0	0	0	0	1
rtcB K14415	0	0	0	1	0	0	0	0	0	0	1
rtcB K14415 K18148	0	0	0	0	0	0	0	0	0	0	2
rtcR K14414	0	0	0	0	0	0	0	0	0	0	1
rteC	0	0	0	1	0	0	0	1	0	0	0
rtn	0	0	0	0	0	0	0	0	0	0	1
rtxA K10953	1	0	0	0	0	0	0	0	0	0	0
rub K05297	0	0	1	0	0	0	0	0	0	0	0
rubR	0	2	0	1	0	0	0	0	0	0	0
rumA K03215	4	1	1	1	2	5	0	1	1	0	0
rumA_1 K00557 K03215	0	0	0	0	0	0	1	0	0	0	0
rumA_2 K03215	0	0	0	0	0	0	1	0	0	0	0
rusA	2	0	0	0	0	0	0	0	0	0	0
rutG K02824 K03458	0	0	0	0	0	0	0	0	1	0	0
rutR K09017	0	0	0	0	0	0	0	0	0	0	1
ruvA K03550	1	1	1	1	0	2	1	1	1	1	0
ruvB K03551	1	1	1	1	2	1	1	1	1	1	1
ruvC K01159	0	1	1	1	1	0	0	1	0	1	1
ruvX K07447	0	1	0	1	0	0	0	1	0	0	0
sacC K03332	0	0	0	2	0	0	0	1	0	0	0
safA	0	0	0	0	0	1	0	0	0	0	0
safC	0	0	0	0	0	0	0	0	1	0	0
sagE K07052	0	1	0	0	0	0	0	0	0	0	0
sagG K01990	0	0	0	0	0	0	1	0	0	0	0
sanA K03748	0	0	0	1	0	0	0	0	0	0	1
sapA K19226	0	0	0	0	0	0	0	0	0	0	1
sapD K02031 K02032 K13892 K13896 K19229 K19230	0	0	0	0	0	0	0	0	0	0	1
sapF K02031 K02032 K13892 K13896 K19229 K19230	0	0	0	0	0	0	0	0	0	0	1
sasP K06421	1	0	0	0	0	2	0	0	0	0	0
sbcB K01141	0	0	0	0	0	0	0	0	0	0	1
sbcC K03546	1	0	0	1	1	1	1	1	0	0	1
sbcD K03547	1	0	0	1	1	1	1	1	0	0	1
sbmA K17938	0	0	0	0	0	0	0	0	0	0	1
sbmC K07470	0	0	0	0	0	0	0	0	0	0	1
sbp	0	0	0	0	0	0	0	0	1	0	0
sbp K02048	0	0	0	0	0	1	0	0	0	0	1
sca1	0	0	0	0	0	0	0	0	0	0	1
scfA	0	0	1	0	1	1	0	0	0	0	0
scfB K06871	1	0	1	0	1	1	0	0	0	0	0
scpA K01847 K01848	0	0	0	0	0	0	0	0	0	0	1
scpA K05896	1	0	1	0	1	1	1	0	0	0	0
scpB K06024	1	0	1	0	1	1	1	0	0	0	0
scpC K01067 K18118	0	0	0	1	0	0	0	0	0	1	0
scpC K18118 K22214	0	0	0	0	0	0	0	0	0	0	2
scrK K00847	0	0	0	0	0	0	2	0	0	0	0
scrL	0	0	0	0	0	0	0	1	0	0	0
scrR K02525 K02529 K03484	0	0	1	0	0	0	0	0	0	0	0
scrR K03484	0	0	0	0	0	0	1	0	0	0	0
scrT	0	0	0	0	0	0	0	0	1	0	0
sdaA K01752	0	1	0	1	0	0	0	1	1	0	2
sdaAA K01752	1	0	1	0	1	1	1	0	0	0	0
sdaAB K01752	1	0	1	0	1	1	1	0	0	0	0
sdaB K01752	0	0	0	0	0	0	0	0	0	0	3
sdhA K00239	0	1	1	1	0	0	0	2	0	0	1
sdhA K00239 K00244	1	0	0	0	1	0	0	0	0	0	0
sdhA K00239 K00278	0	0	0	0	0	0	0	0	1	0	0
sdhB K00240	1	0	0	0	1	0	0	0	1	0	1
sdhC K00241	0	1	0	1	0	0	0	1	0	0	1
sdiA K07782 K15852 K19666 K19734	0	0	0	0	0	0	0	0	0	0	1
sdpI	1	0	0	0	0	0	0	0	0	0	0
sdrC K07177	0	0	0	0	0	0	0	0	1	0	0
secA K03070	1	2	1	1	1	1	1	1	1	1	1
secA2 K03070	0	0	0	0	0	0	1	0	0	0	0
secA_2	1	0	0	0	0	1	0	0	0	0	0
secB K03071	0	0	0	0	0	0	0	0	0	0	1
secD K03072	0	0	0	0	0	0	0	0	0	0	1
secD K03072 K12257	1	1	1	1	1	1	0	1	0	0	0
secD K12257	0	0	0	0	0	0	0	0	0	1	0
secE K03073	1	1	1	0	1	1	1	1	1	0	1
secF K03074	0	0	1	0	0	0	0	0	0	0	1
secG K03075	0	1	1	1	1	1	1	1	0	0	1
secM K13301	0	0	0	0	0	0	0	0	0	0	1
secY K03076	1	1	1	1	1	1	1	1	1	1	1
secY2 K03076	0	0	0	0	0	0	1	0	0	0	0
selA K01042	1	0	1	0	0	0	2	0	0	0	1
selB K03833	1	0	0	0	0	0	0	0	0	0	1
selD K01008	1	0	1	0	1	1	0	0	0	0	0
selU K06917	0	0	0	0	0	0	0	0	0	0	1
senX3 K07768	0	0	0	0	0	0	0	0	1	0	0
sepA	0	0	0	0	0	0	0	0	0	1	0
sepF K09772	1	0	1	0	1	1	1	0	1	0	0
seqA K03645	0	0	0	0	0	0	0	0	0	0	1
serA K00058	0	0	0	0	0	0	1	0	1	0	1
serB K01079	0	1	0	1	0	0	0	0	1	0	1
serC K00831	1	1	1	1	1	1	1	1	1	0	1
serS K01875	1	1	1	1	1	1	1	1	1	0	2
setB K03291	0	0	0	0	0	0	0	0	0	0	2
sfp	0	1	0	1	0	0	0	0	0	0	0
sfp K06133	0	0	1	0	0	1	0	0	0	0	0
sfsA K06206	1	0	0	0	1	0	1	0	0	0	1
sfsB K07724	0	0	0	0	0	0	0	0	0	0	1
sgbE K03077	0	0	0	0	0	0	0	0	0	0	1
sgbU K03079	0	0	0	0	0	0	0	0	0	0	1
sgrR K11925	0	0	0	0	0	0	0	0	0	0	1
sgrT	0	0	0	0	0	0	0	0	0	0	1
shetA K11041	0	0	0	0	0	0	1	0	0	0	0
shiA K08172	0	0	0	0	0	0	0	0	0	0	1
siaP K21395	0	0	0	0	0	1	0	0	0	0	0
sigA K03086	1	0	1	0	2	1	1	0	1	1	0
sigD K02405	0	0	0	0	0	0	1	0	0	0	0
sigE K03091	1	0	1	0	0	1	0	0	0	0	0
sigF K03091	1	0	0	0	1	1	0	0	0	0	0
sigG K03091	1	0	1	0	1	1	0	0	0	0	0
sigH K03088	0	0	0	0	0	0	0	0	1	0	0
sigH K03091	1	0	1	0	0	1	0	0	0	0	0
sigK K03091	1	0	1	0	0	1	0	0	0	0	0
sigR_3 K03088	0	0	0	3	0	0	0	0	0	0	0
sigV K03088	0	0	0	0	0	1	0	0	0	0	0
sigW K03088	0	0	0	0	0	0	0	1	0	0	0
sipW K13280	0	0	0	0	0	0	1	0	0	0	0
sirB2	0	0	0	0	0	0	0	0	0	0	1
sirR K03709	0	0	0	0	0	0	1	0	0	0	0
sitB K02074 K09820 K10830 K11706 K19973	0	0	0	0	0	0	1	0	0	0	0
sixA K08296	0	0	0	0	0	0	0	0	0	0	1
skp K06142	0	0	0	0	0	0	0	0	0	0	1
sleB K01449	0	0	1	0	0	0	0	0	0	0	0
sleC	0	0	0	0	0	1	0	0	0	0	0
slmA K05501	0	0	0	0	0	0	0	0	0	0	1
slp K07285	0	0	0	0	0	0	0	0	0	0	1
slt K08309	0	0	1	0	0	0	0	0	0	0	1
slyA K06075	0	0	0	0	0	0	0	0	0	0	1
slyA3	0	0	0	0	0	0	1	0	0	0	0
slyB K06077	0	0	0	0	0	0	0	0	0	0	1
slyD K03775	0	1	0	1	0	0	0	1	0	0	1
smc K03529	1	0	1	0	1	1	1	0	0	0	0
smf K04096	0	0	0	0	0	0	0	0	0	0	1
smg K03747	0	0	0	0	0	0	0	0	0	0	1
smpB K03664	1	1	1	1	1	1	1	1	0	1	1
smtA K15460	0	1	0	1	0	0	0	0	0	0	0
snf	0	0	0	0	0	0	1	0	0	0	0
sodA K04564	0	0	1	0	0	0	1	0	0	0	0
sodB K04564	0	0	0	1	0	0	0	0	0	0	1
sodC K04565	0	0	0	0	0	0	0	0	0	0	1
sohA K19156	0	0	0	0	0	0	0	0	0	0	1
sohB K04774	0	0	0	0	0	0	0	0	0	0	1
soj K03496	1	1	2	0	1	2	1	1	1	0	0
soj_1 K03496	0	0	0	0	0	0	0	1	0	0	0
solA K02846	0	0	0	0	0	0	0	0	0	0	2
sotB K03445 K08159	0	0	0	0	0	0	0	0	0	0	2
soxR K13639	0	0	0	0	0	0	0	0	0	0	1
soxS K13631	0	0	0	0	0	0	0	0	0	0	1
speA K01585	1	2	0	1	1	2	0	1	0	0	1
speA_1 K01585	1	0	0	0	0	0	0	0	0	0	0
speB K01479 K01480	0	0	0	0	0	0	0	0	0	0	1
speB K01480	2	1	0	0	2	0	0	0	0	0	0
speC K01581	0	0	0	0	0	0	0	0	0	0	1
speD K01611	0	0	0	0	0	0	0	0	0	0	1
speE K00797	0	0	0	0	0	1	0	0	0	0	1
speF K01581	0	0	0	0	0	0	0	0	0	0	1
speG K00657	0	1	0	1	0	0	0	1	0	0	1
sphX K02040	0	0	0	0	0	0	0	0	0	0	1
spi K03100	0	0	0	0	0	0	1	0	0	0	0
spk1 K01921 K08884 K12132	0	1	0	1	0	0	0	1	0	0	0
spl K21471	0	0	0	0	0	0	1	0	0	0	0
spmA K06373	0	0	1	1	0	1	0	1	0	0	0
spmB K06374	0	0	1	0	0	1	0	0	0	0	0
spo0A K03413 K07699	1	0	1	0	0	1	0	0	0	0	0
spo0A K07699	0	0	0	0	1	0	0	0	0	0	0
spo0J K03497	1	0	0	0	1	1	1	0	0	0	0
spoIIAA K06378	1	0	1	0	1	1	0	0	0	0	0
spoIIAB K06379	1	0	1	0	1	1	0	0	0	0	0
spoIID K06381	1	0	1	0	1	1	0	0	0	0	0
spoIIE K06382	1	0	1	0	1	1	0	0	0	0	0
spoIIGA K06383	1	0	0	0	0	0	0	0	0	0	0
spoIIIAA K06390	1	0	1	0	1	1	0	0	0	0	0
spoIIIAC K06392	1	0	1	0	1	0	0	0	0	0	0
spoIIIAD K06393	1	0	1	0	1	2	0	0	0	0	0
spoIIIAE K06394	1	0	1	0	1	1	0	0	0	0	0
spoIIIAG K06396	1	0	1	0	1	1	0	0	0	0	0
spoIIIAH K06397	1	0	1	0	0	0	0	0	0	0	0
spoIIID K06283	1	0	1	0	1	1	0	0	0	0	0
spoIIIE K03466	0	0	1	0	1	0	0	0	0	0	0
spoIIP K06385	1	0	1	0	1	1	0	0	0	0	0
spoIIR K06387	0	0	1	0	2	1	0	0	0	0	0
spoIVA K06398	1	0	1	0	1	1	0	0	0	0	0
spoIVB K06399	1	0	1	0	1	1	0	0	0	0	0
spoT K00951 K01139	0	0	0	0	0	0	0	0	0	0	1
spoT K07816	0	0	0	0	0	1	0	0	0	0	0
spoU	0	2	0	1	0	0	0	1	0	0	0
spoU K03216	0	0	0	0	0	0	0	0	1	0	0
spoU K03437	1	0	1	1	1	1	1	1	0	0	0
spoU2	0	0	0	0	0	0	0	0	1	0	0
spoVAA K06403	1	0	0	0	0	1	0	0	0	0	0
spoVAC K06405	1	0	1	0	1	1	0	0	0	0	0
spoVAD K06406	1	0	1	0	1	1	0	0	0	0	0
spoVAE K06407	1	0	1	0	1	1	0	0	0	0	0
spoVB K06409	1	0	1	0	1	1	0	0	0	0	0
spoVB1 K06409	1	0	0	0	0	1	0	0	0	0	0
spoVD K03587 K08384	1	0	1	0	2	1	0	0	0	0	0
spoVE K03588	0	1	0	0	0	0	0	0	0	0	0
spoVFA K06410	0	0	1	0	0	0	0	0	0	0	0
spoVFB K06411	0	0	1	0	1	0	0	0	0	0	0
spoVG	0	0	1	0	0	0	0	0	0	0	0
spoVG K06412	1	0	0	0	0	1	0	0	0	0	0
spoVG1 K06412	0	0	0	0	0	1	0	0	0	0	0
spoVT K04769	1	0	1	0	1	1	0	0	0	0	0
sppA K04773	0	3	0	1	0	0	1	1	0	0	1
spr K13694	0	0	0	0	0	0	0	0	0	0	1
spr7 K19224 K21471	0	0	0	0	0	0	2	0	0	0	0
sprA	0	0	0	0	0	0	0	2	0	0	0
sprE	0	0	0	0	0	0	0	1	0	0	0
sprT	0	0	0	0	0	0	0	0	0	1	0
sprT K02742	0	0	0	0	0	0	0	0	0	0	1
spsF K07257	0	0	0	0	0	1	0	0	0	0	0
spx2 K16509	0	0	0	0	0	0	1	0	0	0	0
spxA K00537	0	0	1	0	0	1	0	0	0	0	0
spxA K16509	0	0	0	0	0	0	1	0	0	0	0
spy K06006	0	0	0	0	0	0	0	0	0	0	1
sra K02972	0	0	0	0	0	0	0	0	0	0	1
srkA	0	0	0	0	0	0	0	0	0	0	1
srlA K02783	0	0	0	0	0	0	0	0	0	0	1
srlB K02781	0	0	0	0	0	0	1	0	0	0	1
srlD K00068 K03366	0	0	0	0	0	0	0	0	0	0	1
srlE K02782 K02783	0	0	0	0	0	0	0	0	0	0	1
srlR K02468	0	0	0	0	0	0	0	0	0	0	1
srmB K05590	0	0	0	0	0	0	0	0	0	0	1
srrA K07657 K07658	0	1	0	1	0	0	0	0	0	0	0
srrA_2	2	0	0	0	0	2	0	0	0	0	0
srrA_6	1	0	0	0	0	1	0	0	0	0	0
srtA K07284	0	0	0	0	0	0	1	0	0	0	0
srtB	0	0	0	0	0	1	0	0	0	0	0
srtB K07284	0	0	0	0	0	0	0	0	1	0	0
srtB K08600	2	0	1	0	1	1	0	0	0	0	0
srtC K07284	0	0	0	0	0	0	1	0	0	0	0
ssb K03111	2	1	2	1	2	1	2	1	1	0	1
ssb1	1	0	0	0	0	1	0	0	0	0	0
ssb1 K03111	3	0	0	0	0	0	0	0	0	0	0
ssb2 K03111	0	0	0	0	0	0	0	0	1	0	0
sseA K01011	0	0	0	0	0	0	0	0	0	0	1
sseB	0	0	0	0	0	0	0	0	0	0	1
ssnA	0	0	0	0	0	0	0	0	0	0	1
ssnA K20810	1	0	1	0	0	0	0	0	0	0	0
sspA K03599	0	0	0	0	0	0	0	0	0	0	1
sspB K03600	0	0	0	0	0	0	0	0	0	0	1
sstT	0	1	0	1	0	0	0	0	0	0	0
sstT K07862	1	0	0	0	1	0	0	0	1	0	1
ssuB K15555	0	0	0	0	0	0	0	0	0	0	1
ssuB_2 K02049	1	0	0	0	0	0	0	0	0	0	0
ssuC_2 K02050	1	0	1	0	0	2	0	0	0	0	0
ssuD K04091	0	0	0	0	0	0	0	0	0	0	3
ssuE K00299	0	0	0	0	0	0	0	0	0	0	1
steT K03294	0	0	2	0	0	0	0	0	0	0	0
stfP	0	0	0	0	0	0	0	0	0	0	1
stfR	0	0	0	0	0	0	0	0	0	0	1
sthA K00322	0	0	0	0	0	0	0	0	0	0	1
stp K20074	0	0	1	0	0	1	1	0	0	0	0
stpA K03746 K11685	0	0	0	0	0	0	0	0	0	0	1
strK K01077 K04342	0	0	0	0	0	0	0	0	1	0	0
sua K07566	1	0	1	0	1	1	0	0	0	0	0
sucA K00164	0	0	0	0	0	0	0	0	0	0	1
sucB K00658	0	0	0	0	0	0	0	0	0	0	1
sucC K01903	0	0	0	1	0	0	0	0	2	1	0
sucD K01902	0	0	0	1	0	0	0	0	0	1	0
sufA K05997 K13628	0	0	0	0	0	0	0	0	0	0	1
sufB K07033 K09014	0	0	0	0	0	0	1	0	0	0	0
sufB K09014	0	1	0	2	0	0	0	1	1	0	2
sufC K09013	0	1	0	0	0	0	1	1	1	0	0
sufD K07033 K09015	0	0	0	0	0	0	1	0	0	0	0
sufD K09015	0	1	0	1	0	0	0	1	1	0	0
sufE K02426	0	1	0	1	0	0	0	1	0	0	0
sufS K01766 K11717	0	0	0	0	0	0	0	0	0	0	1
sufS K11717	0	1	0	1	0	0	1	1	1	0	0
sugE K03297 K11741	0	0	0	0	0	0	0	0	0	0	1
sugE K11741	0	1	0	1	0	0	0	1	0	0	0
suhB K01092	0	0	0	1	0	0	1	0	0	0	1
sulP K03321	0	0	0	1	0	2	0	1	0	0	0
sun K03500	1	0	1	0	2	1	1	0	0	0	1
sun K03500 K11392	0	0	0	0	0	0	0	0	0	1	0
sunS	1	0	1	0	0	0	0	0	0	0	0
supH	0	0	0	0	0	0	1	0	0	1	0
supH K07757 K20861	0	0	0	0	0	0	0	0	0	0	1
surA K03771	0	1	0	1	0	0	0	1	0	0	1
surE K03787	0	1	0	1	0	1	0	1	0	0	1
susB K01187 K21574	0	0	0	2	0	0	0	0	0	0	0
susC K21573	0	0	0	0	0	0	0	2	0	0	0
sxy K07343	0	0	0	0	0	0	0	0	0	0	1
syd K15723	0	0	0	0	0	0	0	0	0	0	1
tabA K19334	0	0	0	0	0	0	0	0	0	0	1
tabA_1	0	0	0	1	0	0	0	0	0	0	0
tabA_2	0	1	0	1	0	0	0	0	0	0	0
tadA K01485 K11991	0	0	0	0	0	0	0	0	1	0	0
tadA K11991	1	1	1	0	1	1	1	1	0	1	1
tadB K12510	1	0	0	0	0	1	0	0	0	0	0
tag K01246	0	1	1	1	1	0	1	0	0	0	1
tagA K05946	0	0	0	0	0	0	1	0	0	0	0
tagB K21285	0	0	0	0	0	0	1	0	0	0	0
tagD	1	0	0	0	0	0	0	0	0	0	0
tagD K00968 K00980	0	0	0	0	0	0	1	0	0	0	0
tagD K00980	1	0	0	0	0	0	0	0	0	1	0
tagF1 K09809 K21591	0	0	0	0	0	0	1	0	0	0	0
tagG K09692	0	0	0	0	0	0	1	0	0	0	0
tagH K01990 K09691 K09693	1	0	0	0	0	0	0	0	0	0	0
tagH K09693	0	0	0	0	0	0	1	0	0	0	0
tagL K01126 K01179 K13735 K21449	0	1	0	0	0	0	0	0	0	0	0
tagL K21449	0	1	0	0	0	0	0	0	0	0	0
tagO	0	0	0	1	0	0	0	0	0	0	0
tagO K02851	0	0	0	0	0	0	1	0	0	0	0
tagX K09809	0	0	0	0	0	0	1	0	0	0	0
tal K00616	1	0	0	0	0	1	0	0	1	0	0
tal K00616 K08313 K08314	0	0	1	0	0	0	0	0	0	0	0
tal K00616 K08314	0	2	0	1	0	0	0	0	0	0	0
tam K00598	0	0	0	0	0	0	0	0	0	0	1
tar K03406 K05874 K05875	0	0	0	0	0	0	0	0	0	0	1
tas	0	0	0	0	0	0	0	0	0	0	1
tas3 K19265	0	0	0	0	0	0	1	0	0	0	0
tatA K03116	0	1	0	1	0	0	0	0	0	1	1
tatA K03116 K03117 K03425	0	0	0	0	1	0	0	0	0	0	0
tatB K03117	0	0	0	0	0	0	0	0	0	0	1
tatC K03118	0	1	0	1	1	0	0	0	0	1	0
tatD K03424	0	2	1	1	1	0	1	1	1	0	2
tatE K03425	0	0	0	0	0	0	0	0	0	0	1
tauA K15551	0	0	0	0	0	0	0	0	0	0	1
tauB K10831	0	0	0	0	0	0	0	0	0	0	1
tauC K15552	0	0	0	0	0	0	0	0	0	0	1
tauD K03119	0	0	0	0	0	0	0	0	0	0	1
tbpA K02064	0	0	0	0	0	0	0	0	0	0	1
tcaB K07552	0	0	0	0	0	0	1	0	0	0	1
tcsA K02058 K07335	0	0	0	0	0	0	1	0	0	0	0
tcsR3	0	0	0	0	0	0	0	0	1	0	0
tcsS3	0	0	0	0	0	0	0	0	1	0	0
tcyA K02424	0	0	0	0	0	1	0	0	0	0	0
tcyB K02029	1	0	1	0	1	0	0	0	0	0	0
tcyC K02028 K02029	0	0	0	0	0	0	0	0	1	0	0
tcyN K02028 K16960	1	0	0	0	0	0	0	0	0	0	0
tcyN K10010 K16960	0	0	0	0	1	0	0	0	0	0	0
tcyP K06956	0	0	0	0	0	0	1	0	0	0	0
tdcA K07592	0	0	0	0	0	0	0	0	0	0	1
tdcB K01754	0	0	0	0	0	0	1	0	0	0	1
tdcC K03838	0	0	0	0	0	0	0	0	0	0	1
tdcE K00656	0	0	0	0	0	0	0	0	0	0	2
tdh K00060	0	0	0	0	0	0	0	0	0	1	0
tdk K00857	1	1	0	0	1	0	1	1	0	0	1
tehA K03304	0	0	0	0	0	0	0	0	0	0	2
tehB K16868	0	0	0	0	1	0	0	0	0	0	0
tenA K03707	0	0	0	0	0	0	0	0	1	0	0
tenI K00788	0	0	0	0	0	1	0	0	0	0	0
tepA K01358	1	0	1	0	1	1	0	0	0	0	0
terC K05794	0	0	0	0	0	0	0	0	1	0	0
terD_2 K05795	0	0	0	0	0	1	0	0	0	0	0
tesA K10804	0	0	0	0	0	0	0	0	0	0	1
tesB K10805	0	0	0	0	0	0	0	0	1	0	1
tesC K12500	0	0	0	0	0	0	0	0	0	0	1
tetM K18220	0	0	0	0	0	0	0	0	1	0	0
tetP	1	0	1	0	2	1	0	0	0	0	0
tetP K18220	0	0	0	1	0	0	0	0	0	0	0
tetR3 K18476	0	0	0	0	0	0	1	0	0	0	0
tex K06959	0	0	0	0	0	0	1	0	0	0	0
tfaE	0	0	0	0	0	0	0	0	0	0	2
tgt K00773	1	1	1	1	1	1	1	1	1	1	1
thi4 K03146	0	0	0	0	0	0	0	1	0	0	0
thiC K03147	0	0	1	1	1	1	0	2	1	0	1
thiD K00868	0	0	0	0	0	0	1	0	0	0	0
thiD K00868 K00941	0	0	1	0	0	0	0	0	0	0	0
thiD K00941	1	1	0	3	1	1	0	1	1	0	0
thiE K00788	1	0	1	2	1	1	0	3	0	0	0
thiE K00788 K14153	0	0	0	0	0	0	0	0	0	0	1
thiF K03148	0	0	0	0	0	0	0	0	1	0	0
thiF K03148 K21029	0	0	0	0	0	0	0	0	0	0	1
thiF K22132	1	0	1	0	1	1	0	0	0	0	0
thiG K03149	0	0	0	1	0	1	0	0	1	0	2
thiH K03150	0	0	0	1	0	1	0	0	0	0	1
thiI K03151	1	0	1	0	1	1	1	0	0	0	1
thiK K07251	0	0	0	0	0	0	0	0	0	0	1
thiL K00946	0	1	0	1	0	0	0	1	0	1	1
thiM K00878	0	0	1	0	1	1	0	0	1	2	1
thiN K00949	1	0	0	0	1	1	1	1	0	0	0
thiP K02063	0	0	0	0	0	0	0	0	0	0	1
thiQ K02062	0	0	0	0	0	0	0	0	0	0	1
thiS	0	0	0	0	0	1	0	0	0	0	0
thiS K03154	0	0	0	1	0	1	0	0	1	0	0
thiT K16789	0	0	0	0	0	0	1	0	0	0	0
thiW	0	0	1	0	1	1	0	0	0	0	0
thlA K00626	0	0	1	0	2	1	0	0	0	0	0
thrA K00928	1	0	0	0	0	1	0	0	0	0	0
thrA K12524	0	0	0	1	0	0	0	1	0	0	0
thrA K12524 K12525	0	0	0	0	0	0	0	0	0	0	1
thrB K00872	0	1	1	0	1	0	1	0	1	0	0
thrC K01733	1	1	1	1	2	1	1	0	1	0	0
thrH K02203	1	0	0	0	0	1	0	0	0	0	0
thrS K01868	1	1	1	1	1	2	1	1	1	1	1
thyA K00560	1	1	0	1	0	0	1	2	1	0	1
thyX K03465	0	0	1	0	1	1	0	0	0	0	0
tig K03545	1	1	1	0	4	1	1	1	1	1	1
tig_1 K03545	1	0	0	0	1	0	0	0	0	0	0
tilS K00760 K04075	0	0	0	0	0	0	0	0	1	0	0
tilS K04075	1	1	1	1	2	1	0	1	0	1	1
tilS K04075 K15780	0	0	0	0	0	0	1	0	0	0	0
tkt K00615	0	1	0	2	0	0	1	1	1	0	0
tktA K00615	1	0	0	0	1	2	0	0	0	0	3
tktB K00615	2	0	2	0	1	2	0	0	0	0	0
tldD K03568	0	0	0	0	0	0	0	0	0	0	1
tlyA K06442	0	0	0	0	0	0	0	0	1	0	0
tlyC K03699	0	1	0	1	0	0	0	1	0	1	0
tmcA K06957	0	0	0	0	0	0	0	0	0	0	1
tmk K00943	0	1	1	0	1	0	1	0	1	1	0
tmpC K07335	1	0	1	0	1	0	0	0	0	0	0
tnaA K01667	0	1	1	1	0	0	0	0	0	0	1
tnaB K03834 K03835 K03836	0	0	0	0	0	0	0	0	0	0	1
tolA K03646	0	0	0	0	0	0	0	0	0	0	1
tolB K03641	0	0	0	0	0	0	0	0	0	0	1
tolC	0	0	0	1	0	0	0	0	0	0	0
tolC K12340	0	0	0	0	0	0	0	0	0	0	1
tolQ K03562	0	0	0	0	0	0	0	0	0	0	2
tomB K19162	0	0	0	0	0	0	0	0	0	0	2
tonB K03832	0	0	0	0	0	0	0	0	0	0	1
tonB2 K03832	0	0	0	1	0	0	0	1	0	0	0
topA K03168	2	1	1	1	1	3	1	1	1	0	1
topB K03169	3	0	0	1	8	4	2	2	0	0	0
topB_2 K03169	0	0	0	1	0	0	0	0	0	0	0
torD K03533	0	0	0	0	0	0	0	0	0	0	1
torS K07647	0	0	0	0	0	0	0	0	0	0	1
torY K03532 K07821	0	0	0	0	0	0	0	0	0	0	1
torZ K07306 K07309 K07310 K07811 K07812 K08351	0	0	0	0	0	0	0	0	0	0	1
tpiA K01803	1	1	1	1	1	0	1	2	2	1	1
tpx K11065	0	0	0	0	0	0	1	0	0	0	1
tqsA K11744	0	0	0	0	0	0	0	0	0	0	1
traC K12063	0	0	0	1	0	0	0	0	0	0	0
traG	0	0	0	2	0	0	0	0	0	0	0
traI K03169	1	0	0	0	0	1	0	0	0	0	0
traK K03205	0	0	0	0	0	1	0	0	0	0	0
traM	0	3	0	1	0	0	0	0	0	0	0
trbF K03200 K20531	0	1	0	0	0	0	0	0	0	0	0
treA K01194	0	0	0	0	0	0	0	0	0	0	1
treB K02818 K02819	0	0	0	0	0	0	0	0	0	0	1
treC K01182 K01187 K01226	0	0	0	0	0	0	0	0	0	0	2
treF K01194	0	0	0	0	0	0	0	0	0	0	1
treP K02817 K02818 K02819	0	0	0	0	0	0	1	0	0	0	0
treP K04844 K05342	0	0	0	0	0	0	1	0	0	0	0
trePP K00691 K03731	0	0	0	0	0	0	1	0	0	0	0
treR K03486	0	0	0	0	0	0	1	0	0	0	0
trg K03406 K05874 K05875 K05876 K05877	0	0	0	0	0	0	0	0	0	0	1
trkA K03499	1	0	1	1	1	1	0	1	1	0	1
trkA2 K03499	0	0	1	0	1	0	0	0	0	0	0
trkG K03498	0	0	0	0	0	0	0	0	0	0	1
trkH K03498	1	1	1	2	1	1	0	1	1	0	1
trmA K00557	0	0	0	0	0	0	0	0	0	0	1
trmB K03439	1	1	1	0	1	1	1	1	1	1	1
trmD K00554	0	1	1	1	2	1	1	2	1	1	0
trmFO K04094	0	0	1	1	1	0	1	0	0	0	0
trmH K00556	0	1	0	0	0	0	0	0	1	0	1
trmH K03218	0	0	0	0	0	0	1	0	0	0	0
trmH K03218 K03437	0	1	0	1	0	0	0	0	0	0	0
trmI K07442	0	0	0	0	0	0	0	0	1	0	0
trmJ K02533 K15396	0	0	0	0	0	0	0	0	0	0	1
trmK K06967	1	0	1	0	1	1	1	0	0	0	0
trmL K03216	1	0	1	0	0	1	0	0	0	0	1
trmU K00566	1	0	0	1	0	0	0	1	0	0	0
trpA K01695	1	0	0	1	0	1	0	0	1	1	1
trpB K01696	1	0	0	0	0	0	0	0	1	0	1
trpB K01696 K01817	0	0	0	1	0	1	0	0	0	0	0
trpB K06001	0	1	1	1	0	1	0	0	0	0	0
trpC K01609	1	0	0	1	0	1	0	0	0	0	0
trpD K00766	0	0	0	0	0	0	0	0	1	0	0
trpD K00766 K13497	1	0	0	1	0	1	0	0	0	0	2
trpD K13497	0	0	0	0	0	0	0	0	0	2	0
trpE K01657	1	0	0	1	0	1	0	0	1	0	0
trpE K01657 K13503	0	0	0	0	0	0	0	0	0	0	1
trpF K01696 K01817 K13498 K22100	0	0	0	0	0	1	0	0	0	0	0
trpF K01817	1	0	0	1	0	0	0	0	1	1	0
trpG K01658	1	0	0	0	0	1	0	0	0	0	0
trpG K01658 K01664	0	0	0	1	0	0	0	1	1	0	0
trpH K07053	0	0	0	0	0	0	0	0	0	0	1
trpR K03720	0	0	0	0	0	0	0	0	0	0	1
trpS K01867	2	1	1	1	1	1	1	1	0	0	0
truA K06173	2	1	1	1	1	1	2	1	1	0	1
truA1 K06173	0	0	0	0	0	1	0	0	0	0	0
truB K03177	1	1	1	1	1	1	0	1	1	1	1
truB K03177 K03483	0	0	0	0	0	0	1	0	0	0	0
truC K06175	0	0	0	0	0	0	0	0	0	0	2
truD K06176	0	0	0	0	0	0	0	0	0	0	2
trxA K00384 K03671	0	0	0	0	0	0	0	0	1	0	0
trxA K03671	2	1	2	0	1	2	1	1	0	0	1
trxA1 K03671	0	0	0	0	0	1	0	0	0	0	0
trxA2	0	0	0	2	0	0	0	0	0	0	0
trxB K00384	1	1	2	1	0	1	1	1	1	0	1
trxB1 K00384	1	0	2	0	0	0	0	0	0	0	0
trxC K03672	0	0	0	0	0	0	0	0	0	0	1
tsaA	1	0	1	0	1	0	0	0	0	0	0
tsaC K07566	0	0	0	0	0	0	0	0	0	0	1
tsaD K01409	1	1	1	1	1	1	1	1	1	1	1
tsaE K06925	0	0	0	0	0	0	0	0	1	0	0
tsf K02357	1	1	1	1	1	1	1	1	1	1	1
tsgA K06141	0	0	0	0	0	0	0	0	0	0	1
tsgB13 K02057	1	0	1	0	0	1	0	0	0	0	0
tsgC13 K02057	1	0	1	0	0	1	0	0	0	0	0
tspO K05770	0	0	0	0	0	0	1	0	0	0	0
tsr K03406 K05874 K05875 K05876 K05877	0	0	0	0	0	0	0	0	0	0	1
tsx K05517	0	0	0	0	0	0	0	0	0	0	1
ttcA	1	0	0	0	0	2	0	0	0	0	0
ttcA K14058	0	0	0	1	0	0	0	1	0	0	1
ttcA2	0	0	1	0	2	1	0	0	0	0	0
ttdA K03779	0	0	0	0	0	0	0	0	0	0	1
ttdB K01678 K03780	0	0	0	0	0	1	0	0	0	0	0
ttdR K16135 K21742	0	0	0	0	0	0	0	0	0	0	1
ttdT K11106	0	0	0	0	0	0	0	0	0	0	2
tuf K02358	1	1	1	1	1	1	1	1	1	1	2
tuf K02358 K15771	0	0	0	0	0	0	1	0	0	0	0
tus K10748	0	0	0	0	0	0	0	0	0	0	1
tusA K04085	0	0	0	0	0	0	0	0	0	0	1
tusB K07237	0	0	0	0	0	0	0	0	0	0	1
tusE K11179	0	0	0	0	0	0	0	0	0	0	1
tvaI	1	0	0	0	0	1	0	0	0	0	0
typA K06207	1	2	1	1	1	1	1	2	1	0	1
tyrA K00210	0	0	0	1	0	0	0	0	0	0	0
tyrA K00210 K04517	0	0	0	0	0	0	0	0	1	0	0
tyrA K04092	0	0	0	0	0	0	0	0	1	0	0
tyrA K04517	1	2	1	0	0	1	1	0	0	0	0
tyrB K00832	0	0	0	0	0	0	0	0	0	0	1
tyrP K03834	0	0	0	0	0	0	0	0	0	0	1
tyrR K03721	0	0	0	0	0	0	0	0	0	0	1
tyrS K01866	1	1	1	1	1	1	1	1	1	0	1
ubiA	0	0	0	0	0	1	0	0	0	0	0
ubiA K02548	0	0	0	0	0	0	1	0	0	0	0
ubiA K03179	0	0	0	0	0	0	0	0	0	0	1
ubiB K03688	0	0	0	0	0	0	1	0	0	0	1
ubiC K03181	0	0	0	0	0	0	0	0	0	0	1
ubiD K03182	0	0	0	0	0	0	0	0	0	0	1
ubiE K03183	0	0	0	0	0	0	0	0	0	0	1
ubiE_2	0	0	0	0	0	0	1	0	0	0	0
ubiF K03184	0	0	0	0	0	0	0	0	0	0	1
ubiG K00568	0	0	0	0	0	0	0	0	0	0	1
ubiX K03186	0	0	0	0	0	2	0	0	0	0	1
ucpA K00059 K18335	0	0	0	0	0	0	0	0	0	0	1
udgA K21929	0	0	1	0	1	0	0	0	0	0	0
udk K00855 K00876	0	0	0	0	0	0	0	0	0	0	1
udk K00876	1	1	0	1	1	2	1	2	0	0	0
udk2 K00876	0	1	0	1	0	0	0	1	0	0	0
udp K00757	1	1	2	1	0	0	0	1	0	0	1
ugcG K00720	0	1	0	0	0	0	0	0	0	0	0
ugd K00012	0	0	0	3	0	1	0	2	0	0	1
ugp K00963	0	0	0	0	0	0	0	0	1	0	0
ugpA K05814	0	0	0	0	0	0	0	0	0	0	1
ugpB K05813	0	0	0	0	0	0	0	0	0	0	1
ugpC K05816	0	0	0	0	0	0	0	0	0	0	2
ugpC K10112	0	0	0	0	0	0	0	0	1	0	0
ugpC_1 K10112	1	0	0	0	0	1	0	0	0	0	0
ugpQ K01126	0	0	0	0	0	0	0	0	0	0	1
uhpA	0	1	0	1	0	0	0	0	0	0	0
uhpA K07686 K07689 K20264	0	0	0	0	0	0	0	0	0	0	2
uhpB K07675 K20263	0	0	0	0	0	0	0	0	0	0	1
uhpC K07783	0	0	0	0	0	0	0	0	0	0	1
uhpC_2 K07783	0	3	0	1	0	0	0	0	0	0	0
uhpT K07784	0	0	0	0	0	0	0	0	0	0	1
uidA	0	0	0	0	0	0	1	0	0	0	0
uidA K01195	0	0	0	0	0	0	0	0	0	0	1
uidB K03292	0	0	0	1	0	0	0	0	0	0	0
uidB K03292 K16139	0	0	0	0	0	0	0	0	0	0	1
uidB_2 K03292	0	0	0	0	0	1	0	0	0	0	0
uidC K16140	0	0	0	0	0	0	0	0	0	0	1
uidR K16138	0	0	0	0	0	0	0	0	0	0	1
ulaA K02822 K03475	0	0	0	0	0	0	0	0	0	0	2
ulaD K03078	0	0	0	0	0	0	0	0	0	0	2
ulaE K03079	0	0	1	0	0	0	0	0	0	0	2
ulaF K03077	1	0	0	0	0	1	0	0	0	0	0
ulaG K03476	0	0	1	0	0	0	0	0	0	0	1
ulaR K03477	0	0	0	0	0	0	0	0	0	0	1
umuC K03502	0	0	0	1	0	0	0	0	0	0	0
ung K03648	1	1	0	1	0	1	1	1	1	0	1
ung2 K21929	0	0	0	0	0	0	1	0	0	0	0
upp K00761	1	1	1	1	1	1	1	1	1	0	1
uppP K06153	2	2	1	1	2	2	1	1	1	1	1
uppS K00806	1	1	1	1	1	0	1	1	0	0	0
uppS K00806 K14215 K21273	0	0	0	0	0	0	0	0	1	0	0
uraA K02824	1	0	0	0	0	0	0	0	0	0	1
uraA K02824 K09016	0	0	0	0	0	0	0	0	0	0	1
uraA2 K03458	0	0	1	0	0	0	0	0	0	0	0
usg K00133	0	0	0	0	0	0	0	0	0	0	1
ushA K01081	0	0	0	1	0	0	0	1	0	0	0
ushA K11751	0	0	0	0	1	0	0	0	0	0	1
uspA	0	0	0	1	0	0	1	0	1	0	0
uspA K06149	0	0	0	0	0	0	0	0	0	0	1
uspB K06144	0	0	0	0	0	0	0	0	0	0	1
uspC K14064	0	0	0	0	0	0	0	0	0	0	1
uspD K14065	0	0	0	0	0	0	0	0	0	0	1
uspE K14055	0	0	0	0	0	0	0	0	0	0	1
uspF K14061	0	0	0	0	0	0	0	0	0	0	1
uspG K11932	0	0	0	0	0	0	0	0	0	0	1
uvrA K03701	1	0	2	0	1	1	1	0	1	0	1
uvrA1 K03701	0	1	0	1	0	0	0	1	0	0	0
uvrA2 K03701	0	2	0	1	0	0	0	1	0	0	0
uvrA3 K03701	0	0	0	0	0	0	0	0	1	0	0
uvrB K03702	1	1	1	1	1	1	1	1	1	1	1
uvrB3 K07464	0	0	0	0	0	0	1	0	0	0	0
uvrC K03703	1	1	1	1	1	1	1	1	1	0	1
uvrD K03657	0	0	0	0	0	0	0	0	0	0	1
uvrD2	0	0	0	1	0	0	0	2	0	0	0
uvrD2 K03657	0	0	0	0	0	0	0	0	2	0	0
uvrY K07689	0	0	0	0	0	0	0	0	0	0	1
uxaA K01685	1	0	0	0	1	1	0	0	0	0	1
uxaA K01685 K01708	0	1	0	1	0	0	1	0	0	0	0
uxaA K01685 K16849	0	0	1	0	0	0	0	0	0	0	0
uxaB K00009 K00041	0	1	0	1	0	0	0	0	0	0	0
uxaB K00040 K00041	0	0	0	0	0	0	0	0	0	0	2
uxaB K00041	1	0	0	0	0	0	1	0	0	0	0
uxaC K01812	1	2	0	2	1	1	1	0	0	0	1
uxuA K01686	0	1	0	2	1	2	1	0	0	0	1
uxuB	0	1	0	1	0	0	0	0	0	0	0
uxuB K00040	0	0	0	0	0	0	0	0	0	0	1
uxuB_1	0	0	0	1	0	0	0	0	0	0	0
uxuR K13637	0	0	0	0	0	0	0	0	0	0	1
vWFA1	0	0	1	0	0	0	0	0	0	0	0
vacJ K04754	0	0	0	0	0	0	0	0	0	0	1
valS K01873	1	1	1	2	2	1	1	1	1	2	2
vanB K15739 K18856	0	0	0	0	0	0	1	0	0	0	0
vanR	0	0	0	0	0	0	1	0	0	0	0
vanR3	0	0	0	0	0	1	0	0	0	0	0
vanS K18350	2	0	0	0	0	0	0	0	0	0	0
vapC K18828	0	0	0	0	0	0	0	0	0	0	1
vasA K11896	0	0	0	0	0	0	0	0	0	0	3
vasD K11906	0	0	0	0	0	0	0	0	0	0	1
vasI K11909	0	0	0	0	0	0	0	0	0	0	1
vasJ K11910	0	0	0	0	0	0	0	0	0	0	1
vat K18234	0	0	1	0	0	1	1	0	0	0	0
vat_2 K18234	0	1	0	1	0	0	0	0	0	0	0
vdlC	0	0	0	1	0	0	0	0	0	0	0
veg	0	0	0	0	0	1	1	0	0	0	0
ves K09975	0	0	0	0	0	0	0	0	0	0	1
vex K02003	0	0	0	0	0	0	0	0	1	0	0
vgrG K11904	0	0	0	0	0	0	0	0	0	0	2
vicK	0	1	0	0	0	0	0	1	0	0	0
vicK K07652	0	0	0	0	0	0	1	0	0	0	0
vicX	0	0	0	1	0	0	0	1	0	0	0
vicX K00784	0	0	0	0	0	0	1	0	0	0	0
virA	0	0	0	0	0	0	0	0	0	0	1
virD2	0	0	0	0	1	0	0	0	0	0	0
virE2	0	2	0	0	0	0	0	0	0	0	0
visC K18800	0	0	0	0	0	0	0	0	0	0	1
vncS K10819 K18986	0	0	1	0	0	0	0	0	0	0	0
vorA K00175	0	1	0	1	0	0	0	1	0	0	0
vorB K00174	0	1	1	1	0	0	0	1	0	0	0
vraR K07694 K11618	0	0	0	0	0	0	1	0	0	0	0
vraS K07681 K11617	0	0	0	0	0	0	1	0	0	0	0
vsr K07458	0	1	0	1	0	0	0	2	1	0	0
waaA K02527	0	1	0	1	0	0	0	0	0	0	0
waaD K00713 K00754 K03280	0	0	0	0	0	0	0	0	0	0	1
waaK K00713 K00754 K03280	0	0	0	0	0	0	0	0	0	0	1
waaM K02517	0	1	0	1	0	0	0	1	0	0	0
wbbL K07011	0	0	0	0	0	0	0	1	0	0	0
wbbL_1 K07011	0	0	0	0	0	0	0	1	0	0	0
wbpM	0	2	0	2	0	0	0	0	0	0	0
wbpO K02474 K13015	0	1	0	0	0	0	0	1	0	0	0
wbpP K01784 K02473	0	1	0	0	0	0	0	0	0	0	0
wbsE	0	0	0	0	0	0	0	1	0	0	0
wbyL K13002	0	0	0	0	0	0	0	0	0	1	0
wcaA	0	0	0	0	0	0	0	0	0	0	1
wcaB K03819	0	0	0	0	0	0	0	0	0	0	1
wcaD K13620	0	0	0	0	0	0	0	0	0	0	2
wcaE K13683	0	0	0	0	0	0	0	0	0	0	1
wcaF K03818	0	0	0	0	0	0	0	0	0	0	1
wcaI K03208	0	0	0	0	0	0	0	0	0	0	1
wcaJ K03606	0	0	0	0	0	0	0	0	0	0	1
wcaJ_2 K00996 K03606	0	0	0	3	0	0	0	1	0	0	0
wcaK K16710	0	0	0	0	0	0	0	0	0	0	1
wcaM K16711	0	0	0	0	0	0	0	0	0	0	2
wcgX K02851	0	0	0	2	0	0	0	0	0	0	0
wcoI	0	0	0	0	0	0	0	0	1	0	0
wecA K02851	0	0	0	0	0	0	0	0	0	0	1
wecB K01791	1	1	0	1	0	0	0	1	0	0	0
wecB K01791 K08068	0	0	0	0	0	0	0	0	0	0	1
wecC K02472	0	0	0	0	0	0	0	0	0	0	1
wecD	0	1	0	0	0	0	0	0	0	0	0
wecE K02805	0	0	0	0	0	0	0	0	0	0	1
wecH	0	0	0	0	0	0	0	0	0	0	1
whiA K09762	1	0	1	0	1	1	1	0	1	0	0
whiB K18955	0	0	0	0	0	0	0	0	1	0	0
whiB2 K18955	0	0	0	0	0	0	0	0	1	0	0
wrbA K03809	0	0	0	0	0	0	0	0	0	0	1
wxcM	0	0	0	0	0	0	0	1	0	0	0
wxcN K20534	0	0	0	0	0	0	0	1	0	0	0
wza K01991	0	0	0	0	0	0	0	0	0	0	1
wzb K01104 K20945	0	0	0	0	0	0	0	0	0	0	1
wzc K08252 K08253 K16692	0	0	0	0	0	2	0	0	0	0	0
wzc K16692	0	0	0	0	0	0	0	0	0	0	1
wzxC K03328 K16695	0	0	0	0	0	0	0	0	0	0	1
wzxE K03328 K16693	0	0	0	0	0	0	0	0	0	0	1
wzyE K02853	0	0	0	0	0	0	0	0	0	0	1
wzzB K05789	0	0	0	0	0	0	0	0	0	0	1
wzzE K05790	0	0	0	0	0	0	0	0	0	0	1
xadA K21449	0	0	0	0	0	0	0	0	0	0	1
xanP	1	0	0	0	0	0	0	0	0	0	0
xanP K03458 K16345	0	0	0	0	0	0	0	0	0	0	1
xapA K00772 K03783 K03815 K19696	0	0	0	0	0	0	0	0	0	0	1
xapA K03783	0	1	0	0	0	0	0	0	0	0	0
xapB K03289 K11537	0	0	0	0	0	0	0	0	0	0	1
xapR K21757	0	0	0	0	0	0	0	0	0	0	1
xdhA K00087	1	0	1	0	0	0	0	0	0	0	1
xdhB K13479	1	0	1	0	0	0	0	0	0	0	0
xdhB K13479 K16878	0	0	0	0	0	0	0	0	0	0	2
xdhD	1	0	0	0	1	1	0	0	0	0	0
xdhD K12528	0	0	0	0	0	0	0	0	0	0	2
xerC K03733	0	1	0	1	0	0	0	1	0	0	1
xerC K03733 K04763	0	0	1	0	1	0	1	0	1	0	0
xerC K04763	1	1	0	1	0	1	0	1	0	0	0
xerD K03733 K04763	0	0	0	0	0	0	0	0	1	0	0
xerD K04763	0	0	0	0	0	0	1	0	0	0	1
xerD1 K04763	0	0	0	0	0	0	0	0	0	1	0
xerD2 K04763	0	0	0	0	0	0	1	0	0	0	0
xerS	1	0	0	0	0	0	0	0	0	0	0
xerS K03733	0	0	0	0	0	1	0	0	0	0	0
xfp K01621	0	0	0	0	0	1	1	0	1	0	0
xkdM	0	0	1	0	0	0	0	0	0	0	0
xly	0	0	0	1	0	0	0	1	0	0	0
xpt K03816	1	0	1	1	0	1	1	1	1	0	0
xseA K03601	1	2	1	1	2	1	1	1	2	0	1
xseB K03602	1	0	0	1	1	1	1	1	0	0	1
xth K01142	1	0	1	1	1	1	0	1	1	0	0
xthA K01142	0	0	0	0	0	0	0	0	0	0	1
xylA K01805	0	0	0	1	0	0	1	0	1	0	1
xylB K00854	1	0	3	1	0	1	1	0	1	0	1
xylB K01198 K01209	0	0	0	2	0	0	0	0	0	0	0
xylB_2 K00854	0	0	0	1	0	0	0	0	0	0	0
xylE K02100 K03444 K08138	0	0	0	1	0	0	0	0	0	0	0
xylF K10543	0	0	0	0	0	0	0	0	0	0	1
xylF K10543 K10820	1	0	2	0	0	0	0	0	0	0	0
xylG K02056 K10441 K10542 K10545 K10551	0	0	0	0	0	0	0	0	0	0	1
xylG K10545	0	0	2	0	0	0	0	0	0	0	0
xylH K10544 K10547	0	0	0	0	0	0	0	0	0	0	1
xylR	0	0	0	0	0	0	1	0	1	0	0
xylR K02529	0	0	0	0	0	0	0	0	0	0	1
xynA K01181	0	0	0	1	0	0	0	0	0	0	0
xynB	0	0	0	3	0	0	0	1	0	0	0
xynB K01198	0	0	0	0	0	1	0	0	0	0	0
xynBA	0	0	0	1	0	0	0	0	0	0	0
xynB_10	0	0	0	1	0	0	0	0	0	0	0
xynD K22278	0	0	0	0	0	0	3	0	0	0	0
xynT K01181	0	0	0	2	0	0	0	0	0	0	0
xynZ	0	0	0	2	0	0	0	0	0	0	0
yaaA K09861	0	1	0	1	0	0	0	1	0	0	0
yaaA K14761	1	0	1	0	1	1	1	0	0	0	0
yaaH K07034	0	0	0	0	0	0	0	0	0	0	1
yaaJ K03310	0	0	0	0	0	0	0	0	0	0	2
yaaK K09747	0	0	0	0	0	0	1	0	0	0	0
yaaN	0	0	0	0	0	0	1	0	0	0	0
yaaQ	0	0	1	0	0	0	1	0	0	0	0
yaaT	1	1	1	1	1	1	1	0	0	0	0
yaaU K08368	0	0	0	0	0	0	0	0	0	0	1
yaaW	0	0	0	0	0	0	0	0	0	0	2
yaaX	0	0	0	0	0	0	0	0	0	0	1
yabA	0	0	0	0	0	0	1	0	0	0	0
yabB K07461 K15460	0	0	0	0	0	0	1	0	0	0	0
yabE	0	0	0	0	1	0	0	0	0	0	0
yabE K02424	0	0	0	0	0	0	1	0	0	0	0
yabI	0	0	0	0	0	0	0	0	0	0	1
yabM K03328	0	0	0	0	0	0	1	0	0	0	0
yabO	0	0	0	0	0	0	1	0	0	0	0
yabP	1	0	1	0	1	1	0	0	0	0	0
yabR K07571	0	0	0	0	0	0	1	0	0	0	0
yacC	0	0	0	0	0	0	0	0	0	0	1
yacG K09862	0	0	0	0	0	0	0	0	0	0	1
yacH	0	0	0	0	0	0	0	0	0	0	1
yacL	0	0	0	0	0	0	1	0	0	0	0
yacL K09910	0	0	0	0	0	0	0	0	0	0	1
yacO K03218	1	0	1	0	1	1	0	0	0	0	0
yacP K06962	0	0	0	0	0	0	1	0	0	0	0
yadC K07350	0	0	0	0	0	0	0	0	0	0	1
yadD	0	0	0	0	0	0	0	0	0	0	1
yadE	0	0	0	0	0	0	0	0	0	0	1
yadG K01990	0	0	0	0	0	0	0	0	0	0	1
yadH K01992	0	0	0	0	0	0	0	0	0	0	1
yadI	0	0	0	0	0	0	0	0	0	0	1
yadK	0	0	0	0	0	0	0	0	0	0	1
yadL	0	0	0	0	0	0	0	0	0	0	1
yadM	0	0	0	0	0	0	0	0	0	0	1
yadN	0	0	0	0	0	0	0	0	0	0	1
yadS	0	0	0	1	0	0	0	1	0	0	1
yadV K15540	0	0	0	0	0	0	0	0	0	0	1
yaeB	0	0	0	0	0	0	0	0	0	0	1
yaeH	0	0	0	0	0	0	0	0	0	0	1
yaeP	0	0	0	0	0	0	0	0	0	0	1
yaeQ	0	0	0	0	0	0	0	0	0	0	1
yaeR K08234	0	0	0	0	0	0	0	0	0	0	1
yaeT K07277	0	1	0	1	0	0	0	1	0	0	0
yafC	0	0	0	0	0	0	0	0	0	0	1
yafD	0	0	0	0	0	0	0	0	0	0	1
yafE	0	0	0	0	0	0	0	0	0	0	1
yafJ	0	0	0	0	0	0	0	0	0	0	1
yafK	0	0	0	0	0	0	0	0	0	0	1
yafL K01183 K19303	0	0	0	0	0	0	0	0	0	0	2
yafO K19160	0	0	0	0	0	0	0	0	0	0	2
yafP K03830	0	0	0	1	0	0	0	0	0	0	1
yafQ K19157	0	0	0	0	0	0	0	0	0	0	1
yafS	0	0	0	0	0	0	0	0	0	0	1
yafT	0	0	0	0	0	0	0	0	0	0	1
yafV K11206 K13566	0	0	0	0	0	0	0	0	0	0	1
yafV K13566	0	1	0	0	0	0	0	0	0	0	0
yagE K01714 K22397	0	0	0	0	0	0	0	0	0	0	1
yagU K08996	0	0	0	0	0	0	0	0	0	0	1
yahA K13244	0	0	0	0	0	0	0	0	0	0	1
yahB	0	0	0	0	0	0	0	0	0	0	1
yahC	0	0	0	0	0	0	0	0	0	0	1
yahE	0	0	0	0	0	0	0	0	0	0	2
yahF	0	0	0	0	0	0	0	0	0	0	1
yahG	0	0	0	0	0	0	0	0	0	0	1
yahI K00926	0	0	0	0	0	0	0	0	0	0	1
yahJ K01485	0	0	0	0	0	0	0	0	0	0	1
yahK K13979	0	0	0	0	0	0	0	0	0	0	1
yahN K03329	0	0	0	0	0	0	0	0	0	0	1
yahO	0	0	0	0	0	0	0	0	0	0	1
yaiA	0	0	0	0	0	0	0	0	0	0	1
yaiI K09768	0	0	0	0	0	0	0	0	0	0	1
yaiO	0	0	0	0	0	0	0	0	0	0	1
yaiP	0	0	0	0	0	0	0	0	0	0	2
yaiS	0	0	0	0	0	0	0	0	0	0	1
yaiT	0	0	0	0	0	0	0	0	0	0	1
yaiW	0	0	0	0	0	0	0	0	0	0	1
yaiY	0	0	0	0	0	0	0	0	0	0	1
yaiZ	0	0	0	0	0	0	0	0	0	0	1
yajC K03210	1	1	1	1	1	1	1	2	1	0	1
yajD	0	0	0	0	0	0	0	0	0	0	1
yajG K07286	0	0	0	0	0	0	0	0	0	0	1
yajI	0	0	0	0	0	0	0	0	0	0	1
yajL K03152	1	0	1	1	1	1	0	1	0	0	0
yajO	0	0	0	0	0	0	0	0	0	0	1
yajQ K09767	0	0	0	0	0	0	0	0	0	0	1
yajR	0	0	0	0	0	0	0	0	0	0	1
yazA K07461	0	0	0	0	0	0	1	0	0	0	0
ybaA	0	0	0	0	0	0	0	0	0	0	1
ybaB K09747	0	0	0	0	0	0	0	0	0	0	1
ybaE	0	0	0	0	0	0	0	0	0	0	1
ybaK K03976	1	1	1	1	1	1	0	0	1	2	1
ybaL K03455	0	0	0	0	0	0	0	0	0	0	1
ybaL_1	0	1	0	1	0	0	0	1	0	0	0
ybaM	0	0	0	0	0	0	0	0	0	0	1
ybaN K09790	0	0	0	0	0	0	0	0	0	0	1
ybaO K05800	0	0	0	0	0	0	0	0	0	0	1
ybaP K09973	0	0	0	0	0	0	0	0	0	0	1
ybaQ K21498	0	0	0	0	0	0	0	0	0	0	1
ybaT	0	0	0	0	0	0	0	0	0	0	1
ybaV K00784 K02237	0	0	1	0	0	0	0	0	0	0	0
ybaY K09914	0	0	0	0	0	0	0	0	0	0	1
ybaZ K07443	0	0	0	0	0	0	0	0	0	0	1
ybbF K02808 K02809 K02810	0	0	0	0	0	0	1	0	0	0	0
ybbH_1	0	0	0	0	0	0	1	0	0	0	0
ybbJ	0	0	0	0	0	0	1	0	0	0	0
ybbJ K07340	0	0	0	0	0	0	0	0	0	0	1
ybbK	0	0	0	0	0	0	1	0	0	0	0
ybbL K02068	0	0	0	0	0	0	1	0	0	0	0
ybbM K02069	0	0	0	0	0	0	1	1	0	0	2
ybbN K03671 K05838	0	0	0	0	0	0	0	0	0	0	1
ybbN K05838	0	0	0	0	0	0	0	0	1	0	0
ybbO	0	0	0	0	0	0	0	0	0	0	1
ybbP K02004	0	0	0	0	0	0	0	0	0	0	2
ybbR	0	0	0	0	0	0	1	0	0	0	0
ybbW K03457 K10975	0	0	0	0	0	0	0	0	0	0	1
ybbY	0	0	0	0	0	0	0	0	0	0	1
ybcH	0	0	0	0	0	0	0	0	0	0	1
ybcH K06889	0	0	0	0	0	0	1	0	0	0	0
ybcI K07038	0	0	0	0	0	0	0	0	0	0	1
ybcJ K14761	0	0	0	0	0	0	0	0	0	0	1
ybcS K01185	0	0	0	0	0	0	0	0	0	0	1
ybdD	0	0	0	0	0	0	0	0	0	0	1
ybdF	0	0	0	0	0	0	0	0	0	0	1
ybdG K16053	0	0	0	0	0	0	0	0	0	0	1
ybdG_1 K16053	0	0	0	1	0	0	0	0	0	0	0
ybdG_2 K16053	0	2	0	1	0	0	0	0	0	0	0
ybdH K08317	0	0	0	0	0	0	0	0	0	0	1
ybdJ	0	0	0	0	0	0	0	0	0	0	1
ybdK K06048	0	0	0	0	0	0	0	0	0	0	1
ybdL K14287	0	0	0	0	0	0	0	0	0	0	1
ybdM	0	0	0	0	0	0	0	0	0	0	1
ybdN	0	0	0	0	0	0	0	0	0	0	1
ybdO	0	0	0	0	0	0	0	0	0	0	1
ybeD K09158	0	0	0	0	0	0	0	0	0	0	1
ybeL	0	0	0	0	0	0	0	0	0	0	1
ybeM K11206	0	0	0	0	0	0	0	0	0	0	1
ybeS	0	0	0	0	0	0	0	0	0	0	1
ybeT K07126	0	0	0	0	0	0	0	0	0	0	1
ybeU	0	0	0	0	0	0	0	0	0	0	1
ybeY	0	1	0	1	0	0	0	1	0	0	0
ybeY K01489 K07042	1	0	1	0	0	1	0	0	0	0	0
ybeY K07042	0	0	0	0	0	0	1	0	1	1	0
ybeZ K06217	0	0	0	0	0	0	0	0	0	0	2
ybeZ_1 K07175	0	0	0	1	0	0	0	0	0	0	0
ybfE	0	0	0	0	0	0	0	0	0	0	1
ybfF K01175	0	0	0	0	0	0	0	0	0	0	1
ybfH	0	0	0	0	0	0	0	0	0	1	0
ybfI	0	0	0	0	0	0	1	0	0	0	0
ybfN	0	0	0	0	0	0	0	0	0	0	1
ybfP K13653	0	0	0	0	0	0	1	0	0	0	0
ybfQ K07146	0	0	0	0	0	0	1	0	0	0	0
ybgA	0	0	0	0	0	0	0	0	0	0	1
ybgC K01075 K07107	0	0	0	0	0	0	0	0	0	0	1
ybgC K07107	0	1	0	0	0	0	0	0	0	0	0
ybgD	0	0	0	0	0	0	0	0	0	0	1
ybgE	0	0	0	0	0	0	0	0	0	0	1
ybgI	0	0	0	0	0	0	0	0	0	0	1
ybgJ	0	0	0	0	0	0	0	0	0	0	1
ybgK K01457 K01941	0	0	0	0	0	0	0	0	0	0	1
ybgL K07160	0	0	0	0	0	0	0	0	0	0	1
ybgO	0	0	0	0	0	0	0	0	0	0	1
ybgP	0	0	0	0	0	0	0	0	0	0	1
ybgQ	0	0	0	0	0	0	0	0	0	0	1
ybgS	0	0	0	0	0	0	0	0	0	0	1
ybgT K00424	0	0	0	0	0	0	0	0	0	0	1
ybhA	0	0	0	0	0	0	0	0	0	0	1
ybhB K06910	0	0	0	0	0	0	0	0	0	0	1
ybhC K01051	0	0	0	0	0	0	0	0	0	0	1
ybhD	0	0	0	0	0	0	0	0	0	0	1
ybhE K09963	0	0	0	0	0	0	1	0	0	0	0
ybhF K01990	0	0	0	0	0	0	0	0	0	0	1
ybhG K01993	0	0	0	0	0	0	0	0	0	0	1
ybhH	0	0	0	0	0	0	0	0	0	0	1
ybhI K03319	0	0	0	0	0	0	0	0	0	0	1
ybhJ K01681	1	0	0	0	0	1	0	0	0	0	1
ybhK	0	0	0	0	0	0	0	0	0	0	1
ybhL K06890	0	0	0	0	0	0	1	1	0	0	1
ybhM K06890	0	0	0	0	0	0	0	0	0	0	1
ybhP	0	0	0	0	0	0	0	0	0	0	1
ybhQ	0	0	0	0	0	0	0	0	0	0	1
ybhR K01992	0	0	0	0	0	0	0	0	0	0	1
ybhS K01992	0	0	0	1	0	0	0	0	0	0	1
ybiB	0	0	0	0	0	0	0	0	0	0	1
ybiC K13574	0	0	0	0	0	0	0	0	0	0	1
ybiH	0	0	0	0	0	0	0	0	0	0	1
ybiI	0	0	0	0	0	0	0	0	0	0	1
ybiJ K12151	0	0	0	0	0	0	0	0	0	0	1
ybiO K22044	0	0	0	0	0	0	0	0	0	0	1
ybiP K19353	0	0	0	0	0	0	0	0	0	0	1
ybiR	0	0	0	0	0	0	0	0	0	0	1
ybiS K16291 K19235 K19236	0	0	0	0	0	0	0	0	0	0	1
ybiT	0	0	0	0	0	0	0	0	0	0	1
ybiT K06158	0	0	0	0	0	0	0	0	1	0	0
ybiU	0	0	0	0	0	0	0	0	0	0	1
ybiW K00656	0	0	0	0	0	0	0	0	0	0	2
ybjC	0	0	0	0	0	0	0	0	0	0	1
ybjD K07459	0	0	0	0	0	0	0	0	0	0	1
ybjE	0	0	0	0	0	0	0	0	0	0	1
ybjG K19302	0	1	0	1	0	0	0	1	0	0	1
ybjH	0	0	0	0	0	0	0	0	0	0	1
ybjI K07757 K20861	0	0	0	0	0	0	0	0	0	0	1
ybjJ	0	0	0	0	0	0	0	0	0	0	1
ybjK	0	0	0	0	0	0	0	0	0	0	1
ybjL K07085	0	0	0	0	0	0	0	0	0	0	1
ybjM	0	0	0	0	0	0	0	0	0	0	1
ybjN	0	0	0	0	0	0	0	0	0	0	1
ybjO	0	0	0	0	0	0	0	0	0	0	1
ybjP	0	0	0	0	0	0	0	0	0	0	1
ybjQ	0	0	0	0	0	0	1	0	0	0	0
ybjS	0	0	0	0	0	0	0	0	0	0	1
ybjT	0	0	0	0	0	0	0	0	0	0	2
ybjX K09824	0	0	0	0	0	0	0	0	0	0	1
ybl78	0	0	0	0	0	0	0	0	0	0	1
ycaC	0	0	0	0	0	0	0	0	0	0	1
ycaD K08219	0	0	0	0	0	0	0	0	0	1	1
ycaI K02238	0	0	0	0	0	0	0	0	0	0	1
ycaL K07387	0	0	0	0	0	0	0	0	0	0	1
ycaM	0	0	0	0	0	0	1	0	0	0	1
ycaO K09136	0	0	0	0	0	0	0	0	0	0	1
ycaP	0	0	0	0	0	0	0	0	0	0	1
ycaQ K09927	0	0	0	0	0	0	0	0	0	0	1
ycaR K09791	0	0	0	0	0	0	0	0	0	0	1
ycbB K21470	0	0	0	0	0	0	0	0	0	0	1
ycbC	0	0	0	0	0	0	0	0	0	0	1
ycbF	0	0	0	0	0	0	0	0	0	0	1
ycbJ	0	0	0	0	0	0	0	0	0	0	1
ycbK	0	0	0	0	0	0	0	0	0	0	1
ycbL K01069	0	0	0	0	0	0	0	0	0	0	1
ycbU	0	0	0	0	0	0	0	0	0	0	1
ycbX K07140	0	0	0	0	0	0	0	0	0	0	1
ycbZ K04770	0	0	0	0	0	0	0	0	0	0	1
yccA K19416	0	0	0	0	0	0	0	0	0	0	1
yccF	1	0	0	1	0	0	0	0	0	0	1
yccJ	0	0	0	0	0	0	0	0	0	0	1
yccM	0	1	0	1	0	0	0	0	0	0	0
yccM_2	0	0	0	1	0	0	0	0	0	0	0
yccS	0	0	0	0	0	0	0	0	0	0	2
yccT K09909	0	0	0	0	0	0	0	0	0	0	1
yccU K06929	0	0	0	0	0	0	0	0	0	0	1
ycdB K16301	0	0	0	0	0	0	0	0	0	0	2
ycdX K04477	0	0	0	0	0	0	0	0	0	0	1
ycdY	0	0	0	0	0	0	0	0	0	0	1
ycdZ	0	0	0	0	0	0	0	0	0	0	1
yceA K07146	0	0	0	0	0	0	0	0	0	0	1
yceC	0	0	1	0	0	1	0	0	0	0	0
yceD K07040	0	0	0	0	0	0	0	0	0	0	1
yceF K06287	0	0	0	0	0	0	0	0	0	0	1
yceI	0	0	0	0	0	0	0	0	0	0	1
yceJ K12262	0	0	0	0	0	0	0	0	0	0	1
yceK	0	0	0	0	0	0	0	0	0	0	1
ycf	0	0	0	1	0	0	0	0	0	0	0
ycfD K18850	0	0	0	0	0	0	0	0	0	0	1
ycfH K03424	1	0	0	0	0	1	0	0	0	0	1
ycfI K06147	0	0	0	0	0	0	1	0	0	0	0
ycfJ	0	0	0	0	0	0	0	0	0	0	1
ycfP K07000	0	0	0	0	0	0	0	0	0	0	1
ycfQ K22041	0	0	0	0	0	0	0	0	0	0	1
ycfS K16291 K19234 K19235 K19236	0	0	0	0	0	0	0	0	0	0	2
ycfT	0	0	0	0	0	0	0	0	0	0	1
ycgB K06415	0	0	0	0	0	0	0	0	0	0	1
ycgE	0	1	0	1	0	0	0	1	0	0	0
ycgG K13244	0	0	0	0	0	0	0	0	0	0	1
ycgL K09902	0	0	0	0	0	0	0	0	0	0	1
ycgM	0	0	0	0	0	0	0	0	0	0	1
ycgN K09160	0	0	0	0	0	0	0	0	0	0	1
ycgR K21087	0	0	0	0	0	0	0	0	0	0	1
ycgX	0	0	0	0	0	0	0	0	0	0	1
ychA	0	0	0	0	0	0	0	0	0	0	1
ychE K05595	0	0	0	0	0	0	0	0	0	0	1
ychF K06942	2	1	1	1	1	1	1	1	1	1	1
ychH	0	0	0	0	0	0	0	0	0	0	1
ychJ K09858	0	0	0	0	0	0	0	0	0	0	1
ychM K03321	0	0	0	0	0	0	0	0	0	0	1
ychN K06039	0	0	0	0	0	0	0	0	0	0	1
ychO K13735	0	0	0	0	0	0	0	0	0	0	1
yciA	1	0	0	0	0	0	0	0	0	0	0
yciA K10806	0	0	0	0	0	0	0	0	0	1	1
yciB	0	0	0	0	0	0	1	0	0	0	0
yciC	0	0	0	0	0	0	0	0	0	0	1
yciE	0	0	0	0	0	0	0	0	0	0	1
yciF	0	0	0	0	0	0	0	0	0	0	1
yciG K06884	0	0	0	0	0	0	0	0	0	0	1
yciI K05527 K09780	0	0	0	0	0	0	0	0	0	0	1
yciK	0	0	0	0	0	0	0	0	0	0	1
yciN	0	0	0	0	0	0	0	0	0	0	1
yciO	0	1	0	1	0	0	0	0	0	0	1
yciT	0	0	0	0	0	0	0	0	0	0	2
yciU K09901	0	0	0	0	0	0	0	0	0	0	1
yciW	0	0	0	0	0	0	0	0	0	0	1
yciY	0	0	0	0	0	0	0	0	0	0	1
ycjF K08990	0	0	0	0	0	0	0	0	0	0	1
ycjG K01856 K19802	0	0	0	0	0	0	0	0	0	0	1
ycjM K01119 K08693	0	0	0	0	0	0	1	0	0	0	0
ycjX K06918	0	0	0	0	0	0	0	0	0	0	1
yckA K10009	0	0	0	0	0	0	1	0	0	0	0
yckB K02030 K02424	0	0	0	0	0	0	1	0	0	0	0
yclH K02003	0	0	0	0	0	0	1	0	0	0	0
yclI K02004	0	0	0	0	0	0	1	0	0	0	0
yclJ K02483	0	0	0	0	0	0	1	0	0	0	0
yclK	0	0	0	0	0	0	1	0	0	0	0
yclN K02015	0	0	0	0	0	0	1	0	0	0	0
yclO K02015	0	0	0	0	0	0	1	0	0	0	0
yclP K02013	0	0	0	0	0	0	1	0	0	0	0
ycnE	0	1	0	1	0	0	0	0	0	0	0
ydaC K19780	0	0	0	0	0	0	0	0	0	0	1
ydaE	0	0	0	0	0	0	0	0	0	0	1
ydaL	0	0	0	0	0	0	0	0	0	0	1
ydaM K19707 K21088	0	0	0	0	0	0	0	0	0	0	1
ydaO	0	0	0	0	0	0	1	0	0	0	0
ydaQ	0	0	0	0	0	0	0	0	0	0	1
ydaT	0	0	0	0	0	0	1	0	0	0	1
ydaU	0	0	0	0	0	0	0	0	0	0	1
ydbC K05275	0	0	0	0	0	0	0	0	0	0	1
ydbH	0	0	0	0	0	0	0	0	0	0	1
ydbI	0	0	0	0	0	0	1	0	0	0	0
ydbJ	0	0	0	0	0	0	0	0	0	0	1
ydbL K09978	0	0	0	0	0	0	0	0	0	0	1
ydcA K03646	0	0	0	0	0	0	0	0	0	0	1
ydcF	0	0	0	0	0	0	0	0	0	0	1
ydcH K09794	0	0	0	0	0	0	0	0	0	0	1
ydcJ	0	0	0	0	0	0	0	0	0	0	1
ydcK	0	0	0	0	0	0	0	0	0	0	1
ydcK K03095	0	0	0	0	0	0	1	0	0	0	0
ydcL	0	0	0	0	0	0	0	0	0	0	1
ydcN	0	0	0	0	0	0	0	0	0	0	1
ydcO K05782	0	0	0	0	0	0	0	0	0	0	1
ydcP K08303	0	0	1	0	1	0	0	0	0	0	1
ydcR	0	0	0	0	0	0	0	0	0	0	1
ydcS K02055	0	0	0	0	0	0	0	0	0	0	1
ydcT K02052 K11072 K11076	0	0	0	0	0	0	0	0	0	0	2
ydcU K02054	0	0	0	0	0	0	0	0	0	0	1
ydcV K02053	0	0	0	0	0	0	0	0	0	0	1
ydcV K11070	0	0	0	1	0	0	0	0	0	0	0
ydcX	0	0	0	0	0	0	0	0	0	0	1
ydcY	0	0	0	0	0	0	0	0	0	0	1
yddE	0	0	0	0	0	0	0	0	0	0	1
yddG	0	0	0	0	0	0	0	0	0	0	1
yddH	0	0	0	0	0	0	0	0	0	0	1
yddM K21498	0	0	0	0	0	0	0	0	0	0	1
yddR	0	0	0	0	0	0	0	1	0	0	0
yddW	0	0	0	0	0	0	0	0	0	0	1
ydeE	0	0	0	0	0	0	0	0	0	0	1
ydeH K13069	0	0	0	0	0	0	0	0	0	0	1
ydeI	0	0	0	0	0	0	0	0	0	0	1
ydeJ	0	0	0	0	0	0	0	0	0	0	1
ydeM3 K06871	0	0	0	0	0	0	1	0	0	0	0
ydeU K12678	0	0	0	0	0	0	0	0	0	0	1
ydfA	0	0	0	0	0	0	0	0	0	0	1
ydfG	0	1	0	1	0	0	0	1	0	0	0
ydfG K16066	0	0	0	0	0	0	0	0	0	0	1
ydfH K22293	0	0	0	0	0	0	0	0	0	0	1
ydfI K00040	0	0	0	0	0	0	0	0	0	0	1
ydfJ K08173	0	0	0	0	0	0	0	0	0	0	1
ydfK	0	0	0	0	0	0	0	0	0	0	1
ydfO	0	0	0	0	0	0	0	0	0	0	1
ydfQ	0	0	0	0	0	0	1	0	0	0	0
ydfU	0	0	0	0	0	0	0	0	0	0	1
ydfX	0	0	0	0	0	0	0	0	0	0	1
ydfZ	0	0	0	0	0	0	0	0	0	0	1
ydgA	0	0	0	0	0	0	0	0	0	0	2
ydgC K02442	0	0	0	0	0	0	0	0	0	0	1
ydgD K04775	0	0	0	0	0	0	0	0	0	0	1
ydgH	0	0	0	0	0	0	0	0	0	0	1
ydgI	0	0	0	0	0	0	1	0	0	0	0
ydgI K03757 K03758	0	0	0	0	0	0	0	0	0	0	1
ydgJ K16044	0	0	0	0	0	0	0	0	0	0	1
ydgK	0	0	0	0	0	0	0	0	0	0	1
ydhB	0	0	0	0	0	0	0	0	0	0	1
ydhC	0	0	0	0	0	0	0	0	0	0	1
ydhD	1	0	0	0	0	1	0	0	0	0	0
ydhF	1	0	0	0	0	0	1	0	0	0	1
ydhJ	0	0	0	0	0	0	0	0	0	0	1
ydhK K03468	0	0	0	0	0	0	0	0	0	0	2
ydhL K06938	0	0	0	0	0	0	0	0	0	0	1
ydhO K01183 K19303	0	0	0	0	0	0	0	0	0	0	1
ydhP K18567 K19577	0	0	0	0	0	0	0	0	0	0	1
ydhQ	0	0	0	0	0	0	0	0	0	0	1
ydhR	0	0	0	0	0	0	0	0	0	0	1
ydhS	0	0	0	0	0	0	0	0	0	0	1
ydhT	0	0	0	0	0	0	0	0	0	0	1
ydhU K08354	0	0	0	0	0	0	0	0	0	0	1
ydhV K03738	0	0	0	0	0	0	0	0	0	0	1
ydhW	0	0	0	0	0	0	0	0	0	0	1
ydhX K08353	0	0	0	0	0	0	0	0	0	0	1
ydhY	0	0	0	0	0	0	0	0	0	0	1
ydhZ	0	0	0	0	0	0	0	0	0	0	1
ydiA K09773	0	0	0	0	0	0	0	0	0	0	1
ydiB K00014 K05887	0	0	0	0	0	0	0	0	0	0	1
ydiB K06925	1	0	1	0	1	1	1	0	0	0	0
ydiC1	0	0	0	0	0	0	1	0	0	0	0
ydiF K01026 K19709	0	0	0	0	0	0	0	0	0	0	3
ydiF K06158	0	0	0	0	0	0	1	0	0	0	0
ydiI K19222	0	0	0	1	0	0	0	1	0	0	0
ydiJ	0	0	0	0	0	0	0	0	0	0	1
ydiK	0	0	0	0	0	0	0	0	0	0	1
ydiL	0	0	0	0	0	0	0	0	0	0	1
ydiL K07052	0	0	0	0	0	0	1	0	0	0	0
ydiM	0	0	0	0	0	0	0	0	0	0	1
ydiN	0	0	0	0	0	0	0	0	0	0	1
ydiO K00249 K04117 K08297 K11731	0	0	0	0	0	0	0	0	0	0	1
ydiP	0	0	0	0	0	0	0	0	0	0	1
ydiQ	0	0	0	0	0	0	0	0	0	0	1
ydiR K03522	0	0	0	0	0	0	0	0	0	0	1
ydiS K00313	0	0	0	0	0	0	0	0	0	0	2
ydiU K08997	0	0	0	0	0	0	0	0	0	0	1
ydiV	0	0	0	0	0	0	0	0	0	0	1
ydiY K07283	0	1	0	0	0	0	0	0	0	0	1
ydiZ	0	0	0	0	0	0	0	0	0	0	1
ydjA	0	0	0	0	0	0	0	0	0	0	1
ydjH K06872	0	0	0	0	0	0	1	0	0	0	0
ydjH_1 K00847	0	3	0	1	0	0	0	1	0	0	0
ydjJ K00008	0	0	1	0	0	0	0	0	0	0	0
ydjM K07038	0	0	0	0	0	0	0	0	0	0	1
ydjN K06956	0	0	0	0	0	0	0	0	0	0	1
ydjY	0	0	0	0	0	0	0	0	0	0	2
ydjZ	0	0	0	0	0	0	0	0	0	0	1
yeaB	0	0	0	0	0	0	1	0	0	0	0
yeaD K01792	0	0	0	0	0	0	0	0	0	0	1
yeaE	0	0	0	0	0	0	0	0	0	1	1
yeaG K07180	0	0	0	0	0	0	0	0	0	0	1
yeaH K09786	0	0	0	0	0	0	0	0	0	0	1
yeaI	0	0	0	0	0	0	0	0	0	0	1
yeaJ	0	0	0	0	0	0	0	0	0	0	1
yeaK K19055	0	0	0	0	0	0	0	0	0	0	1
yeaL	0	0	0	0	0	0	0	0	0	0	1
yeaM	0	0	0	0	0	0	0	0	0	0	1
yeaN K03449	0	0	0	0	0	0	0	0	0	0	1
yeaO	0	0	0	0	0	0	1	0	0	0	1
yeaP K13069 K21021	0	0	0	0	0	0	0	0	0	0	1
yeaQ	0	0	0	0	0	0	0	0	0	0	1
yeaR	0	0	0	0	0	0	0	0	0	0	2
yeaU K07246	0	0	0	0	0	0	0	0	0	0	1
yeaV K03451 K05245	0	0	0	0	0	0	0	0	0	0	2
yeaX K07006 K22444	0	0	0	0	0	0	0	0	0	0	1
yeaZ K01409 K14742	0	0	0	0	0	0	1	0	0	0	0
yeaZ K14742	2	1	1	1	1	1	0	1	1	0	1
yebA	0	0	0	0	0	0	1	0	0	0	0
yebA K19304	0	0	0	0	0	0	0	0	0	0	1
yebB	0	0	0	0	0	0	0	0	0	0	1
yebC	1	1	1	1	1	1	0	1	2	0	1
yebE	0	0	0	0	0	0	1	0	0	0	1
yebF	0	0	0	0	0	0	0	0	0	0	1
yebG K09918	0	0	0	0	0	0	0	0	0	0	1
yebO	0	0	0	0	0	0	0	0	0	0	1
yebQ K08169	0	0	0	0	0	0	0	0	0	0	1
yebR K08968	0	0	0	0	0	0	0	0	0	0	1
yebS K03808	0	0	0	0	0	0	0	0	0	0	1
yebT K06192	0	0	0	0	0	0	0	0	0	0	1
yebV	0	0	0	0	0	0	0	0	0	0	1
yebW	0	0	0	0	0	0	0	0	0	0	1
yebY	0	0	0	0	0	0	0	0	0	0	1
yebZ K07245	0	0	0	0	0	0	0	0	0	0	1
yecA	0	0	0	0	0	0	1	0	0	0	0
yecA K07039	0	0	0	0	0	0	0	0	0	0	1
yecC K02028 K02029 K09972 K10004 K10010 K10038	0	0	0	0	0	0	0	0	0	0	1
yecD	0	0	0	0	0	0	0	0	0	0	1
yecE	0	0	0	0	0	0	0	0	0	0	2
yecF	0	0	0	0	0	0	0	0	0	0	1
yecH	0	0	0	0	0	0	0	0	0	0	1
yecJ	0	0	0	0	0	0	0	0	0	0	1
yecM K09907	0	0	0	0	0	0	0	0	0	0	1
yecR	0	0	0	0	0	0	0	0	0	0	1
yecS K02029	0	0	0	0	0	0	0	0	1	0	0
yecS K02029 K10009	0	0	0	0	0	0	0	0	0	0	1
yecS_2 K02029 K02030	0	0	0	0	0	0	1	0	0	0	0
yecT	0	0	0	0	0	0	0	0	0	0	1
yedA	0	0	0	0	0	0	0	0	0	0	1
yedD	0	0	0	0	0	0	0	0	0	0	1
yedE K07112	0	0	0	0	0	0	0	0	0	0	1
yedF	0	0	0	0	0	0	0	0	0	0	1
yedF K04085	1	0	1	0	1	1	0	0	0	0	0
yedI K09781	0	0	0	0	0	0	0	0	0	0	1
yedJ K06950	0	0	0	0	0	0	0	0	0	0	2
yedP K07026 K15918	0	0	0	0	0	0	0	0	0	0	1
yedQ K21085	0	0	0	0	0	0	0	0	0	0	1
yeeA	0	0	0	0	0	0	0	0	0	0	1
yeeF K14052	0	0	0	0	0	0	0	0	0	0	1
yeeN	0	0	0	0	0	0	1	0	0	0	1
yeeO	0	0	0	0	0	0	0	0	0	0	1
yeeX K09802	0	0	0	0	0	0	0	0	0	0	1
yeeY	0	0	0	0	0	0	0	0	0	0	1
yeeZ	0	0	0	0	0	0	0	0	0	0	1
yefM K19159	0	0	0	0	0	0	0	0	0	0	1
yegD K04046	0	0	0	0	0	0	0	0	0	0	1
yegE K21084	0	0	0	0	0	0	0	0	0	0	1
yegH	0	0	0	0	0	0	0	0	0	0	1
yegI	0	0	0	0	0	0	0	0	0	0	1
yegL	0	0	0	0	0	0	0	0	0	0	1
yegP K09946	0	0	0	0	0	0	0	0	0	0	1
yegQ K08303	0	0	0	0	0	0	0	0	0	0	1
yegS	0	0	0	0	0	0	0	0	0	0	1
yegT	0	0	0	0	0	0	0	0	0	0	1
yegU	0	0	0	0	0	0	0	0	0	0	1
yegV	0	0	0	0	0	0	0	0	0	0	1
yegW	0	0	0	0	0	0	0	0	0	0	1
yegX K07273	0	0	0	0	0	0	0	0	0	0	1
yehB K07347	0	0	0	0	0	0	0	0	0	0	1
yehC	0	0	0	0	0	0	0	0	0	0	1
yehD	0	0	0	0	0	0	0	0	0	0	1
yehE	0	0	0	0	0	0	0	0	0	0	1
yehI	0	0	0	0	0	0	0	0	0	0	1
yehK	0	0	0	0	0	0	0	0	0	0	1
yehM	0	0	0	0	0	0	0	0	0	0	3
yehQ	0	0	0	0	0	0	0	0	0	0	1
yehR	0	0	0	0	0	0	0	0	0	0	1
yehS	0	0	0	0	0	0	0	0	0	0	1
yehT K02477 K07705	0	0	0	0	0	0	0	0	0	0	1
yehU K02478	0	0	0	0	0	0	0	0	0	0	1
yehX K05847	0	0	0	0	0	0	0	0	0	0	2
yehY K05846	0	0	0	0	0	0	0	0	0	0	2
yeiB K07148	0	0	0	0	0	0	0	0	0	0	1
yeiE	0	0	0	0	0	0	0	0	0	0	1
yeiG K01070	0	0	0	0	0	0	0	0	0	0	1
yeiH	0	0	0	0	0	0	0	0	0	0	1
yeiI K00852 K00874 K16328	0	0	0	0	0	1	0	0	1	0	0
yeiI K16328	0	0	0	0	0	0	0	0	0	0	1
yeiL K16326	0	0	0	0	0	0	0	0	0	0	1
yeiM K16324 K16325	0	0	0	0	0	0	0	0	0	0	1
yeiP K02356	0	0	0	0	0	0	0	0	0	0	1
yeiQ K00040	0	0	0	0	0	0	0	0	0	0	1
yeiR	0	0	0	0	0	0	0	0	0	0	2
yeiS	0	0	0	0	0	0	0	0	0	0	1
yeiW K06940	0	0	0	0	0	0	0	0	0	0	1
yejA K02035 K13893	0	0	0	0	0	0	0	0	0	0	2
yejF K13896	0	0	0	0	0	0	0	0	0	0	2
yejG	0	0	0	0	0	0	0	0	0	0	1
yejH K19789	0	0	0	0	0	0	0	0	0	0	1
yejL K09904	0	0	0	0	0	0	0	0	0	0	1
yejM K07014	0	0	0	0	0	0	0	0	0	0	1
yerB	1	0	0	0	1	0	0	0	0	0	0
yesL	0	0	0	0	0	0	2	0	0	0	0
yfaA	0	0	0	0	0	0	0	0	0	0	2
yfaD	0	0	0	0	0	0	0	0	0	0	1
yfaE K11107	0	0	0	0	0	0	0	0	0	0	1
yfaL K07279	0	0	0	0	0	0	0	0	0	0	1
yfaS K06894	0	0	0	0	0	0	0	0	0	0	2
yfaY	0	0	0	0	0	0	0	0	0	0	1
yfaZ	0	0	0	0	0	0	0	0	0	0	1
yfbB	0	1	0	0	0	0	0	0	0	0	0
yfbL	0	0	0	0	0	0	0	0	0	1	1
yfbM	0	0	0	0	0	0	0	0	0	0	1
yfbR K07023	0	0	0	0	0	0	1	0	0	0	0
yfbR K07023 K08722	0	0	1	0	0	0	0	0	0	0	0
yfbR K08722	0	0	0	0	0	0	0	0	0	0	1
yfbS	0	0	0	0	0	0	0	0	0	0	1
yfbT	0	0	0	0	0	0	0	1	0	0	0
yfbT K19270	0	0	0	0	0	0	0	0	0	0	1
yfbU K09161	0	0	0	0	0	0	0	0	0	0	1
yfbV K09899	0	0	0	0	0	0	0	0	0	0	1
yfcA K07090	1	0	0	0	1	0	0	0	0	0	0
yfcA K07090 K11312	0	0	0	0	0	0	0	0	0	0	1
yfcC	0	0	0	0	0	0	0	0	0	0	1
yfcD K01823	0	0	0	0	0	0	0	0	0	0	1
yfcE K07095	1	0	0	0	1	0	0	0	0	0	1
yfcE1 K07095	1	0	1	0	1	1	0	0	0	0	0
yfcF K00799	0	0	0	0	0	0	0	0	0	0	1
yfcG K11209	0	0	0	0	0	0	0	0	0	0	1
yfcH K07071	0	0	0	0	0	0	0	0	0	0	1
yfcI	0	0	0	0	0	0	0	0	0	0	1
yfcJ	0	0	0	0	0	0	0	0	0	0	1
yfcL	0	0	0	0	0	0	0	0	0	0	1
yfcM K09906	0	0	0	0	0	0	0	0	0	0	1
yfcN	0	0	0	0	0	0	0	0	0	0	1
yfcO	0	0	0	0	0	0	0	0	0	0	1
yfcP	0	0	0	0	0	0	0	0	0	0	1
yfcQ	0	0	0	0	0	0	0	0	0	0	1
yfcR	0	0	0	0	0	0	0	0	0	0	1
yfcS	0	0	0	0	0	0	0	0	0	0	1
yfcU	0	0	0	0	0	0	0	0	0	0	1
yfcV	0	0	0	0	0	0	0	0	0	0	1
yfcZ	0	0	0	0	0	0	0	0	0	0	1
yfdC K21990	0	0	0	0	0	0	0	0	0	0	1
yfdH K12999	0	0	0	0	0	0	1	0	0	0	0
yfdO	0	0	0	0	0	0	0	0	0	0	1
yfdP	0	0	0	0	0	0	0	0	0	0	1
yfdQ	0	0	0	0	0	0	0	0	0	0	1
yfdS	0	0	0	0	0	0	0	0	0	0	1
yfdT	0	0	0	0	0	0	0	0	0	0	1
yfdY	0	0	0	0	0	0	0	0	0	0	1
yfdZ K14261	0	0	0	0	0	0	0	0	0	0	1
yfeA	0	0	0	0	0	0	0	0	0	0	1
yfeC	0	0	0	0	0	0	0	0	0	0	1
yfeD	0	0	0	0	0	0	0	0	0	0	1
yfeH K14347	0	0	0	0	0	0	0	0	0	0	1
yfeK	0	0	0	0	0	0	0	0	0	0	1
yfeN	0	0	0	0	0	0	0	0	0	0	1
yfeO	0	0	0	0	0	0	0	0	0	0	1
yfeX K07223	0	0	0	1	0	0	0	0	0	0	1
yfeY	0	0	0	0	0	0	0	0	0	0	1
yfeZ	0	0	0	0	0	0	0	0	0	0	1
yffB K00537	0	0	0	0	0	0	0	0	0	0	1
yfgF	0	0	0	0	0	0	0	0	0	0	1
yfgG	0	0	0	0	0	0	0	0	0	0	1
yfgH	0	0	0	0	0	0	0	0	0	0	1
yfgI	0	0	0	0	0	0	0	0	0	0	1
yfgJ	0	0	0	0	0	0	0	0	0	0	1
yfgM	0	0	0	0	0	0	0	0	0	0	1
yfgQ K12952	0	0	0	0	0	0	1	0	0	0	0
yfhA K07715	0	0	0	0	0	0	0	0	0	0	1
yfhB K18697	0	0	0	0	0	0	0	0	0	0	1
yfhG	0	0	0	0	0	0	0	0	0	0	1
yfhH K15835	0	0	0	0	0	0	0	0	0	0	1
yfhK K07711	0	0	0	0	0	0	0	0	0	0	1
yfhM K06894	0	0	0	0	0	0	0	0	0	0	1
yfhR K06889	0	0	0	0	0	0	0	0	0	0	1
yfiB1 K06147 K06148	0	0	0	0	0	0	1	0	0	0	0
yfiC K06147	0	0	0	0	0	0	1	0	0	0	0
yfiC K15460	1	0	0	0	1	1	0	1	0	0	1
yfiE	0	0	0	0	0	0	0	0	0	0	1
yfiF K03214	0	0	0	0	0	0	0	0	0	0	1
yfiH K05810	1	0	0	0	0	1	0	0	1	0	1
yfiL	0	0	0	0	0	0	0	0	0	0	1
yfiM K05811	0	0	0	0	0	0	0	0	0	0	1
yfiN K20956 K21021	0	0	0	0	0	0	0	0	0	0	2
yfiO K05807	0	1	0	1	0	0	0	1	0	0	0
yfiP K05812	0	0	0	0	0	0	0	0	0	0	1
yfiQ K09181	0	0	0	0	0	0	0	0	0	0	1
yfiR	0	0	0	0	0	0	0	0	0	0	1
yfjD	0	0	0	0	0	0	0	0	0	0	2
yfkJ K01104	1	0	4	0	2	1	0	0	0	0	0
yfkM K05520	0	0	0	0	0	0	1	0	0	0	0
yfkN_2 K01081 K11751	0	1	0	0	0	0	0	0	0	0	0
yfkO	0	0	0	1	0	0	0	0	0	0	0
yfmL	0	0	0	0	0	0	1	0	0	0	0
yfmM K06158	1	0	0	0	0	1	0	0	0	0	0
yfmR K15738	1	0	0	1	0	2	1	1	0	0	0
yfnA K03294	0	0	0	0	0	0	1	0	0	0	0
yfnB K01560 K07025	0	0	0	0	0	0	1	0	0	0	0
ygaC	0	0	0	0	0	0	0	0	0	0	1
ygaC K07586	0	0	0	0	0	0	1	0	0	0	0
ygaD K03743	0	0	0	0	0	0	0	0	0	0	1
ygaH	0	0	0	0	0	0	0	0	0	0	1
ygaM	0	0	0	0	0	0	0	0	0	0	1
ygaP	0	0	0	0	0	0	0	0	0	0	2
ygaU	0	0	0	0	0	0	0	0	0	0	1
ygaY	0	0	0	0	0	0	0	0	0	0	1
ygaZ	1	0	0	0	0	0	1	0	0	0	1
ygbA	0	0	0	0	0	0	0	0	0	0	1
ygbE	0	0	0	0	0	0	0	0	0	0	1
ygbK K21948 K22129	0	0	0	0	0	0	0	0	0	0	1
ygcE	0	0	0	0	0	0	0	0	0	0	1
ygdB	0	0	0	0	0	0	0	0	0	0	2
ygdD	0	0	0	0	0	0	0	0	0	0	1
ygdH K06966	0	0	0	0	0	0	0	0	0	0	1
ygdI	0	0	0	0	0	0	0	0	0	0	1
ygdL K22132	0	0	0	0	0	0	0	0	0	0	1
ygdQ	0	0	0	0	0	0	0	0	0	0	2
ygeV K02688 K11914	0	0	0	0	0	0	0	0	0	0	1
ygeW	1	0	1	0	0	0	0	0	0	0	0
ygeY K05831	0	0	0	0	0	0	0	0	0	0	1
ygfA K01934	0	0	0	0	0	0	0	0	1	0	1
ygfF	0	0	0	0	0	0	0	0	0	0	1
ygfI	0	0	0	0	0	0	0	0	0	0	2
ygfJ K07141	1	0	1	0	1	0	0	0	0	0	1
ygfK K12527	0	0	0	0	0	0	0	0	0	0	1
ygfQ K06901	0	0	0	0	0	0	0	0	0	0	1
ygfS	0	0	0	0	0	0	0	0	0	0	1
ygfU K03458	0	0	0	0	0	0	0	0	0	0	2
ygfX K19168	0	0	0	0	0	0	0	0	0	0	1
ygfY K09159	0	0	0	0	0	0	0	0	0	0	1
ygfZ K06980	0	0	0	0	0	0	0	0	0	0	1
yggC K02173	0	0	0	0	0	0	0	0	0	0	1
yggD	0	0	0	0	0	0	0	0	0	0	1
yggE K09807	0	0	0	0	0	0	0	0	0	0	1
yggF	0	0	0	0	0	0	0	0	0	0	1
yggG K07387	0	0	0	0	0	0	0	0	0	0	1
yggL K09923	0	0	0	0	0	0	0	0	0	0	1
yggM	0	0	0	0	0	0	0	0	0	0	1
yggN	0	0	0	0	0	0	0	0	0	0	1
yggP K19956	0	0	0	0	0	0	0	0	0	0	1
yggS K06997	0	1	0	1	0	0	0	1	0	0	1
yggT K02221	0	0	0	0	0	0	0	0	0	0	2
yggW	0	0	0	0	0	0	0	0	0	0	1
yggX	0	0	0	0	0	0	0	0	0	0	1
yghA	0	0	0	0	0	0	0	0	0	0	1
yghB	0	0	0	0	0	0	0	0	0	0	1
yghG	0	0	0	0	0	0	0	0	0	0	1
yghO	0	0	0	0	0	0	0	1	0	0	1
yghQ	0	0	0	0	0	0	0	0	0	0	1
yghR	0	0	0	0	0	0	0	0	0	0	1
yghS	0	0	0	0	0	0	0	0	0	0	1
yghT	0	0	0	0	0	0	0	0	0	0	1
yghU K11209	0	0	0	0	0	0	0	0	0	0	1
yghW	0	0	0	0	0	0	0	0	0	0	1
yghX K01061	0	0	0	0	0	0	0	0	0	0	1
yghZ K19265	0	0	0	0	0	0	0	0	0	0	1
ygiB	0	0	0	0	0	0	0	0	0	0	2
ygiC	0	0	0	0	0	0	0	0	0	0	1
ygiD K15777	0	0	0	0	0	0	0	0	0	0	1
ygiL	0	0	0	0	0	0	0	0	0	0	1
ygiM K07184	0	0	0	0	0	0	0	0	0	0	1
ygiQ	0	0	0	0	0	0	0	0	0	0	1
ygiS K02035	0	0	0	0	0	0	0	0	0	0	1
ygiV K07471 K13652	0	0	0	0	0	0	0	0	0	0	1
ygiW	0	0	0	0	0	0	0	0	0	0	1
ygiZ	0	0	0	0	0	0	0	0	0	0	1
ygjH K06878	0	0	0	0	0	0	0	0	0	0	1
ygjI	0	0	0	0	0	0	0	0	0	0	1
ygjJ	0	0	0	0	0	0	0	0	0	0	1
ygjK K03931	0	0	0	0	0	0	0	0	0	0	1
ygjP K07043	0	0	0	0	0	0	0	0	0	0	1
ygjQ	0	0	0	0	0	0	0	0	0	0	1
ygjR K22230	0	0	0	0	0	0	0	0	0	0	1
ygjV	0	0	0	0	0	0	0	0	0	0	1
yhaH	0	0	0	0	0	0	0	0	0	0	1
yhaJ	0	0	0	0	0	0	0	0	0	0	1
yhaK K06911	0	0	0	0	0	0	0	0	0	0	1
yhaL	0	0	0	0	0	0	0	0	0	0	1
yhaM	0	0	0	0	0	0	0	0	0	0	1
yhaM K03698	1	0	0	0	0	1	1	0	0	0	0
yhaN	0	0	0	0	0	0	1	0	0	0	0
yhaO	0	0	0	0	0	0	0	0	0	0	1
yhaO K03547	0	0	0	0	0	0	1	0	0	0	0
yhaV K19155	0	0	0	0	0	0	0	0	0	0	1
yhbE	0	0	0	0	0	0	0	0	0	0	1
yhbO K05520	0	0	0	0	0	0	0	0	0	0	1
yhbP K09979	0	0	0	0	0	0	0	0	0	0	1
yhbQ K07461	0	0	0	0	0	0	0	0	0	0	1
yhbS K03824	0	0	0	0	0	0	0	0	0	0	1
yhbT	0	0	0	0	0	0	0	0	0	0	1
yhbU K08303	0	0	0	0	0	0	0	0	0	0	1
yhbU_1 K08303	1	0	0	0	1	1	0	0	0	0	0
yhbW	0	0	0	0	0	0	0	0	0	0	1
yhbX	0	0	0	0	0	0	0	0	0	0	1
yhbY K07574	1	0	1	0	0	1	1	0	0	0	1
yhcB K09908	0	0	0	0	0	0	0	0	0	0	1
yhcC K07139	0	0	0	0	0	0	0	0	0	0	1
yhcG K01990	1	0	0	0	0	0	0	0	0	0	0
yhcN	0	0	0	0	0	0	0	0	0	0	1
yhcO K03623	0	0	0	0	0	0	0	0	0	0	1
yhdE K06287	0	0	0	0	0	0	0	0	0	0	1
yhdH K19745	0	0	0	0	0	0	0	0	0	0	1
yhdJ K00571 K07319	0	0	0	0	0	0	0	0	0	0	1
yhdP	0	0	0	0	0	0	0	0	0	0	1
yhdR K11358	1	0	0	0	0	2	0	0	0	0	0
yhdT	0	0	0	0	0	0	0	0	0	0	1
yhdU	0	0	0	0	0	0	0	0	0	0	1
yhdV	0	0	0	0	0	0	0	0	0	0	1
yhdY K02029 K09971 K10002 K10037	0	0	0	0	0	0	0	0	0	0	2
yheA	0	0	0	0	0	0	1	0	0	0	0
yheH K06147	1	0	0	0	0	0	0	0	0	0	0
yheH K06147 K18217 K18890	0	0	0	0	0	0	1	0	0	0	0
yheI K18216 K18889	0	0	0	0	0	0	1	0	0	0	0
yheO	0	0	0	0	0	0	0	0	0	0	1
yheS K06158	0	0	0	0	0	0	0	0	0	0	1
yheS_2 K18231	0	0	0	1	0	0	1	0	0	0	0
yheS_3 K06158	0	1	0	0	0	0	0	0	0	0	0
yheT K07019	0	0	0	0	0	0	0	0	0	0	1
yheU K09898	0	0	0	0	0	0	0	0	0	0	1
yhfA K07397	0	0	0	0	0	0	0	0	0	0	1
yhfI	0	0	0	0	0	0	1	0	0	0	0
yhfK	0	0	0	0	0	0	0	0	0	0	1
yhfL	0	0	0	0	0	0	0	0	0	0	1
yhfO	0	0	0	0	0	0	1	0	0	0	0
yhfP K00001	0	0	0	0	0	0	1	0	0	0	0
yhfT	0	0	0	0	0	0	0	0	0	0	2
yhfW	0	0	0	0	0	0	0	0	0	0	3
yhfY	0	0	0	0	0	0	0	0	0	0	1
yhfZ	0	0	0	0	0	0	0	0	0	0	1
yhgA	0	0	0	0	0	0	0	0	0	0	1
yhgE	0	0	0	0	0	0	0	0	0	0	1
yhgF K06959	1	1	1	1	0	1	0	2	0	0	1
yhgN K05595	0	0	0	0	0	0	0	0	0	0	1
yhhA	0	0	0	0	0	0	0	0	0	0	1
yhhI	0	0	0	0	0	0	0	0	0	0	2
yhhM	0	0	0	0	0	0	0	0	0	0	1
yhhN	0	1	0	0	0	0	0	0	0	0	1
yhhQ K09125	0	0	0	1	0	0	0	1	0	0	1
yhhS	0	0	0	0	0	0	0	0	0	0	1
yhhT	0	0	1	0	0	0	0	0	0	0	0
yhhT K11744	0	0	0	0	0	0	0	0	0	0	1
yhhW K06911	0	0	0	0	0	0	0	0	0	0	1
yhhX	0	0	0	0	0	0	1	0	0	0	1
yhhY K03825	0	0	0	0	0	0	0	0	0	0	1
yhiD K07507	0	0	0	0	0	0	0	0	0	0	1
yhiI K01993	0	0	0	0	0	0	0	0	0	0	1
yhiM	0	1	0	1	0	0	0	0	0	0	1
yhiN K07007	0	1	0	0	0	0	0	2	0	0	1
yhjA K00428	0	0	0	0	0	0	0	0	0	0	1
yhjB	0	0	0	0	0	0	0	0	0	0	1
yhjC	0	0	0	0	0	0	0	0	0	0	1
yhjD K07058	0	0	0	0	0	0	0	0	0	0	1
yhjE	0	0	0	0	0	0	0	0	0	0	1
yhjG K07290	0	0	0	0	0	0	0	0	0	0	1
yhjH K21086	0	0	0	0	0	0	0	0	0	0	1
yhjJ K07263	0	0	0	0	0	0	0	0	0	0	1
yhjK	0	0	0	0	0	0	0	0	0	0	1
yhjQ	0	0	0	0	0	0	0	0	0	0	1
yhjR	0	0	0	0	0	0	0	0	0	0	1
yhjV	0	0	0	0	0	0	0	0	0	0	1
yhjX K08177	0	0	0	0	0	0	0	0	0	0	1
yhjY	0	0	0	0	0	0	0	0	0	0	1
yhxD	0	0	0	0	0	0	2	0	0	0	0
yiaA	0	0	0	0	0	0	0	0	0	0	1
yiaB	0	0	0	0	0	0	0	0	0	0	1
yiaC K03826	0	0	0	0	0	0	0	0	0	0	1
yiaD K12216	0	0	0	0	0	0	0	0	0	0	1
yiaF	0	0	0	0	0	0	0	0	0	0	1
yiaG K07726	0	0	0	0	0	0	0	0	0	0	1
yiaI K05796	0	0	0	0	0	0	0	0	0	0	1
yiaJ K21602	0	0	0	0	0	0	0	0	0	0	1
yiaN K21393	0	0	0	0	0	0	0	0	0	0	1
yiaY K13954	0	0	0	0	0	0	0	0	0	0	1
yibD K19354	0	0	0	0	0	0	0	0	0	0	2
yibF K00799	0	0	0	0	0	0	0	0	0	0	1
yibH	0	0	0	0	0	0	0	0	0	0	2
yibL K14762	0	0	0	0	0	0	0	0	0	0	1
yibN K01011	0	0	0	0	0	0	0	0	0	0	1
yibQ K09798	0	0	0	0	0	0	0	0	0	0	1
yibT	0	0	0	0	0	0	0	0	0	0	1
yicC	1	0	1	0	1	1	0	0	0	0	1
yicG	1	0	0	0	0	0	0	0	0	0	1
yicH	0	0	0	0	0	0	0	0	0	0	1
yicI K01811	0	0	0	0	0	0	0	0	0	0	1
yicN	0	0	0	0	0	0	0	0	0	0	1
yicS	0	0	0	0	0	0	0	0	0	0	1
yidA	0	0	0	0	0	1	0	0	0	0	1
yidB	0	0	0	0	0	0	0	0	0	0	1
yidC K03217	1	1	1	1	1	1	2	1	0	1	1
yidC K03217 K06872	0	0	0	0	0	0	0	0	0	1	0
yidD K08998	1	1	1	1	0	0	0	1	0	0	0
yidE K07085	0	0	0	0	0	0	0	0	0	0	1
yidF K06871	0	0	0	0	0	0	0	0	0	0	1
yidG	0	0	0	0	0	0	0	0	0	0	1
yidI	0	0	0	0	0	0	0	0	0	0	1
yidQ	0	0	0	0	0	0	0	0	0	0	1
yidR	0	0	0	0	0	0	0	0	0	0	1
yidZ	0	0	0	0	0	0	0	0	0	0	1
yieE	0	0	0	0	0	0	0	0	0	0	1
yieF K19784	0	0	0	0	0	0	0	0	0	0	1
yieG K06901	0	0	0	0	0	0	0	0	0	0	1
yieH	0	0	0	0	0	0	0	0	0	0	1
yieP	0	0	0	0	0	0	0	0	0	0	1
yifE K09897	0	0	0	0	0	0	0	0	0	0	1
yifK K03293	0	0	0	0	0	0	0	0	0	0	1
yifL	0	0	0	0	0	0	0	0	0	0	1
yigB K20862	0	0	0	0	0	0	0	0	0	0	1
yigE	0	0	0	0	0	0	0	0	0	0	1
yigF	0	0	0	0	0	0	0	0	0	0	1
yigG	0	0	0	0	0	0	0	0	0	0	1
yigI	0	0	0	0	0	0	0	0	0	0	1
yigL	0	0	0	0	0	0	0	0	0	0	1
yigM	0	0	0	0	0	0	0	0	0	0	1
yigP K03690	0	0	0	0	0	0	0	0	0	0	1
yigZ	0	0	0	1	0	0	0	1	1	0	0
yigZ K00560	0	0	0	0	0	0	0	0	0	0	1
yihD K09896	0	0	0	0	0	0	0	0	0	0	1
yihG	0	0	0	0	0	0	0	0	0	0	1
yihI K09894	0	0	0	0	0	0	0	0	0	0	1
yihX K07025 K20866	0	0	0	0	0	0	0	0	0	0	1
yihX K07025 K20866 K21063	0	1	0	1	0	0	0	0	0	0	0
yihY K07058	1	2	0	1	0	1	0	1	0	0	0
yiiD	0	0	0	0	0	0	0	0	0	0	1
yiiE	0	0	0	0	0	0	1	0	0	0	1
yiiG	0	0	0	0	0	0	0	0	0	0	1
yiiM	0	0	0	0	0	0	0	0	0	0	1
yiiQ	0	0	0	0	0	0	0	0	0	0	1
yiiR	0	0	0	0	0	0	0	0	0	0	1
yiiS	0	0	0	0	0	0	0	0	0	0	1
yiiX	0	0	0	0	0	0	0	0	0	0	2
yijD	0	0	0	0	0	0	0	0	0	0	1
yijF K09974	0	0	0	0	0	0	0	0	0	0	1
yijG K11936	0	0	0	0	0	0	2	0	0	0	0
yijO	0	0	0	0	0	0	0	0	0	0	1
yisX	0	0	0	0	0	0	1	0	0	0	0
yitK K09767	0	0	0	0	0	0	1	0	0	0	0
yitL K00243	0	1	0	1	0	0	1	0	0	0	0
yitS	0	0	0	0	0	0	1	0	0	0	0
yitT	0	0	0	0	0	0	1	0	0	0	0
yitU K21064	0	0	0	0	0	0	1	0	0	0	0
yitV K06889	0	0	0	0	0	0	1	0	0	0	0
yitW	0	1	0	1	0	0	1	1	0	0	0
yiuB K02015	0	0	0	0	0	0	0	0	0	0	1
yjaB K03827	0	0	0	0	0	0	0	0	0	0	1
yjaG K09891	0	0	0	0	0	0	0	0	0	0	1
yjaH	0	0	0	0	0	0	0	0	0	0	1
yjbB K03324	0	0	0	0	0	0	0	0	0	0	1
yjbD	0	0	0	0	0	0	0	0	0	0	1
yjbF	0	0	0	0	0	0	1	0	0	0	1
yjbG	0	0	0	0	0	0	0	0	0	0	1
yjbH	0	0	0	0	0	0	1	0	0	0	1
yjbJ	0	0	0	0	0	0	0	0	0	0	1
yjbJ K08309	0	0	0	0	0	1	0	0	0	0	0
yjbK	0	0	0	0	0	0	1	0	0	0	0
yjbM K07816	1	0	0	0	0	0	1	0	0	0	0
yjbO K06177 K06180	0	0	0	0	0	0	1	0	0	0	0
yjbQ	0	0	0	0	0	0	0	0	0	0	2
yjcA K19350	0	0	0	0	0	0	1	0	0	0	0
yjcB	0	0	0	0	0	0	0	0	0	0	1
yjcC	0	0	0	0	0	0	0	0	0	0	1
yjcD K03657	1	0	0	0	0	1	0	0	0	0	0
yjcD K06901	0	0	0	0	0	0	0	0	0	0	1
yjcE K03316	0	0	0	0	0	0	0	0	0	0	1
yjcF	0	0	0	0	0	0	1	0	0	0	0
yjcH	0	0	0	0	0	0	0	0	0	0	1
yjcO K07126	0	0	0	0	0	0	0	0	0	0	1
yjcS	0	0	0	0	0	0	0	0	0	0	2
yjcZ	0	0	0	0	0	0	0	0	0	0	1
yjdA	0	0	0	0	0	0	0	0	0	0	1
yjdB	0	0	0	0	0	0	1	0	0	0	0
yjdC	0	0	0	0	0	0	0	0	0	0	1
yjdF K08984	0	0	0	0	0	0	0	0	0	0	1
yjdI	0	0	0	0	0	0	0	0	0	0	1
yjdJ K06975	0	0	0	0	0	0	0	0	0	0	2
yjdP	0	0	0	0	0	0	0	0	0	0	1
yjeE K06925	0	1	0	1	0	0	0	1	0	0	1
yjeH K03757 K03759 K16263	0	0	0	0	0	0	0	0	0	0	1
yjeI	0	0	0	0	0	0	0	0	0	0	1
yjeJ	0	0	0	0	0	0	0	0	0	0	1
yjeM	0	0	0	0	0	0	0	0	0	0	1
yjeP K05802 K22051	0	0	0	0	0	0	0	0	0	0	1
yjeT K09937	0	0	0	0	0	0	0	0	0	0	1
yjfC	0	0	0	0	0	0	0	0	0	0	1
yjfF K02057	1	0	0	0	0	1	0	0	0	0	0
yjfF K02057 K10440 K17209	0	0	0	0	0	0	0	0	0	0	2
yjfI K09980	0	0	0	0	0	0	0	0	0	0	1
yjfJ K03969	0	0	0	0	0	0	0	0	0	0	1
yjfK	0	0	0	0	0	0	0	0	0	0	2
yjfM	0	0	0	0	0	0	0	0	0	0	1
yjfN	0	0	0	0	0	0	0	0	0	0	1
yjfP K06889	0	0	0	0	0	0	0	0	0	0	1
yjfY	0	0	0	0	0	0	0	0	0	0	1
yjgA K09889	0	0	0	0	0	0	0	0	0	0	1
yjgF K09022	0	0	1	0	0	0	0	0	0	0	1
yjgN	0	0	0	0	0	0	0	0	0	0	1
yjgR K06915	0	0	0	0	0	0	0	0	0	0	1
yjhB K01515	0	0	0	0	0	0	1	0	0	0	0
yjhE	0	0	0	0	0	0	1	0	0	0	0
yjiA	0	0	0	0	0	0	0	0	0	0	2
yjiJ	0	0	0	0	0	0	0	0	0	0	1
yjiK	0	0	0	0	0	0	0	0	0	0	1
yjiN	0	0	0	0	0	0	0	0	0	0	1
yjiR	0	0	0	0	0	0	0	0	0	0	1
yjiS	0	0	0	0	0	0	0	0	0	0	1
yjjA	0	0	0	0	0	0	0	0	0	0	1
yjjG K01560 K07025 K08723	0	0	0	0	0	0	0	0	0	0	1
yjjG K07025	0	0	0	1	0	0	0	0	0	0	0
yjjI	0	0	2	0	0	0	0	0	0	0	1
yjjK	0	0	0	0	0	0	0	0	1	0	0
yjjK K06020	0	0	0	0	0	0	0	0	0	0	1
yjjK K15738	0	0	0	0	0	0	0	0	1	0	0
yjjL	0	0	0	0	0	0	0	0	0	0	1
yjjM	0	0	0	0	0	0	0	0	0	0	1
yjjN	0	0	0	0	0	0	0	0	0	0	1
yjjP	0	0	0	0	0	0	0	0	0	0	2
yjjQ	0	0	0	0	0	0	0	0	0	0	1
yjjU	0	0	0	0	0	0	0	0	0	0	2
yjjW K04069	0	0	0	0	0	0	0	0	0	0	1
yjjX	0	0	0	0	0	0	0	0	0	0	1
yjjZ	0	0	0	0	0	0	0	0	0	0	1
yjmD_1	0	0	0	1	0	0	0	0	0	0	0
yjmD_2 K18369	0	0	0	1	0	0	0	1	0	0	0
ykfA	0	1	0	0	0	0	0	0	0	0	0
ykfA K01297	0	0	0	2	0	0	0	0	0	0	0
ykfB K01776 K19802	0	0	0	1	0	0	0	0	0	0	0
ykfB K19802	0	0	0	0	0	0	1	0	0	0	0
ykfC	0	0	0	1	0	0	0	0	0	0	0
ykfC K20742	0	0	0	0	0	0	1	0	0	0	0
ykgA	0	0	0	0	0	0	0	0	0	0	1
ykgB	0	0	0	1	0	0	0	0	0	0	0
ykgB K21741	0	0	0	0	0	0	0	0	0	0	1
ykgC K21739	0	0	0	0	0	0	0	0	0	0	1
ykgD K18991 K21746	0	0	0	0	0	0	0	0	0	0	1
ykgE K18928	0	0	0	0	0	0	0	0	0	0	1
ykgF K18929	0	0	0	0	0	0	0	0	0	0	2
yknV K06147 K18217 K18890	0	0	0	0	0	0	1	0	0	0	0
ykoC K16785	0	0	0	0	0	0	0	0	1	0	0
ykoD K16784 K16786 K16787	0	0	0	0	0	0	0	0	1	0	0
ykoD K16785 K16786 K16787	0	0	0	0	0	0	0	0	1	0	0
ykoE K16925	0	0	0	0	0	0	0	0	1	0	0
ykoF	0	0	0	0	0	0	1	0	0	0	0
ykoT	0	0	0	1	0	0	0	0	0	0	0
ykpA	1	0	1	0	0	1	1	0	0	0	0
ykrP	0	0	0	0	0	0	1	0	0	0	0
yktA	0	0	0	0	0	0	1	0	0	0	0
yktB	0	0	0	0	0	0	1	0	0	0	0
ykuJ	0	0	0	0	0	0	1	0	0	0	0
ykuL	0	0	0	0	0	0	1	0	0	0	0
ykuP K03839	0	0	0	0	0	0	1	0	0	0	0
ykuT K16052 K22044	0	0	0	0	0	0	1	0	0	0	0
ykyB	1	0	0	0	0	0	0	0	0	0	0
ykzG	0	0	0	0	0	0	1	0	0	0	0
ylaB	0	0	0	0	0	0	0	0	0	0	1
ylaC	0	0	0	0	0	0	0	0	0	0	1
ylaN	0	0	0	0	0	0	1	0	0	0	0
ylbA K14977	0	0	0	0	0	0	0	0	0	0	1
ylbB K02004	0	0	0	0	0	0	1	0	0	0	0
ylbE	0	0	0	0	0	0	0	0	0	0	2
ylbF	0	0	0	0	0	0	1	0	0	0	0
ylbG	0	0	0	0	0	0	1	0	0	0	0
ylbJ	1	0	1	0	1	1	0	0	0	0	0
ylbM	0	0	0	0	0	0	1	0	0	0	0
ylbN K07040	0	0	0	0	0	0	1	0	0	0	0
yleB K07106 K09963	0	0	0	0	0	0	1	0	0	0	0
yleF	0	0	0	0	0	0	1	0	0	0	0
yliE	0	0	0	0	0	0	0	0	0	0	2
yliF	0	0	0	0	0	0	0	0	0	0	2
yliI K21430	0	0	0	0	0	0	0	0	0	0	1
yliJ K00799	0	0	0	0	0	0	0	0	0	0	1
ylmA K02013	0	0	0	0	0	0	1	0	1	0	0
ylmC	0	0	0	0	0	1	0	0	0	0	0
ylmE K06997	1	0	1	0	2	1	1	0	0	0	0
ylmH	0	0	0	0	0	0	1	0	0	0	0
yloC	0	0	0	0	0	0	1	0	0	0	0
yloU	0	0	0	0	0	0	1	0	0	0	0
yloV K07030	0	0	0	0	0	0	1	0	0	0	0
ylqC K06960	1	0	1	0	1	1	1	0	0	0	0
ylqF K14540	1	0	1	0	1	1	0	0	0	0	0
ylxM K09787	0	0	0	0	0	0	1	0	0	0	0
ylxQ	0	0	0	0	0	0	1	0	0	0	0
ylxR K07742	1	0	1	0	1	1	1	0	0	0	0
ymcA K02028	0	0	0	0	0	0	1	0	0	0	0
ymdA	0	0	0	0	0	0	0	0	0	0	1
ymdB	0	0	0	0	0	0	0	0	0	0	1
ymdB K02029 K02030 K09769	0	0	0	0	0	0	1	0	0	0	0
ymdF K06884	0	0	0	0	0	0	0	0	0	0	1
ymfA	0	0	0	0	0	0	0	0	0	0	1
ymfH	0	0	1	0	1	0	1	0	0	0	0
ymfL	0	0	0	0	0	0	0	0	0	0	1
ymfM K15539	0	0	0	0	0	0	1	0	0	0	0
ymfR	0	0	0	0	0	0	0	0	0	0	1
ymgD	0	0	0	0	0	0	0	0	0	0	1
ymgE	0	0	0	0	0	0	0	0	0	0	1
ymgG	0	0	0	0	0	0	0	0	0	0	1
ymiA	0	0	0	0	0	0	0	0	0	0	1
ymjA	0	0	0	0	0	0	0	0	0	0	1
ynaA	0	0	0	0	0	0	0	0	0	0	1
ynaI K16052	0	0	0	0	0	0	0	0	0	0	1
ynaJ	0	0	0	0	0	0	0	0	0	0	1
ynbB	1	0	1	0	1	1	0	0	0	0	0
ynbE	0	0	0	0	0	0	0	0	0	0	1
yncA K03823	0	0	0	0	0	0	0	0	0	0	2
yncB K07119	0	0	0	0	0	0	0	0	0	0	1
yncD K02014	0	0	0	0	0	0	0	0	0	0	1
yncE	0	0	0	0	0	0	0	0	0	0	1
yncG K11208	0	0	0	0	0	0	0	0	0	0	1
yncJ	0	0	0	0	0	0	0	0	0	0	1
yneE K08994	0	0	0	0	0	0	0	0	0	0	1
yneF	0	0	0	0	0	0	0	0	0	0	1
yneF K09976	0	0	0	0	0	0	1	0	0	0	0
yneI K00135 K08324	0	0	0	0	0	0	0	0	0	0	1
yneJ	0	0	0	0	0	0	0	0	0	0	1
yneP K07107	0	0	0	0	0	0	1	0	0	0	0
yneR	0	0	0	0	0	0	1	0	0	0	0
ynfA K09771	0	0	0	0	0	0	0	0	0	0	1
ynfB	0	0	0	0	0	0	0	0	0	0	1
ynfC	0	0	0	0	0	0	0	0	0	0	1
ynfD	0	0	0	0	0	0	0	0	0	0	1
ynfK K01935	0	0	0	0	0	0	0	0	0	0	1
ynfL	0	0	0	0	0	0	0	0	0	0	1
ynfM K08224	0	0	0	1	0	0	0	1	0	0	1
yngK	0	0	0	2	0	0	0	1	0	0	0
yniA	0	0	0	0	0	0	0	0	0	0	1
yniB	0	0	0	0	0	0	0	0	0	0	1
yniC K01838 K19270	0	0	0	0	0	0	0	0	0	0	1
yniG K18926	0	0	0	0	0	0	1	0	0	0	0
ynjA	0	0	0	0	0	0	0	0	0	0	1
ynjB K05777	0	0	0	0	0	0	0	0	0	0	1
ynjC K05778	0	0	0	0	0	0	0	0	0	0	2
ynjE K21028	0	0	0	0	0	0	0	0	0	0	1
ynjF K17884	0	0	0	0	0	0	0	0	0	0	1
ynjH	0	0	0	0	0	0	0	0	0	0	1
ynzC	0	0	0	0	1	1	1	0	0	0	0
yoaA K03722	0	0	0	0	0	0	0	0	0	0	1
yoaB	0	0	0	0	0	0	0	0	0	0	1
yoaB K01537	0	0	0	1	0	0	1	0	0	0	0
yoaC	0	0	0	0	0	0	0	0	0	0	1
yoaD K21090	0	0	0	0	0	0	0	0	0	0	1
yoaE	0	0	0	0	0	0	0	0	0	0	1
yoaF K09712	0	0	0	0	0	0	0	0	0	0	1
yoaH K09917	0	0	0	0	0	0	0	0	0	0	1
yoaP	1	0	0	0	0	0	0	0	0	0	0
yobA K07156	0	0	0	0	0	0	0	0	0	0	1
yobB	0	0	0	0	0	0	0	0	0	0	1
yobD	0	0	0	0	0	0	0	0	0	0	1
yobH	0	0	0	0	0	0	0	0	0	0	1
yocK	0	1	0	1	0	0	0	1	0	0	0
yodB	0	0	0	0	0	0	1	0	0	0	0
yodC	0	0	0	0	0	0	0	0	0	0	1
yodD	0	0	0	0	0	0	0	0	0	0	1
yodM K19302	0	0	0	0	0	0	1	0	0	0	0
yoeB K19158	0	0	0	0	0	0	0	0	0	0	1
yogA	0	0	0	0	0	0	0	0	1	0	0
yohD	0	0	0	0	0	0	0	0	0	0	1
yohF K03366	0	0	0	0	0	0	0	0	0	0	1
yohK	0	0	0	0	0	0	0	0	0	0	2
yohK_2	0	0	0	0	0	0	0	0	0	0	1
yohO	0	0	0	0	0	0	0	0	0	0	1
yojI K06159 K06160	0	0	0	0	0	0	0	0	0	0	1
yokL3	0	0	0	0	0	0	1	0	0	0	0
yozE	0	0	0	0	0	0	1	0	0	0	0
ypbB K01783	0	0	0	0	0	0	1	0	0	0	0
ypcB	0	0	0	0	0	0	1	0	0	0	0
ypcG K17318	0	0	0	0	0	0	1	0	0	0	0
ypdA K02478	0	0	0	0	0	0	0	0	0	0	1
ypdA K17319	0	0	0	0	0	0	1	0	0	0	0
ypdA_4	0	0	0	1	0	0	0	0	0	0	0
ypdB K02477 K07705	0	0	0	0	0	0	0	0	0	0	1
ypdC	0	0	0	0	0	0	0	0	0	0	1
ypdD	0	0	0	0	0	0	1	0	0	0	0
ypdE	0	0	0	0	0	0	1	0	0	0	0
ypdE K18530 K20609	0	0	0	0	0	0	0	0	0	0	2
ypeA	0	0	0	0	0	0	0	0	0	0	1
ypeA K22477	0	0	0	0	0	0	0	0	1	0	0
ypeB K06313	0	0	1	0	0	0	0	0	0	0	0
ypeC	0	0	0	0	0	0	0	0	0	0	1
ypfG	0	0	0	0	0	0	0	0	0	0	1
ypfH K06999	0	0	0	0	0	0	0	0	0	0	1
ypfJ K07054	0	0	0	0	0	0	0	0	0	0	1
ypfN	0	0	0	0	0	0	0	0	0	0	1
ypgQ K06950	0	0	0	0	0	0	1	0	0	0	0
yphA K15977	0	0	0	0	0	0	0	0	0	0	1
yphB K01785	0	0	0	0	0	0	0	0	0	0	1
yphC	0	0	0	0	0	0	0	0	0	0	1
yphE K02056	0	0	0	0	0	0	0	0	0	0	2
yphF K02058	0	0	0	0	0	0	0	0	0	0	1
yphG	0	0	0	0	0	0	0	0	0	0	1
yphH	0	0	0	0	0	0	0	0	0	0	1
yphJ K01607	0	0	0	0	0	0	1	0	0	0	0
ypiB	0	0	0	0	0	0	1	0	0	0	0
ypjC	0	0	0	0	0	0	1	0	0	0	0
ypjD	0	0	0	0	0	0	1	1	0	0	1
ypjH K08317	0	0	0	0	0	0	1	0	0	0	0
ypmB	0	0	0	0	0	0	1	0	0	0	0
ypmR	0	0	0	0	0	0	1	0	0	0	0
ypmS	0	0	0	0	0	0	1	0	0	0	0
ypsA	0	0	0	0	0	0	1	0	0	0	0
ypsC K07444	1	0	1	0	2	1	1	0	0	0	0
ypwA K01299	0	0	0	0	0	0	1	0	0	0	0
yqaA	0	0	0	1	0	0	0	0	0	0	1
yqaB	0	0	0	0	0	0	0	0	0	0	1
yqaE	0	0	0	0	0	0	0	0	0	0	1
yqaJ	0	0	0	0	0	0	1	0	0	0	0
yqaT K06909	0	0	0	0	0	0	1	0	0	0	0
yqbA	0	0	0	0	0	0	1	0	0	0	0
yqbD	0	0	0	0	0	0	1	0	0	0	0
yqbE3	0	0	0	0	0	0	1	0	0	0	0
yqcC K01790	0	0	0	0	0	0	0	0	0	0	1
yqeA K00926	0	0	0	0	0	0	0	0	0	0	1
yqeB	0	0	0	0	0	0	1	0	0	0	0
yqeB K07402	0	0	0	0	0	0	0	0	0	0	1
yqeC	1	0	1	0	1	0	0	0	0	0	1
yqeF K00626	0	0	0	0	0	0	0	0	0	0	1
yqeG	0	0	0	0	0	0	0	0	0	0	1
yqeG K07015	1	0	1	0	1	1	1	0	0	0	0
yqeH	0	0	0	0	0	0	0	0	0	0	1
yqeH K06948	0	0	0	0	0	0	1	0	0	0	0
yqeK	0	0	0	0	0	0	1	0	0	0	0
yqeK K00969	0	0	1	0	0	0	0	0	0	0	0
yqeV K18707	1	1	1	1	1	2	0	1	0	0	0
yqeY K09117	1	0	0	0	0	1	1	0	0	0	0
yqfA K11068	1	0	1	0	0	1	0	0	0	0	1
yqfB K09900	0	0	0	0	0	0	0	0	0	0	1
yqfD K06438	1	0	1	0	1	1	0	0	0	0	0
yqfF K07037	0	0	0	0	0	0	1	0	0	0	0
yqfL K09773	0	0	0	0	0	0	1	0	0	0	0
yqfO	0	1	0	1	0	0	1	1	0	0	0
yqgA K07150	0	0	0	0	0	0	0	0	0	0	1
yqgE K07735	0	0	0	0	0	0	0	0	0	0	1
yqgF K07447	0	0	0	0	0	0	0	0	0	0	1
yqgN K01934	0	0	1	0	0	0	0	0	0	0	0
yqgQ	0	0	0	0	0	0	1	0	0	0	0
yqgX K01069	0	0	0	0	0	0	1	0	0	0	0
yqhA	0	0	0	0	0	0	0	0	0	0	1
yqhC	0	0	0	0	0	0	0	0	0	0	1
yqhD K08325	0	1	0	1	0	0	0	0	0	0	1
yqhG	0	0	0	0	0	0	0	0	0	0	1
yqhH	0	0	0	0	0	0	0	0	0	0	2
yqhL	0	0	0	0	0	0	1	0	0	0	0
yqiA K07000	0	0	0	0	0	0	0	0	0	0	1
yqiB K09920	0	0	0	0	0	0	0	0	0	0	1
yqiC K09806	0	0	0	0	0	0	0	0	0	0	1
yqiG K12518	0	0	0	0	0	0	0	0	0	0	1
yqiH	0	0	0	0	0	0	0	0	0	0	1
yqiI	0	0	0	0	0	0	0	0	0	0	1
yqiJ	0	0	0	0	0	0	0	0	0	0	1
yqiK K07192	0	0	0	1	0	0	0	1	0	0	1
yqjA	0	0	0	0	0	0	1	0	0	0	2
yqjC	0	0	0	0	0	0	0	0	0	0	1
yqjD	0	0	0	0	0	0	0	0	0	0	1
yqjD K01966	0	0	1	0	0	0	0	0	0	0	0
yqjH K07229	0	0	0	0	0	0	0	0	0	0	1
yqjI	0	0	0	0	0	0	0	0	0	0	1
yqjK	0	0	0	0	0	0	0	0	0	0	1
yqjQ K07124	0	0	0	0	0	0	1	0	0	0	0
yraA K05520	0	0	0	0	0	0	1	0	0	0	0
yraN K07460	0	0	0	0	0	0	0	0	1	0	1
yraP	0	0	0	0	0	0	0	0	0	0	1
yraQ K07089	0	0	0	0	0	0	0	0	0	0	1
yraR	0	0	0	0	0	0	0	0	0	0	1
yrbA	0	0	0	0	0	0	0	0	0	0	1
yrbG K07301	0	1	0	1	0	0	0	0	0	0	1
yrbL	0	0	0	0	0	0	0	0	0	0	1
yrdA	0	0	0	0	0	0	0	0	0	0	1
yrdB	0	0	0	0	0	0	0	0	0	0	1
yrdD K07479	0	0	0	0	0	0	0	0	0	0	1
yrfF	0	0	0	0	0	0	0	0	0	0	2
yrhL	0	0	0	0	0	0	0	0	1	0	0
yrkC	0	0	0	0	0	0	1	0	0	0	0
yrkD	0	0	0	0	0	0	1	0	0	0	0
yrkL	0	0	0	0	0	0	1	0	0	0	0
yrrK K07447	1	0	1	0	1	1	1	0	0	0	0
yrrM	1	0	0	0	0	1	0	0	0	0	0
yrrM K00588	0	0	0	0	0	0	1	0	0	0	0
yrrN K08303	0	0	0	0	0	0	1	0	0	0	0
yrrO K08303	0	0	0	0	0	0	1	0	0	0	0
yrrT K17462	0	0	0	0	0	0	1	0	0	0	0
yrvD	0	0	0	0	0	0	1	0	0	0	0
yrvN K07478	0	0	1	0	1	0	0	0	0	0	0
yrxA K07105	0	0	0	0	0	0	1	0	0	0	0
yrzB	0	0	0	0	0	0	1	0	0	0	0
yrzL	0	0	1	0	1	0	1	0	0	0	0
ysaA	0	0	0	0	0	0	1	0	0	0	0
ysaB	0	0	0	0	0	0	0	0	0	0	1
ysdA	0	0	1	0	0	0	1	0	0	0	0
ysdB K01990	0	0	0	0	0	0	1	0	0	0	0
ysdC	0	0	0	0	0	0	1	0	0	0	0
ysdE	0	0	0	0	0	0	1	0	0	0	0
ysgA K01061	0	0	0	0	0	0	0	0	0	0	1
ysjB K03810	0	0	0	0	0	0	1	0	0	0	0
ysnB K07095	0	0	0	0	0	0	1	0	0	0	0
ysnF	0	0	0	0	0	0	1	0	0	0	0
ysxB K07584	0	0	0	0	1	1	1	0	0	0	0
ytaF	0	0	1	0	0	1	0	0	0	0	0
ytbE	0	0	0	0	0	0	1	0	0	0	0
ytcA	0	0	0	0	0	0	0	0	0	0	1
ytcD	0	0	0	0	0	0	1	0	0	0	0
ytcJ	0	0	0	0	0	0	1	0	0	0	0
ytcQ5 K17318	0	0	0	0	0	0	1	0	0	0	0
yteJ	0	0	0	0	0	0	1	0	0	0	0
yteR_10	0	0	0	1	0	0	0	0	0	0	0
yteR_9	0	0	0	1	0	0	0	0	0	0	0
ytfB K07268 K07269	0	0	0	0	0	0	0	0	0	0	1
ytfE K07322	0	0	0	0	0	0	0	0	0	0	1
ytfF	0	0	0	0	0	0	0	0	0	0	1
ytfH	0	0	0	0	0	0	0	0	0	0	1
ytfJ	0	0	1	0	1	0	0	0	0	0	0
ytfJ K07109	0	0	0	0	0	0	0	0	0	0	1
ytfK	0	0	0	0	0	0	0	0	0	0	1
ytfL	0	0	0	0	0	0	0	0	0	0	1
ytfM K07278	0	0	0	0	0	0	0	0	0	0	1
ytfN K09800	0	0	0	0	0	0	0	0	0	0	1
ytfP	0	0	0	0	0	0	0	0	0	0	1
ytfP K07007	0	0	0	0	0	0	1	0	0	0	0
ytfQ K02058	0	0	0	0	0	0	0	0	0	0	1
ytfR K02056 K10441 K10542 K10545 K10551	0	0	0	0	0	0	0	0	0	0	1
ytgB	0	0	0	0	0	0	1	0	0	0	0
ytgP K03328	0	0	0	0	0	0	1	0	0	0	0
ytjA	0	0	0	0	0	0	0	0	0	0	1
ytjA K08998	0	0	0	0	0	0	1	0	0	0	0
ytkL	0	0	0	0	0	0	1	0	0	0	0
ytlR	1	0	0	0	0	1	1	0	0	0	0
ytmP	0	0	0	0	0	0	1	0	0	0	0
ytoA	0	0	0	0	0	0	1	0	0	0	0
ytoI	0	0	0	0	0	0	1	0	0	0	0
ytpP	0	0	0	0	0	0	1	0	0	0	0
ytpP K01829 K03671 K03734 K06196	0	0	0	0	0	0	0	0	0	1	0
ytpR K06878	0	0	0	0	0	0	1	0	0	0	0
ytqA K07139	1	0	1	0	0	1	1	0	0	0	0
ytrA K07979	0	0	0	0	0	0	2	0	0	0	0
ytrB K01990	0	0	1	0	0	0	0	0	0	0	0
ytrE_3 K02003	0	0	0	1	0	0	0	0	0	0	0
ytrP K13069	0	0	0	0	1	0	0	0	0	0	0
ytsP K08968	0	0	0	0	0	0	1	0	0	0	0
ytvI	0	0	1	0	0	1	0	0	0	0	0
ytxG	0	0	0	0	0	0	1	0	0	0	0
ytxH	0	0	0	0	0	0	1	0	0	0	0
ytxK K00571	0	0	0	0	0	0	1	0	0	0	0
ytzB	0	0	0	0	0	0	1	0	0	0	0
yuaJ K16789	0	0	0	0	0	1	0	0	0	0	0
yubA	0	0	0	0	0	0	1	0	0	0	0
yueF	0	0	0	0	0	0	2	0	0	0	0
yufQ K02057	0	0	0	0	0	0	1	0	0	0	0
yugH K10907	0	0	0	0	0	1	0	0	0	0	0
yugI K07570	0	0	0	0	0	0	1	0	0	0	0
yugI K07570 K07571	0	0	1	0	0	0	0	0	0	0	0
yugP K06973	1	0	1	0	0	1	1	0	0	0	0
yumB K03885	0	0	0	0	0	0	1	0	0	0	0
yumC K21567	0	0	0	0	0	0	1	0	0	0	0
yunB	0	0	1	0	0	0	0	0	0	0	0
yunD K01081	0	0	0	0	0	0	1	0	0	0	0
yunF	0	0	0	0	0	0	1	0	0	0	0
yurR K00285	0	0	0	0	0	0	1	0	0	0	0
yusI K00537	0	0	0	0	0	0	1	0	0	0	0
yusV K02013	0	0	0	0	0	0	0	0	0	0	1
yutD	0	0	0	0	0	0	1	0	0	0	0
yuxL	0	0	0	0	0	0	1	0	0	0	0
yuxO	0	0	0	0	0	0	1	0	0	0	0
yvaA	0	0	0	0	0	0	1	0	0	0	0
yvaM K00433	0	0	0	0	0	0	1	0	0	0	0
yvbK	0	0	0	0	0	0	1	0	0	0	0
yvbK K03827 K18815	0	1	0	1	0	0	0	0	0	0	0
yvcC	0	0	0	0	0	0	2	0	0	0	0
yvcJ K06958	1	0	1	0	1	1	1	0	1	0	0
yvcK	0	0	0	0	0	0	1	0	0	0	0
yvdD K06966	1	0	0	1	1	0	0	0	1	0	0
yvdE K07010	0	0	0	0	0	0	1	0	0	0	0
yveI	0	0	0	0	0	0	1	0	0	0	0
yvgN	1	1	0	0	0	0	1	0	0	0	0
yvhJ	0	0	0	0	0	0	0	0	1	0	0
yvlB	0	0	0	0	0	0	1	0	0	0	0
yvlD K08972	0	0	0	0	0	0	1	0	0	0	0
yvoA K03710	0	0	0	1	0	0	0	0	0	0	0
yvoA_1 K03710 K07978 K07979	0	0	1	0	0	0	0	0	0	0	0
yvoA_2 K03710	0	0	0	0	0	0	1	0	0	0	0
yvqF K11622	0	0	0	0	0	0	1	0	0	0	0
yvqK K00798	0	2	0	1	0	0	0	0	0	0	0
yvyE	1	0	1	0	1	1	0	0	0	0	0
yvyE K01271	0	0	0	0	0	0	1	0	0	0	0
yvyF	0	0	0	0	0	1	0	0	0	0	0
ywaC K07816	0	0	0	0	0	0	0	0	1	0	0
ywaD	0	0	0	1	0	0	0	1	0	0	0
ywaF	0	0	1	0	0	0	0	0	0	0	0
ywbD K06969	0	0	0	0	0	0	1	0	0	0	0
ywbI	0	0	0	0	0	0	0	0	0	0	1
ywdH K00128 K22445	1	0	0	0	0	0	0	0	0	0	0
ywfO K06885	0	0	0	0	0	0	1	0	0	0	0
ywiB	1	0	0	0	0	1	1	0	0	0	0
ywjA K06147	0	0	0	0	0	0	1	0	0	0	0
ywkD K08234	0	0	0	0	0	0	1	0	0	0	0
ywlC K07566	0	0	0	0	0	0	1	0	1	0	0
ywlG	0	0	0	0	0	0	1	0	0	0	0
ywnA	0	0	0	0	0	0	1	0	0	0	0
ywqD	1	0	0	0	0	0	1	0	0	0	0
ywqE K01104	0	0	0	0	0	0	1	0	0	0	0
ywqN	0	0	0	1	0	0	0	0	0	0	0
ywrF	0	0	0	0	0	0	1	0	0	0	0
ywrO	0	0	0	0	0	0	0	0	1	0	0
ywtF_2	0	0	0	0	0	0	1	0	0	0	0
ywzB	0	0	0	0	0	0	1	0	0	0	0
yxbA K17810	0	0	0	0	0	0	1	0	0	0	0
yxdJ K11634	0	0	0	0	0	0	1	0	0	0	0
yxdK K11633	0	0	0	0	0	0	1	0	0	0	0
yxeA K02004	0	0	0	0	0	0	1	0	0	0	0
yxiA K06113	0	0	0	0	0	0	1	0	0	0	0
yxiA3 K06113	0	0	0	0	0	0	1	0	0	0	0
yxjI	0	0	0	0	0	0	1	0	0	0	0
yxlF K01990	0	0	0	0	0	0	1	0	0	0	0
yxlF_1 K01990	0	0	0	1	0	0	0	0	0	0	0
yxlJ K03652	0	0	0	0	0	0	1	0	0	0	0
yyaH K01759	0	0	0	0	0	0	1	0	0	0	0
yyaQ	0	0	0	0	0	0	0	0	0	1	0
yybA	0	0	0	0	0	0	1	0	0	0	0
yybC	0	0	0	0	0	0	1	0	0	0	0
yybT	1	0	1	0	2	1	1	0	0	0	0
yycF K07668	0	0	0	0	0	0	1	0	0	0	0
yycG_1	1	0	0	0	0	1	0	0	0	0	0
yycJ	1	0	1	0	1	1	0	0	0	0	0
yyzM	0	0	0	0	0	0	1	0	0	0	0
zapA K09888	0	1	0	0	0	0	0	0	0	0	1
zapB K09892	0	0	0	0	0	0	0	0	0	0	1
zapC K18657	0	0	0	0	0	0	0	0	0	0	1
zapD K18778	0	0	0	0	0	0	0	0	0	0	1
zapE K06916	0	0	0	0	0	0	0	0	0	0	1
ziaR K21903	2	0	1	0	2	1	0	0	0	0	0
zinT K09815	0	0	0	0	0	0	0	0	0	0	1
zipA K03528	0	0	0	0	0	0	0	0	0	0	1
zitB K16264	0	0	0	0	0	0	0	0	0	0	1
zntA K01534	0	0	0	0	0	0	0	0	0	0	1
zntB K16074	0	0	0	0	0	0	0	0	0	0	1
zntR K08365 K13638	0	0	0	0	0	0	0	0	0	0	2
znuA K09815	0	0	0	0	0	0	0	0	0	0	1
znuB K02075	0	0	0	0	0	0	0	0	1	0	0
znuB K02075 K09816	0	1	0	1	0	0	0	0	0	0	0
znuB K09816	0	0	0	0	0	0	0	0	0	0	1
znuB_2 K09816	0	0	1	0	0	0	0	0	0	0	0
znuC K09817	0	1	0	1	0	0	0	0	0	0	1
zraP K07803	0	0	0	0	0	0	0	0	0	0	1
zraR K07713	0	0	0	0	0	0	0	1	0	0	1
zraR_2	0	0	0	1	0	0	0	0	0	0	0
zraS K07709	0	0	0	0	0	0	0	0	0	0	1
zupT K07238	2	1	0	0	0	0	0	0	0	1	1
zur K02076 K03711	0	0	0	0	0	0	1	0	0	0	0
zur K09823	0	0	0	0	0	0	0	0	0	0	1
zwf K00036	0	0	0	1	0	0	1	0	1	0	1
